file_path,file_hash,object_id,container_group_id,frequency,file_size_bytes,file_size_mb
/Users/soneyeoluwasina/Downloads/Skin/Test/melanoma/ISIC_0000031.jpg,256733e53fc2af0d79c495d7cd5a3dc2,1,0,1,106907,0.1
/Users/soneyeoluwasina/Downloads/Skin/Test/melanoma/ISIC_0000030.jpg,c3f8391a1c7bc4902cd4a7e4e60808cb,2,1,1,95104,0.09
/Users/soneyeoluwasina/Downloads/Skin/Test/melanoma/ISIC_0000026.jpg,b428a75ec58f889042a0ebe219b32106,3,2,1,71095,0.07
/Users/soneyeoluwasina/Downloads/Skin/Test/melanoma/ISIC_0000022.jpg,87abd5582b3511fb75465d416201097e,4,3,1,99509,0.09
/Users/soneyeoluwasina/Downloads/Skin/Test/melanoma/ISIC_0000036.jpg,5d69355789c10134fe253439b3cb29fb,5,4,1,100829,0.1
/Users/soneyeoluwasina/Downloads/Skin/Test/melanoma/ISIC_0000035.jpg,6417bfec6c432c2bb1e43da755a77c7c,6,5,1,92790,0.09
/Users/soneyeoluwasina/Downloads/Skin/Test/melanoma/ISIC_0000046.jpg,1d78df38205e55e7c5a408cfdc0e5b93,7,6,1,84152,0.08
/Users/soneyeoluwasina/Downloads/Skin/Test/melanoma/ISIC_0000054.jpg,116a0edd0a24f88e94c006e514b4d583,8,7,1,84400,0.08
/Users/soneyeoluwasina/Downloads/Skin/Test/melanoma/ISIC_0000040.jpg,5074c901f4c0c905e5f703c7e3863ffb,9,8,1,71864,0.07
/Users/soneyeoluwasina/Downloads/Skin/Test/melanoma/ISIC_0000043.jpg,e1a4b0cac4dde6e8fe283b8912c93ad2,10,9,1,141868,0.14
/Users/soneyeoluwasina/Downloads/Skin/Test/melanoma/ISIC_0000056.jpg,e4954c2189e1aa964345fad7c45b87a1,11,10,1,92552,0.09
/Users/soneyeoluwasina/Downloads/Skin/Test/melanoma/ISIC_0000049.jpg,28d5f2155bb273be1cd7cdb2a565896d,12,11,1,119985,0.11
/Users/soneyeoluwasina/Downloads/Skin/Test/melanoma/ISIC_0000004.jpg,0c7c45588021e373ea6ece777f1ced47,13,12,1,49383,0.05
/Users/soneyeoluwasina/Downloads/Skin/Test/melanoma/ISIC_0000013.jpg,6b7764f0e567814cfbc9fe461e1df2fa,14,13,1,34917,0.03
/Users/soneyeoluwasina/Downloads/Skin/Test/melanoma/ISIC_0000002.jpg,6cbc699279bcdee56513eb84fc367986,15,14,1,57856,0.06
/Users/soneyeoluwasina/Downloads/Skin/Test/melanoma/ISIC_0000029.jpg,eeb85ed4e121b2ec8d7e36de4042243b,16,15,1,106021,0.1
/Users/soneyeoluwasina/Downloads/Skin/Test/pigmented benign keratosis/ISIC_0024420.jpg,a6015d9761558bb1486f16bd7ed18ca7,17,16,1,311446,0.3
/Users/soneyeoluwasina/Downloads/Skin/Test/pigmented benign keratosis/ISIC_0024408.jpg,97f3d241f3053230d67c9a81205b496c,18,17,1,295201,0.28
/Users/soneyeoluwasina/Downloads/Skin/Test/pigmented benign keratosis/ISIC_0024409.jpg,0658018fd5a0dac068c83b0158d82de0,19,18,1,266509,0.25
/Users/soneyeoluwasina/Downloads/Skin/Test/pigmented benign keratosis/ISIC_0024422.jpg,942aa6f152e4a4f669082610f19a816c,20,19,1,186152,0.18
/Users/soneyeoluwasina/Downloads/Skin/Test/pigmented benign keratosis/ISIC_0024383.jpg,3c9fe0d120a313570b83427063174c95,21,0,1,316252,0.3
/Users/soneyeoluwasina/Downloads/Skin/Test/pigmented benign keratosis/ISIC_0024426.jpg,8bff3e47f96ab8f4ec15ebd911ad4bc8,22,1,1,290653,0.28
/Users/soneyeoluwasina/Downloads/Skin/Test/pigmented benign keratosis/ISIC_0024382.jpg,117d306e033d16e25288396910a0c4ff,23,2,1,307542,0.29
/Users/soneyeoluwasina/Downloads/Skin/Test/pigmented benign keratosis/ISIC_0024381.jpg,1c583a7f607583dee3f3dc0ccd81487c,24,3,1,259872,0.25
/Users/soneyeoluwasina/Downloads/Skin/Test/pigmented benign keratosis/ISIC_0024324.jpg,5649d1aacf3cada92c5f57cc49bf80e7,25,4,1,238733,0.23
/Users/soneyeoluwasina/Downloads/Skin/Test/pigmented benign keratosis/ISIC_0024337.jpg,d6bfce109527bb179d6ca13eac53c08c,26,5,1,308890,0.29
/Users/soneyeoluwasina/Downloads/Skin/Test/pigmented benign keratosis/ISIC_0024336.jpg,8da3cf5477060b9d38235d4e08857388,27,6,1,259768,0.25
/Users/soneyeoluwasina/Downloads/Skin/Test/pigmented benign keratosis/ISIC_0024338.jpg,d85a94063c1aa6be02004bbde51879ff,28,7,1,210676,0.2
/Users/soneyeoluwasina/Downloads/Skin/Test/pigmented benign keratosis/ISIC_0024312.jpg,336ff4db6eb4e9c1c55c02f4018192b7,29,8,1,257789,0.25
/Users/soneyeoluwasina/Downloads/Skin/Test/pigmented benign keratosis/ISIC_0024358.jpg,b68a1fcc5c9c20d0fe23244183d67d63,30,9,1,239486,0.23
/Users/soneyeoluwasina/Downloads/Skin/Test/pigmented benign keratosis/ISIC_0024371.jpg,1e402c4680ceac6946a67be285e4350e,31,10,1,229967,0.22
/Users/soneyeoluwasina/Downloads/Skin/Test/pigmented benign keratosis/ISIC_0024412.jpg,41eb124ebdbbc029feca584d2289c8b4,32,11,1,244277,0.23
/Users/soneyeoluwasina/Downloads/Skin/Test/nevus/ISIC_0000018.jpg,9d3e78a1c12f38c8ab62e7faa5f0b70f,33,12,1,79530,0.08
/Users/soneyeoluwasina/Downloads/Skin/Test/nevus/ISIC_0000008.jpg,f8570e8beb69060632aa0e539749207e,34,13,1,43006,0.04
/Users/soneyeoluwasina/Downloads/Skin/Test/nevus/ISIC_0000009.jpg,03b99f521299005e1bc14cc7559160b8,35,14,1,48821,0.05
/Users/soneyeoluwasina/Downloads/Skin/Test/nevus/ISIC_0000010.jpg,571dfe40a6a7b62027629dad61756102,36,15,1,42872,0.04
/Users/soneyeoluwasina/Downloads/Skin/Test/nevus/ISIC_0000011.jpg,b193fb43f0d706e09a3f2111e0d0055a,37,16,1,41776,0.04
/Users/soneyeoluwasina/Downloads/Skin/Test/nevus/ISIC_0000005.jpg,5a5aab7639f5f0442866ce35fb860e95,38,17,1,62205,0.06
/Users/soneyeoluwasina/Downloads/Skin/Test/nevus/ISIC_0000007.jpg,fa812e030c224b1c3ae48824faf54336,39,18,1,54193,0.05
/Users/soneyeoluwasina/Downloads/Skin/Test/nevus/ISIC_0000006.jpg,7921fea48bf3a5849fbf63b2c3647f31,40,19,1,58588,0.06
/Users/soneyeoluwasina/Downloads/Skin/Test/nevus/ISIC_0000012.jpg,606131251f6b88c296eae96081e50543,41,0,1,57581,0.05
/Users/soneyeoluwasina/Downloads/Skin/Test/nevus/ISIC_0000016.jpg,30a0f2e451badf92e4dd3c8acbf62117,42,1,1,34400,0.03
/Users/soneyeoluwasina/Downloads/Skin/Test/nevus/ISIC_0000003.jpg,53f5f19ad60d8a09cd280393b07ceaf9,43,2,1,45792,0.04
/Users/soneyeoluwasina/Downloads/Skin/Test/nevus/ISIC_0000017.jpg,ae8c9f534970257121566443aefd2427,44,3,1,102773,0.1
/Users/soneyeoluwasina/Downloads/Skin/Test/nevus/ISIC_0000001.jpg,8972b2e13a5a84c941147451722c7c26,45,4,1,38959,0.04
/Users/soneyeoluwasina/Downloads/Skin/Test/nevus/ISIC_0000015.jpg,467365774d3f17cb9010538b279d138c,46,5,1,45595,0.04
/Users/soneyeoluwasina/Downloads/Skin/Test/nevus/ISIC_0000014.jpg,d4db89e09d6b1a2ad5249963a1802455,47,6,1,40325,0.04
/Users/soneyeoluwasina/Downloads/Skin/Test/nevus/ISIC_0000000.jpg,e39cabee9351f04c659dd97edd3dfaae,48,7,1,49982,0.05
/Users/soneyeoluwasina/Downloads/Skin/Test/basal cell carcinoma/ISIC_0024345.jpg,678fa27da78419063bd3924e44182f7c,49,8,1,234776,0.22
/Users/soneyeoluwasina/Downloads/Skin/Test/basal cell carcinoma/ISIC_0024436.jpg,198bdef8dc623511a8a9181ae2b29a7f,50,9,1,184557,0.18
/Users/soneyeoluwasina/Downloads/Skin/Test/basal cell carcinoma/ISIC_0024432.jpg,808c7c422f14ac74e4fd864615a0f15b,51,10,1,140733,0.13
/Users/soneyeoluwasina/Downloads/Skin/Test/basal cell carcinoma/ISIC_0024431.jpg,2cd1b059898c6303356ab00c4bbbaf15,52,11,1,303188,0.29
/Users/soneyeoluwasina/Downloads/Skin/Test/basal cell carcinoma/ISIC_0024457.jpg,82679910d86267e429557f31bbdc2357,53,12,1,332467,0.32
/Users/soneyeoluwasina/Downloads/Skin/Test/basal cell carcinoma/ISIC_0024331.jpg,7472ae9776c53b073d24998b028d243d,54,13,1,235001,0.22
/Users/soneyeoluwasina/Downloads/Skin/Test/basal cell carcinoma/ISIC_0024443.jpg,3337f55eb3c57e62033f5a34e1bdfee7,55,14,1,234088,0.22
/Users/soneyeoluwasina/Downloads/Skin/Test/basal cell carcinoma/ISIC_0024332.jpg,9848910ba2bcf7bcad13108a2c870bdc,56,15,1,240497,0.23
/Users/soneyeoluwasina/Downloads/Skin/Test/basal cell carcinoma/ISIC_0024454.jpg,c6afe0e8cc032ae515694dee8ad092fa,57,16,1,216599,0.21
/Users/soneyeoluwasina/Downloads/Skin/Test/basal cell carcinoma/ISIC_0024452.jpg,1e3453c073ef05d8ce43a5a8bfa13e56,58,17,1,127665,0.12
/Users/soneyeoluwasina/Downloads/Skin/Test/basal cell carcinoma/ISIC_0024461.jpg,8a89182e22a201f0de014a7aebf77cb5,59,18,1,228599,0.22
/Users/soneyeoluwasina/Downloads/Skin/Test/basal cell carcinoma/ISIC_0024448.jpg,0b902d52b4de81abb2cfbec7bdf35bc7,60,19,1,220241,0.21
/Users/soneyeoluwasina/Downloads/Skin/Test/basal cell carcinoma/ISIC_0024472.jpg,fd320ed98a2f6147fcc53177358db24c,61,0,1,278004,0.27
/Users/soneyeoluwasina/Downloads/Skin/Test/basal cell carcinoma/ISIC_0024403.jpg,8a1422318979f33cc3bed43d54ad2ff5,62,1,1,289657,0.28
/Users/soneyeoluwasina/Downloads/Skin/Test/basal cell carcinoma/ISIC_0024360.jpg,0b0f8bf9e4134d821022e6c37de7e3d2,63,2,1,288397,0.28
/Users/soneyeoluwasina/Downloads/Skin/Test/basal cell carcinoma/ISIC_0024411.jpg,a7804275e3cc1a9b72f2f6c539899e33,64,3,1,308427,0.29
/Users/soneyeoluwasina/Downloads/Skin/Test/actinic keratosis/ISIC_0024800.jpg,f118f4f92d88263026c7bf55de182639,65,4,1,268818,0.26
/Users/soneyeoluwasina/Downloads/Skin/Test/actinic keratosis/ISIC_0024948.jpg,d6c59fd7e6469f481595c8e3c6f5c703,66,5,1,274133,0.26
/Users/soneyeoluwasina/Downloads/Skin/Test/actinic keratosis/ISIC_0010889.jpg,e80fc9560e27f04fac992452d7c5a827,67,6,1,55730,0.05
/Users/soneyeoluwasina/Downloads/Skin/Test/actinic keratosis/ISIC_0024913.jpg,93dbde640711c35a3d336c13984a9d4c,68,7,1,324844,0.31
/Users/soneyeoluwasina/Downloads/Skin/Test/actinic keratosis/ISIC_0024654.jpg,7319d2b68b9f5e1f7d1e5c2629892c15,69,8,1,279941,0.27
/Users/soneyeoluwasina/Downloads/Skin/Test/actinic keratosis/ISIC_0024468.jpg,5635cc371bc14b49216890506d7d5975,70,9,1,291343,0.28
/Users/soneyeoluwasina/Downloads/Skin/Test/actinic keratosis/ISIC_0024646.jpg,d34718165172d1b3236666fe96393525,71,10,1,232181,0.22
/Users/soneyeoluwasina/Downloads/Skin/Test/actinic keratosis/ISIC_0025605.jpg,ec23d1a47448634e4e21762b79bddfe0,72,11,1,249258,0.24
/Users/soneyeoluwasina/Downloads/Skin/Test/actinic keratosis/ISIC_0010512.jpg,b500d2d87e69796d5334825569879120,73,12,1,148623,0.14
/Users/soneyeoluwasina/Downloads/Skin/Test/actinic keratosis/ISIC_0024470.jpg,22b54b307eed934d20cd72157e5bbd14,74,13,1,274221,0.26
/Users/soneyeoluwasina/Downloads/Skin/Test/actinic keratosis/ISIC_0024707.jpg,60e0f85947d6be10aeb562d523d47963,75,14,1,284809,0.27
/Users/soneyeoluwasina/Downloads/Skin/Test/actinic keratosis/ISIC_0024511.jpg,1623151f267974cce3e3c94c0e13be39,76,15,1,221256,0.21
/Users/soneyeoluwasina/Downloads/Skin/Test/actinic keratosis/ISIC_0025427.jpg,ab55a2f1393cb6eeba558d7b3fc26436,77,16,1,288982,0.28
/Users/soneyeoluwasina/Downloads/Skin/Test/actinic keratosis/ISIC_0025368.jpg,1135b0cd8337cdd5bc69544a54513f53,78,17,1,235603,0.22
/Users/soneyeoluwasina/Downloads/Skin/Test/actinic keratosis/ISIC_0024763.jpg,17baf5d8499df6734537891fb0a83d35,79,18,1,238553,0.23
/Users/soneyeoluwasina/Downloads/Skin/Test/actinic keratosis/ISIC_0024771.jpg,93a8cc4fc73599414c0a85eec5bbb214,80,19,1,265349,0.25
/Users/soneyeoluwasina/Downloads/Skin/Test/squamous cell carcinoma/ISIC_0024579.jpg,722c0fb5724ef9d8fe83be7f96f953a4,81,0,1,237063,0.23
/Users/soneyeoluwasina/Downloads/Skin/Test/squamous cell carcinoma/ISIC_0024418.jpg,c81c62cab6ef4353dead4c3f4834202c,82,1,1,213591,0.2
/Users/soneyeoluwasina/Downloads/Skin/Test/squamous cell carcinoma/ISIC_0024522.jpg,8034385935742a31fd03dea7084ed1a9,83,2,1,208247,0.2
/Users/soneyeoluwasina/Downloads/Skin/Test/squamous cell carcinoma/ISIC_0012079.jpg,0831124ee6f680a37e6ed01916ff68b2,84,3,1,17282222,16.48
/Users/soneyeoluwasina/Downloads/Skin/Test/squamous cell carcinoma/ISIC_0024450.jpg,e709fd6e981d7ea4fa296e06ad990c7b,85,4,1,286010,0.27
/Users/soneyeoluwasina/Downloads/Skin/Test/squamous cell carcinoma/ISIC_0011750.jpg,910c2abd6309beb367dcd2ef6d3cf890,86,5,1,16379380,15.62
/Users/soneyeoluwasina/Downloads/Skin/Test/squamous cell carcinoma/ISIC_0011751.jpg,c50086b1d9996d33838a91e598e1a055,87,6,1,17290447,16.49
/Users/soneyeoluwasina/Downloads/Skin/Test/squamous cell carcinoma/ISIC_0024517.jpg,ca99439c15a5c11f9b5c3c9a1d72c9f4,88,7,1,300939,0.29
/Users/soneyeoluwasina/Downloads/Skin/Test/squamous cell carcinoma/ISIC_0024463.jpg,5ea6bfd36f25b47bea8c2d982e12bacb,89,8,1,232341,0.22
/Users/soneyeoluwasina/Downloads/Skin/Test/squamous cell carcinoma/ISIC_0011593.jpg,dc018b751d1293257e36ac5182ed73ac,90,9,1,20920374,19.95
/Users/soneyeoluwasina/Downloads/Skin/Test/squamous cell carcinoma/ISIC_0024539.jpg,f798d1a1d388daa1c5d93a7dacf4dfb8,91,10,1,255105,0.24
/Users/soneyeoluwasina/Downloads/Skin/Test/squamous cell carcinoma/ISIC_0024329.jpg,88af7e6762a1a23d9c033c902b63a746,92,11,1,204742,0.2
/Users/soneyeoluwasina/Downloads/Skin/Test/squamous cell carcinoma/ISIC_0024575.jpg,0e72165be61769e12a3edc5836e777e1,93,12,1,325767,0.31
/Users/soneyeoluwasina/Downloads/Skin/Test/squamous cell carcinoma/ISIC_0011726.jpg,8c210218826aa94add45e0ce3c26dc9c,94,13,1,16757370,15.98
/Users/soneyeoluwasina/Downloads/Skin/Test/squamous cell carcinoma/ISIC_0024372.jpg,38fda259570a5745da19769676bd274c,95,14,1,266485,0.25
/Users/soneyeoluwasina/Downloads/Skin/Test/squamous cell carcinoma/ISIC_0024562.jpg,56eaf4a14669e0e87e72090753db66ab,96,15,1,298939,0.29
/Users/soneyeoluwasina/Downloads/Skin/Test/vascular lesion/ISIC_0024402.jpg,ba94af3666ef7ff2145e173bf19b39be,97,16,1,237871,0.23
/Users/soneyeoluwasina/Downloads/Skin/Test/vascular lesion/ISIC_0024370.jpg,281df9235ee78b4b99f1f77a91f1626e,98,17,1,312779,0.3
/Users/soneyeoluwasina/Downloads/Skin/Test/vascular lesion/ISIC_0024375.jpg,e0782c4c8d397fd601cb326843bcd1a3,99,18,1,308864,0.29
/Users/soneyeoluwasina/Downloads/Skin/Test/seborrheic keratosis/ISIC_0010803.jpg,b0ef69632a1b5080a6bdc17d69f7b801,100,19,1,158064,0.15
/Users/soneyeoluwasina/Downloads/Skin/Test/seborrheic keratosis/ISIC_0010808.jpg,532aa4a187d39bfc9aac2c88ddcecca4,101,0,1,189079,0.18
/Users/soneyeoluwasina/Downloads/Skin/Test/seborrheic keratosis/ISIC_0010809.jpg,9729753e6ca92d892f60a6b01a742f26,102,1,1,216205,0.21
/Users/soneyeoluwasina/Downloads/Skin/Test/dermatofibroma/ISIC_0024386.jpg,1e671589fd385edcdd7b28533166ab0f,103,2,1,354540,0.34
/Users/soneyeoluwasina/Downloads/Skin/Test/dermatofibroma/ISIC_0024973.jpg,fcc84eeec7bcfa8cad5f9c449ed6f50a,104,3,1,261084,0.25
/Users/soneyeoluwasina/Downloads/Skin/Test/dermatofibroma/ISIC_0024553.jpg,d65415a1812a41ab79740a553cafacb9,105,4,1,372183,0.35
/Users/soneyeoluwasina/Downloads/Skin/Test/dermatofibroma/ISIC_0024396.jpg,886c032096a6834b8bab7643a74a4ddf,106,5,1,301169,0.29
/Users/soneyeoluwasina/Downloads/Skin/Test/dermatofibroma/ISIC_0011677.jpg,3712943a3923fd6eece865f9fa009e24,107,6,1,13785319,13.15
/Users/soneyeoluwasina/Downloads/Skin/Test/dermatofibroma/ISIC_0001114.jpg,c2284e49c6894e483146c36a4c5a308a,108,7,1,2420461,2.31
/Users/soneyeoluwasina/Downloads/Skin/Test/dermatofibroma/ISIC_0024318.jpg,617dac0f089c48b4d30227b5e443ec66,109,8,1,298100,0.28
/Users/soneyeoluwasina/Downloads/Skin/Test/dermatofibroma/ISIC_0024330.jpg,d733aecbd3824c9952f375d884cfdaa7,110,9,1,237596,0.23
/Users/soneyeoluwasina/Downloads/Skin/Test/dermatofibroma/ISIC_0011410.jpg,6e27a9f262414919eb929b3f7eddebc9,111,10,1,14437030,13.77
/Users/soneyeoluwasina/Downloads/Skin/Test/dermatofibroma/ISIC_0011433.jpg,921c21e743579e04521f2f0d6877c90b,112,11,1,12567543,11.99
/Users/soneyeoluwasina/Downloads/Skin/Test/dermatofibroma/ISIC_0024845.jpg,f6945058ae687a49fc07481cb9e2d382,113,12,1,247071,0.24
/Users/soneyeoluwasina/Downloads/Skin/Test/dermatofibroma/ISIC_0025154.jpg,e44991bfb196315bd7eecfb90329d312,114,13,1,219310,0.21
/Users/soneyeoluwasina/Downloads/Skin/Test/dermatofibroma/ISIC_0001130.jpg,965817bb7ba1cf40233760cb8b44a518,115,14,1,3770629,3.6
/Users/soneyeoluwasina/Downloads/Skin/Test/dermatofibroma/ISIC_0011478.jpg,c4320581a6ae42b25ace363d6dcdab30,116,15,1,16526786,15.76
/Users/soneyeoluwasina/Downloads/Skin/Test/dermatofibroma/ISIC_0024994.jpg,e5ef26dafb9cfce7901c759c6bf5b6e0,117,16,1,329412,0.31
/Users/soneyeoluwasina/Downloads/Skin/Test/dermatofibroma/ISIC_0011865.jpg,7bc957e7b47761a54f8cba0b29648880,118,17,1,18382679,17.53
/Users/soneyeoluwasina/Downloads/Skin/Train/melanoma/ISIC_0010550.jpg,c014ff167e519f7f6ae9c68d14b74ae6,119,18,1,154271,0.15
/Users/soneyeoluwasina/Downloads/Skin/Train/melanoma/ISIC_0011128.jpg,298981c01f56f9ac3fd699fd45933845,120,19,1,172168,0.16
/Users/soneyeoluwasina/Downloads/Skin/Train/melanoma/ISIC_0010587.jpg,d36e0157eb5a81967531c7244bed2188,121,0,1,148250,0.14
/Users/soneyeoluwasina/Downloads/Skin/Train/melanoma/ISIC_0010034.jpg,60f4030b9846cd22fb34e4c81bbe1a3c,122,1,1,152527,0.15
/Users/soneyeoluwasina/Downloads/Skin/Train/melanoma/ISIC_0000555.jpg,4629c06cddd07735ff47e766ce26b291,123,2,1,41590,0.04
/Users/soneyeoluwasina/Downloads/Skin/Train/melanoma/ISIC_0010746.jpg,e9deee73e3d4ffc913218ec679aff2ff,124,3,1,203523,0.19
/Users/soneyeoluwasina/Downloads/Skin/Train/melanoma/ISIC_0001105.jpg,e33cfb2150445dbcd235335b37050c37,125,4,1,302481,0.29
/Users/soneyeoluwasina/Downloads/Skin/Train/melanoma/ISIC_0010791.jpg,66542e6453d56d0f3f068259db850978,126,5,1,192433,0.18
/Users/soneyeoluwasina/Downloads/Skin/Train/melanoma/ISIC_0010785.jpg,50cbd3bcb31c2425c119996163c8943b,127,6,1,196511,0.19
/Users/soneyeoluwasina/Downloads/Skin/Train/melanoma/ISIC_0010140.jpg,f5e9a944b7e3b2e356ea196070f668cc,128,7,1,191752,0.18
/Users/soneyeoluwasina/Downloads/Skin/Train/melanoma/ISIC_0000390.jpg,e8929cd06c8c6689daad7627ac0bfde4,129,8,1,558666,0.53
/Users/soneyeoluwasina/Downloads/Skin/Train/melanoma/ISIC_0000151.jpg,446b226cffa5f3f280e540b0fb5dc6d6,130,9,1,1245540,1.19
/Users/soneyeoluwasina/Downloads/Skin/Train/melanoma/ISIC_0000145.jpg,ada25e71785a71378b982b8df937d83b,131,10,1,1140837,1.09
/Users/soneyeoluwasina/Downloads/Skin/Train/melanoma/ISIC_0010394.jpg,56e1bd20a892f274ce6be423c2393f6c,132,11,1,182003,0.17
/Users/soneyeoluwasina/Downloads/Skin/Train/melanoma/ISIC_0010380.jpg,77df6eedba2ffb7c351326928058658f,133,12,1,215443,0.21
/Users/soneyeoluwasina/Downloads/Skin/Train/melanoma/ISIC_0000144.jpg,54d57cc17f5b7a9b9135c5aa0ec22155,134,13,1,1129222,1.08
/Users/soneyeoluwasina/Downloads/Skin/Train/melanoma/ISIC_0000150.jpg,aee59cae8e12559c06e1b363cc8d65f4,135,14,1,1502812,1.43
/Users/soneyeoluwasina/Downloads/Skin/Train/melanoma/ISIC_0000420.jpg,90a790173380e592fb12d5eee441d637,136,15,1,760171,0.72
/Users/soneyeoluwasina/Downloads/Skin/Train/melanoma/ISIC_0000434.jpg,710b3b04793ab1a7dcc0299fae53ebdc,137,16,1,621833,0.59
/Users/soneyeoluwasina/Downloads/Skin/Train/melanoma/ISIC_0010784.jpg,b5d48bd6faf01787969030ab44210cd4,138,17,1,172680,0.16
/Users/soneyeoluwasina/Downloads/Skin/Train/melanoma/ISIC_0010790.jpg,22a0631b4087faf99dfc415ecd591718,139,18,1,173352,0.17
/Users/soneyeoluwasina/Downloads/Skin/Train/melanoma/ISIC_0001110.jpg,8fa9578fae9cc3f1053b1e3b73e11669,140,19,1,439747,0.42
/Users/soneyeoluwasina/Downloads/Skin/Train/melanoma/ISIC_0000554.jpg,007f134d097ee6b9a6966fcc68523736,141,0,1,41984,0.04
/Users/soneyeoluwasina/Downloads/Skin/Train/melanoma/ISIC_0001138.jpg,4d1369828a9e833ed882df5d7bd814cd,142,1,1,303241,0.29
/Users/soneyeoluwasina/Downloads/Skin/Train/melanoma/ISIC_0009955.jpg,7c7a9a3794632782a1c9329818f0f69d,143,2,1,180695,0.17
/Users/soneyeoluwasina/Downloads/Skin/Train/melanoma/ISIC_0010579.jpg,e40e86bf740c2ede156f6075997870a3,144,3,1,159460,0.15
/Users/soneyeoluwasina/Downloads/Skin/Train/melanoma/ISIC_0010551.jpg,4e30b8cbbd55fb1b1c6bebc88364cc9a,145,4,1,154354,0.15
/Users/soneyeoluwasina/Downloads/Skin/Train/melanoma/ISIC_0010235.jpg,b76b81eb6f80c9a812eba6adae531bf0,146,5,1,149828,0.14
/Users/soneyeoluwasina/Downloads/Skin/Train/melanoma/ISIC_0010209.jpg,77205e26d5c98af94aa067c69a8aaa83,147,6,1,256850,0.24
/Users/soneyeoluwasina/Downloads/Skin/Train/melanoma/ISIC_0010023.jpg,844c2c274de99dca21a7ec27f0efc1dd,148,7,1,200005,0.19
/Users/soneyeoluwasina/Downloads/Skin/Train/melanoma/ISIC_0001112.jpg,92304c5f8b84615982498049d2d4e915,149,8,1,1457209,1.39
/Users/soneyeoluwasina/Downloads/Skin/Train/melanoma/ISIC_0001106.jpg,12fd12e1ec44c7012e17def4542d166d,150,9,1,458815,0.44
/Users/soneyeoluwasina/Downloads/Skin/Train/melanoma/ISIC_0010792.jpg,f6f5d29e58f92e9ff2c4361aea9e2b11,151,10,1,182602,0.17
/Users/soneyeoluwasina/Downloads/Skin/Train/melanoma/ISIC_0010631.jpg,8e702cb23b8fa889a522317aae583204,152,11,1,132061,0.13
/Users/soneyeoluwasina/Downloads/Skin/Train/melanoma/ISIC_0010143.jpg,6ca8b6fa84d86efd0470ccd56dc0b3c3,153,12,1,215890,0.21
/Users/soneyeoluwasina/Downloads/Skin/Train/melanoma/ISIC_0010194.jpg,33350147fb7309cf8e9cdecb20061987,154,13,1,220198,0.21
/Users/soneyeoluwasina/Downloads/Skin/Train/melanoma/ISIC_0000393.jpg,7d6bd475f7cadca28054e5a7dde0fb2e,155,14,1,579353,0.55
/Users/soneyeoluwasina/Downloads/Skin/Train/melanoma/ISIC_0010355.jpg,c3d2fb7a965edc71897790b99fd078b1,156,15,1,190985,0.18
/Users/soneyeoluwasina/Downloads/Skin/Train/melanoma/ISIC_0000146.jpg,d347cd0d2adeb25072930c4a18d76144,157,10,1,1244183,1.19
/Users/soneyeoluwasina/Downloads/Skin/Train/melanoma/ISIC_0000152.jpg,a3714b0b06a515aae11632541dd1a10a,158,16,1,776462,0.74
/Users/soneyeoluwasina/Downloads/Skin/Train/melanoma/ISIC_0011077.jpg,96a6ee86c712c1198928b1de0e80bfd7,159,17,1,230189,0.22
/Users/soneyeoluwasina/Downloads/Skin/Train/melanoma/ISIC_0010396.jpg,3d9947bbc8cc3d16568f8f0b2b16f316,160,18,1,206954,0.2
/Users/soneyeoluwasina/Downloads/Skin/Train/melanoma/ISIC_0010397.jpg,617050d74024f0e214f6b988c4a94eef,161,19,1,168853,0.16
/Users/soneyeoluwasina/Downloads/Skin/Train/melanoma/ISIC_0000153.jpg,268218eb65aa4b37a54906b9ea911ce0,162,0,1,779855,0.74
/Users/soneyeoluwasina/Downloads/Skin/Train/melanoma/ISIC_0010426.jpg,10be055802d538f9cf009977d1b5375f,163,1,1,70512,0.07
/Users/soneyeoluwasina/Downloads/Skin/Train/melanoma/ISIC_0010432.jpg,af30d34739141783184dabf34d6849bb,164,2,1,162614,0.16
/Users/soneyeoluwasina/Downloads/Skin/Train/melanoma/ISIC_0000147.jpg,f9331e39c34bd930092cda562b8305d6,165,3,1,1348756,1.29
/Users/soneyeoluwasina/Downloads/Skin/Train/melanoma/ISIC_0010803.jpg,b0ef69632a1b5080a6bdc17d69f7b801,100,19,2,158064,0.15
/Users/soneyeoluwasina/Downloads/Skin/Train/melanoma/ISIC_0010156.jpg,47b8c033929b063ff689b2d10a13487c,166,4,1,170628,0.16
/Users/soneyeoluwasina/Downloads/Skin/Train/melanoma/ISIC_0010630.jpg,7785ed787815d6266aa50ace8175772e,167,5,1,232587,0.22
/Users/soneyeoluwasina/Downloads/Skin/Train/melanoma/ISIC_0010977.jpg,721ba2f6424f744a1527532989ce99f4,168,6,1,181421,0.17
/Users/soneyeoluwasina/Downloads/Skin/Train/melanoma/ISIC_0010778.jpg,17b6c5ea79185aea2915caed9c713cbc,169,7,1,206429,0.2
/Users/soneyeoluwasina/Downloads/Skin/Train/melanoma/ISIC_0010750.jpg,155a20ac970cb1169a2cde1530ecacd9,170,8,1,51524,0.05
/Users/soneyeoluwasina/Downloads/Skin/Train/melanoma/ISIC_0010036.jpg,aa9d05a94103ce97d27ef6e32854235c,171,9,1,218014,0.21
/Users/soneyeoluwasina/Downloads/Skin/Train/melanoma/ISIC_0010591.jpg,ab5ead3ca187b8843206d86559b7b63c,172,11,1,195274,0.19
/Users/soneyeoluwasina/Downloads/Skin/Train/melanoma/ISIC_0010208.jpg,74283880b5b8afd981e0fd85f2a0a268,173,12,1,177818,0.17
/Users/soneyeoluwasina/Downloads/Skin/Train/melanoma/ISIC_0010546.jpg,cb7dd68830f2497a07e6b620939fa526,174,13,1,255529,0.24
/Users/soneyeoluwasina/Downloads/Skin/Train/melanoma/ISIC_0011112.jpg,2512a5ed173df2637254804b111ed34d,175,14,1,196660,0.19
/Users/soneyeoluwasina/Downloads/Skin/Train/melanoma/ISIC_0001103.jpg,fe4d6b0f706591fd09eb39e595445da7,176,15,1,742525,0.71
/Users/soneyeoluwasina/Downloads/Skin/Train/melanoma/ISIC_0000553.jpg,6a63ea20703611b2bc8bd0d0fb78e125,177,16,1,44068,0.04
/Users/soneyeoluwasina/Downloads/Skin/Train/melanoma/ISIC_0010754.jpg,cee78ad350bdd05eb3c80851e209616e,178,17,1,237100,0.23
/Users/soneyeoluwasina/Downloads/Skin/Train/melanoma/ISIC_0000547.jpg,1831a5a3f860e7d25a0755d1d4441763,179,18,1,37823,0.04
/Users/soneyeoluwasina/Downloads/Skin/Train/melanoma/ISIC_0010783.jpg,6ca8df73d425e59eefa963fe93a77700,180,12,1,197163,0.19
/Users/soneyeoluwasina/Downloads/Skin/Train/melanoma/ISIC_0010797.jpg,9e3e7c7514dc6beb7e0bc124b9b4519b,181,0,1,228176,0.22
/Users/soneyeoluwasina/Downloads/Skin/Train/melanoma/ISIC_0010608.jpg,7a8738f742ea29f2c7042f7571b711e3,182,1,1,78607,0.07
/Users/soneyeoluwasina/Downloads/Skin/Train/melanoma/ISIC_0000143.jpg,17cc34d7de38e205154da60c38b27211,183,2,1,814116,0.78
/Users/soneyeoluwasina/Downloads/Skin/Train/melanoma/ISIC_0010350.jpg,c19f04c9f4d994d651c06a9e5b1402f1,184,3,1,184135,0.18
/Users/soneyeoluwasina/Downloads/Skin/Train/melanoma/ISIC_0000157.jpg,29426135558628f3a0a375d44a02d76c,185,4,1,42848,0.04
/Users/soneyeoluwasina/Downloads/Skin/Train/melanoma/ISIC_0010393.jpg,e6f6150acaa802c51c2c53800390b399,186,5,1,209219,0.2
/Users/soneyeoluwasina/Downloads/Skin/Train/melanoma/ISIC_0011099.jpg,f5041d7a60ae22f485e3ebc239c248fb,187,6,1,231164,0.22
/Users/soneyeoluwasina/Downloads/Skin/Train/melanoma/ISIC_0010392.jpg,b3e527792e74145b4f0533c7831d6832,188,7,1,63402,0.06
/Users/soneyeoluwasina/Downloads/Skin/Train/melanoma/ISIC_0010423.jpg,3ed6f16855a925713003d807a45fbe2b,189,8,1,63391,0.06
/Users/soneyeoluwasina/Downloads/Skin/Train/melanoma/ISIC_0000156.jpg,ce4c1e1fa051d3836c834775d17b795d,190,9,1,1511663,1.44
/Users/soneyeoluwasina/Downloads/Skin/Train/melanoma/ISIC_0000142.jpg,eea5e7848d04092c1d8d01fe15c0866b,191,10,1,1347154,1.28
/Users/soneyeoluwasina/Downloads/Skin/Train/melanoma/ISIC_0010379.jpg,eedfe00d4de512b23b9deefda523b000,192,11,1,217104,0.21
/Users/soneyeoluwasina/Downloads/Skin/Train/melanoma/ISIC_0010812.jpg,c77ad5e0aa02376b1bd7dd1e3b83e480,193,13,1,234772,0.22
/Users/soneyeoluwasina/Downloads/Skin/Train/melanoma/ISIC_0000432.jpg,9182abb7a7f1c143fa56ba49d1726158,194,14,1,880949,0.84
/Users/soneyeoluwasina/Downloads/Skin/Train/melanoma/ISIC_0010609.jpg,18a8dac9fffd28d5c4d032821aefdcb0,195,15,1,141625,0.14
/Users/soneyeoluwasina/Downloads/Skin/Train/melanoma/ISIC_0010796.jpg,05e462ee49c1e6adc232427fa9227a0a,196,16,1,231926,0.22
/Users/soneyeoluwasina/Downloads/Skin/Train/melanoma/ISIC_0010782.jpg,d618bd195cd3ae8113d0a690024d041e,197,17,1,186891,0.18
/Users/soneyeoluwasina/Downloads/Skin/Train/melanoma/ISIC_0000552.jpg,c074106e1b51f9b008a8b2218065d9ec,198,18,1,225305,0.21
/Users/soneyeoluwasina/Downloads/Skin/Train/melanoma/ISIC_0010741.jpg,999000fba4f4db6b7d00955cae367532,199,19,1,164800,0.16
/Users/soneyeoluwasina/Downloads/Skin/Train/melanoma/ISIC_0001102.jpg,42e8b3c2fecbfb14ddd7db2214b478b3,200,0,1,315963,0.3
/Users/soneyeoluwasina/Downloads/Skin/Train/melanoma/ISIC_0001116.jpg,e59a10af4565319919cd306f829cc243,201,1,1,1015241,0.97
/Users/soneyeoluwasina/Downloads/Skin/Train/melanoma/ISIC_0010580.jpg,03de7e3581cc123681a2d0c7f037044d,202,2,1,203473,0.19
/Users/soneyeoluwasina/Downloads/Skin/Train/melanoma/ISIC_0010231.jpg,d2614452584b184ff9f33af2c13354b6,203,3,1,216140,0.21
/Users/soneyeoluwasina/Downloads/Skin/Train/melanoma/ISIC_0010225.jpg,aefee41d1a593ef597f3358f5d70790b,204,4,1,205399,0.2
/Users/soneyeoluwasina/Downloads/Skin/Train/melanoma/ISIC_0010543.jpg,4890b81876714618a468d5864c8ea5ed,205,5,1,239410,0.23
/Users/soneyeoluwasina/Downloads/Skin/Train/melanoma/ISIC_0009984.jpg,c8bbb0d4eaa61c8fc65db812285c3c9a,206,6,1,253980,0.24
/Users/soneyeoluwasina/Downloads/Skin/Train/melanoma/ISIC_0009992.jpg,370e3e5b8759d882255b9d897df0aee5,207,7,1,259365,0.25
/Users/soneyeoluwasina/Downloads/Skin/Train/melanoma/ISIC_0010555.jpg,88d5cbf321fedfe42fe5027aeaa0d8d7,208,8,1,171256,0.16
/Users/soneyeoluwasina/Downloads/Skin/Train/melanoma/ISIC_0011139.jpg,a22296d84093e9c8a00d9f91f79f8f52,209,9,1,192380,0.18
/Users/soneyeoluwasina/Downloads/Skin/Train/melanoma/ISIC_0010596.jpg,2744b6ea87d38bc0c018597d79dd27f9,210,10,1,215757,0.21
/Users/soneyeoluwasina/Downloads/Skin/Train/melanoma/ISIC_0010757.jpg,223445ef61324d68fd602d0eda9664e9,211,11,1,53707,0.05
/Users/soneyeoluwasina/Downloads/Skin/Train/melanoma/ISIC_0001128.jpg,23c948944c05bd9749b4c1ab1ede26cb,212,12,1,389640,0.37
/Users/soneyeoluwasina/Downloads/Skin/Train/melanoma/ISIC_0000550.jpg,b31bf61a624ff3b2c965c1928d0b0ef8,213,13,1,48122,0.05
/Users/soneyeoluwasina/Downloads/Skin/Train/melanoma/ISIC_0010145.jpg,684fa1e6802438f834c9de64d1ea7a1c,214,14,1,395954,0.38
/Users/soneyeoluwasina/Downloads/Skin/Train/melanoma/ISIC_0010810.jpg,760957534ac17540daf56ef66ac1f133,215,15,1,159089,0.15
/Users/soneyeoluwasina/Downloads/Skin/Train/melanoma/ISIC_0000395.jpg,0e8d693d8117e4ae2598f5a6c9649a20,216,16,1,618104,0.59
/Users/soneyeoluwasina/Downloads/Skin/Train/melanoma/ISIC_0000168.jpg,3f487b70c794b732b891888b56189cc0,217,17,1,50295,0.05
/Users/soneyeoluwasina/Downloads/Skin/Train/melanoma/ISIC_0000154.jpg,4e174d0d91160127c3af057716c33cb7,218,18,1,1151876,1.1
/Users/soneyeoluwasina/Downloads/Skin/Train/melanoma/ISIC_0010391.jpg,63572a5c15419f7801cab695b1c6a3ad,219,19,1,105799,0.1
/Users/soneyeoluwasina/Downloads/Skin/Train/melanoma/ISIC_0010385.jpg,30ec500284e450d932be2a49bef8299f,220,0,1,213836,0.2
/Users/soneyeoluwasina/Downloads/Skin/Train/melanoma/ISIC_0000141.jpg,1522569342b4b768a45a15b55561b06d,221,1,1,1233699,1.18
/Users/soneyeoluwasina/Downloads/Skin/Train/melanoma/ISIC_0000155.jpg,30501e33f9baff1047aac4c0a64df76c,222,2,1,1019483,0.97
/Users/soneyeoluwasina/Downloads/Skin/Train/melanoma/ISIC_0000169.jpg,f82b72620fd4df2831aef3cf3e5a514e,223,3,1,35345,0.03
/Users/soneyeoluwasina/Downloads/Skin/Train/melanoma/ISIC_0000394.jpg,982f0d098b2bdafbcbacb1bc3b491b17,224,4,1,545220,0.52
/Users/soneyeoluwasina/Downloads/Skin/Train/melanoma/ISIC_0010965.jpg,ddeaebc9605497cddd6dc71537006f80,225,5,1,180382,0.17
/Users/soneyeoluwasina/Downloads/Skin/Train/melanoma/ISIC_0010971.jpg,94e4f9566a1f25607bacc37a0ee17e69,226,6,1,38917,0.04
/Users/soneyeoluwasina/Downloads/Skin/Train/melanoma/ISIC_0010024.jpg,614f4bd5fc371a1505626d1d7de4b4cc,227,7,1,145665,0.14
/Users/soneyeoluwasina/Downloads/Skin/Train/melanoma/ISIC_0000551.jpg,83facbc1439ca41dc741b8f9b380f265,228,8,1,26081,0.02
/Users/soneyeoluwasina/Downloads/Skin/Train/melanoma/ISIC_0001101.jpg,4559b9f4bb932f5a82c0f644b8c6b95f,229,9,1,286460,0.27
/Users/soneyeoluwasina/Downloads/Skin/Train/melanoma/ISIC_0010583.jpg,99ebdb4e7399e9925269040610a3a8ba,230,10,1,191834,0.18
/Users/soneyeoluwasina/Downloads/Skin/Train/melanoma/ISIC_0010597.jpg,35b9c2d5d0d678c5c45beece399f5be0,231,11,1,181189,0.17
/Users/soneyeoluwasina/Downloads/Skin/Train/melanoma/ISIC_0009950.jpg,408b5e237d9301198e07d6802d4aa24f,232,12,1,191744,0.18
/Users/soneyeoluwasina/Downloads/Skin/Train/melanoma/ISIC_0011138.jpg,2a820468dc7e600f35311b35b62c3d3d,233,13,1,196164,0.19
/Users/soneyeoluwasina/Downloads/Skin/Train/melanoma/ISIC_0009993.jpg,5b503e1cccb96c8a00f39fd1792da415,234,14,1,47595,0.05
/Users/soneyeoluwasina/Downloads/Skin/Train/melanoma/ISIC_0010533.jpg,60b0934520bc4458d1c11d408f623328,235,15,1,258150,0.25
/Users/soneyeoluwasina/Downloads/Skin/Train/melanoma/ISIC_0010527.jpg,583e3849940e70e6696d9ccab359ec6b,236,16,1,150112,0.14
/Users/soneyeoluwasina/Downloads/Skin/Train/melanoma/ISIC_0010241.jpg,58c2aaa4ab944d00fde8aa6d2b08594d,237,17,1,143791,0.14
/Users/soneyeoluwasina/Downloads/Skin/Train/melanoma/ISIC_0011163.jpg,b72b9e87d8ac6870fe46eea2b1209d01,238,18,1,135398,0.13
/Users/soneyeoluwasina/Downloads/Skin/Train/melanoma/ISIC_0000522.jpg,d5c1257bf8523418ecb072932ef82d40,239,19,1,337001,0.32
/Users/soneyeoluwasina/Downloads/Skin/Train/melanoma/ISIC_0000278.jpg,337335807507a95b69801366620bd6a6,240,0,1,194905,0.19
/Users/soneyeoluwasina/Downloads/Skin/Train/melanoma/ISIC_0010719.jpg,238a6a6f8c5d7d31f52df0ead5ab4850,241,1,1,214448,0.2
/Users/soneyeoluwasina/Downloads/Skin/Train/melanoma/ISIC_0010094.jpg,5a65f8c86bceb410c386a98239ca5192,242,2,1,192411,0.18
/Users/soneyeoluwasina/Downloads/Skin/Train/melanoma/ISIC_0010080.jpg,51ac2786df0544ebbdfefc401e7f26d0,243,3,1,180728,0.17
/Users/soneyeoluwasina/Downloads/Skin/Train/melanoma/ISIC_0000293.jpg,0d1bbd4ad92e5f1d00795bae3953cdcb,244,4,1,220803,0.21
/Users/soneyeoluwasina/Downloads/Skin/Train/melanoma/ISIC_0010137.jpg,6bf56bdaf7cc3158922a3022765826d5,245,5,1,197111,0.19
/Users/soneyeoluwasina/Downloads/Skin/Train/melanoma/ISIC_0010862.jpg,63e517480453a5418d9dfd69ea920a7d,246,6,1,165423,0.16
/Users/soneyeoluwasina/Downloads/Skin/Train/melanoma/ISIC_0010876.jpg,91b3ae51911b2d4fca8d8428e3024883,247,7,1,164468,0.16
/Users/soneyeoluwasina/Downloads/Skin/Train/melanoma/ISIC_0010321.jpg,487a00fbe29d87a560ff05d436a7c2da,248,8,1,139381,0.13
/Users/soneyeoluwasina/Downloads/Skin/Train/melanoma/ISIC_0010485.jpg,2dca2f9f9631b592fe37a1a0d31e3b1b,249,9,1,200536,0.19
/Users/soneyeoluwasina/Downloads/Skin/Train/melanoma/ISIC_0010863.jpg,bab16e71da2e2ba98977529db3047832,250,10,1,187724,0.18
/Users/soneyeoluwasina/Downloads/Skin/Train/melanoma/ISIC_0010644.jpg,b18c2a0965e8341a88247efd096b73bd,251,11,1,157974,0.15
/Users/soneyeoluwasina/Downloads/Skin/Train/melanoma/ISIC_0010917.jpg,94fbd086e4164bfa0655f8bf8baefc2d,252,12,1,63265,0.06
/Users/soneyeoluwasina/Downloads/Skin/Train/melanoma/ISIC_0000292.jpg,c6bbfc4950f7af5352b126babb867a18,253,13,1,205274,0.2
/Users/soneyeoluwasina/Downloads/Skin/Train/melanoma/ISIC_0010081.jpg,9c75b5206de4d1a996a4066b5b953b94,254,14,1,217892,0.21
/Users/soneyeoluwasina/Downloads/Skin/Train/melanoma/ISIC_0000279.jpg,6c3fef79567729bf58682eaa3c33ce65,255,15,1,221479,0.21
/Users/soneyeoluwasina/Downloads/Skin/Train/melanoma/ISIC_0010730.jpg,e21dbcae9d4a454a6068c4c06d081824,256,16,1,249528,0.24
/Users/soneyeoluwasina/Downloads/Skin/Train/melanoma/ISIC_0010056.jpg,5d90c58d20b0d55ad15fbc1a9389f127,257,17,1,149131,0.14
/Users/soneyeoluwasina/Downloads/Skin/Train/melanoma/ISIC_0010283.jpg,b1cfa45a7ff1a58bced694fff30de90d,258,18,1,153470,0.15
/Users/soneyeoluwasina/Downloads/Skin/Train/melanoma/ISIC_0011176.jpg,5a2a943757f49591dcb7b53b87d9e66c,259,19,1,156698,0.15
/Users/soneyeoluwasina/Downloads/Skin/Train/melanoma/ISIC_0010240.jpg,89c2c0b4b036d30452eaccd15ea52783,260,0,1,218614,0.21
/Users/soneyeoluwasina/Downloads/Skin/Train/melanoma/ISIC_0010532.jpg,f20a34a2221372197433ea1f9cb76926,261,1,1,166791,0.16
/Users/soneyeoluwasina/Downloads/Skin/Train/melanoma/ISIC_0011174.jpg,b743844c484701c0459b65d224ee84f7,262,2,1,194129,0.19
/Users/soneyeoluwasina/Downloads/Skin/Train/melanoma/ISIC_0009908.jpg,581810eb27955e0104dc291371e0a49c,263,3,1,225167,0.21
/Users/soneyeoluwasina/Downloads/Skin/Train/melanoma/ISIC_0010295.jpg,a91db4c185681ad6ea62c1636ed77a7f,264,4,1,182528,0.17
/Users/soneyeoluwasina/Downloads/Skin/Train/melanoma/ISIC_0009934.jpg,71a9c381aef9eba97040030cb4f4b284,265,5,1,156454,0.15
/Users/soneyeoluwasina/Downloads/Skin/Train/melanoma/ISIC_0010054.jpg,0a9724a09089939da23c06923eafe635,266,6,1,184185,0.18
/Users/soneyeoluwasina/Downloads/Skin/Train/melanoma/ISIC_0000521.jpg,962d97e347fd99b1c9550f5403614313,267,7,1,820097,0.78
/Users/soneyeoluwasina/Downloads/Skin/Train/melanoma/ISIC_0010652.jpg,36650aec874470124b182bfd375b4b1c,268,8,1,226494,0.22
/Users/soneyeoluwasina/Downloads/Skin/Train/melanoma/ISIC_0000441.jpg,4f26aef830f2206c2d5c1a5ea620defa,269,9,1,573439,0.55
/Users/soneyeoluwasina/Downloads/Skin/Train/melanoma/ISIC_0010120.jpg,99ca4c704ab21d586c699822a75ff539,270,10,1,193880,0.18
/Users/soneyeoluwasina/Downloads/Skin/Train/melanoma/ISIC_0000469.jpg,76a152fc3aa9ebd3d8f718554b871fed,271,11,1,445168,0.42
/Users/soneyeoluwasina/Downloads/Skin/Train/melanoma/ISIC_0000482.jpg,025af2fb44c87e36f58bb7411e9aae4c,272,12,1,457418,0.44
/Users/soneyeoluwasina/Downloads/Skin/Train/melanoma/ISIC_0010322.jpg,8e0930d69d8e63568cece52531acd2f7,273,13,1,192401,0.18
/Users/soneyeoluwasina/Downloads/Skin/Train/melanoma/ISIC_0010478.jpg,7fef25364aa72558d23a5f2349ce48e2,274,14,1,208940,0.2
/Users/soneyeoluwasina/Downloads/Skin/Train/melanoma/ISIC_0009897.jpg,c08d694ceb83b5922d073636faff0ad3,275,15,1,59314,0.06
/Users/soneyeoluwasina/Downloads/Skin/Train/melanoma/ISIC_0009868.jpg,d834099dbc09f9a2a37d8719599d7c46,276,16,1,159833,0.15
/Users/soneyeoluwasina/Downloads/Skin/Train/melanoma/ISIC_0010486.jpg,a65f8f1b7661da5c7371dfd97129529c,277,17,1,172723,0.16
/Users/soneyeoluwasina/Downloads/Skin/Train/melanoma/ISIC_0009882.jpg,e5567e1142ff28895735684550bdce4a,278,18,1,45387,0.04
/Users/soneyeoluwasina/Downloads/Skin/Train/melanoma/ISIC_0010860.jpg,d5e19e891301c5273fd719d68c435fd6,279,19,1,190344,0.18
/Users/soneyeoluwasina/Downloads/Skin/Train/melanoma/ISIC_0010690.jpg,e229ab11205a21c50ff005c886cd466a,280,0,1,210306,0.2
/Users/soneyeoluwasina/Downloads/Skin/Train/melanoma/ISIC_0000440.jpg,5b32355f686d3ce5c0aca67982c5d392,281,1,1,1209104,1.15
/Users/soneyeoluwasina/Downloads/Skin/Train/melanoma/ISIC_0010653.jpg,9b192054152cf4bcdb34d65732e1098e,282,2,1,179979,0.17
/Users/soneyeoluwasina/Downloads/Skin/Train/melanoma/ISIC_0010900.jpg,b8b2cfa12ebe0af268bf47aa07a413de,283,3,1,220006,0.21
/Users/soneyeoluwasina/Downloads/Skin/Train/melanoma/ISIC_0000285.jpg,86511ae4e8252450d116ee5f31ccabbe,284,4,1,208328,0.2
/Users/soneyeoluwasina/Downloads/Skin/Train/melanoma/ISIC_0000291.jpg,7f3d27eca0cc16d7096dce37005ea1bd,285,5,1,169530,0.16
/Users/soneyeoluwasina/Downloads/Skin/Train/melanoma/ISIC_0000520.jpg,418d94bdc95bb05db11743272471db73,286,6,1,1027529,0.98
/Users/soneyeoluwasina/Downloads/Skin/Train/melanoma/ISIC_0010280.jpg,cc1168a2f6a458787d5a1b800857c1ec,287,7,1,181949,0.17
/Users/soneyeoluwasina/Downloads/Skin/Train/melanoma/ISIC_0011161.jpg,70bbd3d798e42182860180b8dff96f66,288,8,1,170118,0.16
/Users/soneyeoluwasina/Downloads/Skin/Train/melanoma/ISIC_0000518.jpg,295b5d51f684ded98c0975fabd2fa3e3,289,9,1,476110,0.45
/Users/soneyeoluwasina/Downloads/Skin/Train/melanoma/ISIC_0001148.jpg,8dffd5dad7acb1da752e172c4077d216,290,10,1,419394,0.4
/Users/soneyeoluwasina/Downloads/Skin/Train/melanoma/ISIC_0010723.jpg,ab6378483ffd7c3e770fc583063c0a7b,291,11,1,210992,0.2
/Users/soneyeoluwasina/Downloads/Skin/Train/melanoma/ISIC_0010737.jpg,ad4f3242335984a98ba33b3d286de300,292,12,1,93343,0.09
/Users/soneyeoluwasina/Downloads/Skin/Train/melanoma/ISIC_0000295.jpg,2c91d5a39ee794ad8228ea1490986a51,293,13,1,329519,0.31
/Users/soneyeoluwasina/Downloads/Skin/Train/melanoma/ISIC_0010938.jpg,dea4f4d6363ad135312defebac34bbbd,294,14,1,191954,0.18
/Users/soneyeoluwasina/Downloads/Skin/Train/melanoma/ISIC_0010119.jpg,1595a4b71f71d8e7db679792dd1c0ae8,295,15,1,170149,0.16
/Users/soneyeoluwasina/Downloads/Skin/Train/melanoma/ISIC_0010131.jpg,4bc08fd80bcb30e3995f60712b387979,296,16,1,179526,0.17
/Users/soneyeoluwasina/Downloads/Skin/Train/melanoma/ISIC_0000444.jpg,e4bc3f80496c9e2f0f0b731da1f089bf,297,17,1,909754,0.87
/Users/soneyeoluwasina/Downloads/Skin/Train/melanoma/ISIC_0000450.jpg,038046aa021d380f42fd464e299717b9,298,18,1,961375,0.92
/Users/soneyeoluwasina/Downloads/Skin/Train/melanoma/ISIC_0000487.jpg,ca2a5056623adb7b1a7fd1898e97def3,299,19,1,426254,0.41
/Users/soneyeoluwasina/Downloads/Skin/Train/melanoma/ISIC_0010469.jpg,275be486b15fa5a91d1f8dd3cf4c90a5,300,0,1,201323,0.19
/Users/soneyeoluwasina/Downloads/Skin/Train/melanoma/ISIC_0009886.jpg,c7a302bb48e2f9dfcf3f32c7b756ee7d,301,1,1,200210,0.19
/Users/soneyeoluwasina/Downloads/Skin/Train/melanoma/ISIC_0011039.jpg,a61104433dad20a335fb5f289dd77621,302,2,1,232984,0.22
/Users/soneyeoluwasina/Downloads/Skin/Train/melanoma/ISIC_0010441.jpg,c7979c362bff05fa0fd2ef8fe0145f34,303,3,1,165547,0.16
/Users/soneyeoluwasina/Downloads/Skin/Train/melanoma/ISIC_0010482.jpg,4f824b928a4a07cc686040cc4d2f6ebf,304,4,1,155085,0.15
/Users/soneyeoluwasina/Downloads/Skin/Train/melanoma/ISIC_0010468.jpg,fcf10358b3983895b7536f0291d88ec0,305,5,1,180315,0.17
/Users/soneyeoluwasina/Downloads/Skin/Train/melanoma/ISIC_0000445.jpg,fcc40a2171bbd216a4f909bfd20073f9,306,6,1,827344,0.79
/Users/soneyeoluwasina/Downloads/Skin/Train/melanoma/ISIC_0000280.jpg,6c3fef79567729bf58682eaa3c33ce65,255,15,2,221479,0.21
/Users/soneyeoluwasina/Downloads/Skin/Train/melanoma/ISIC_0000294.jpg,22ac2e7dc3c73d35c1d83d43d437ad87,307,7,1,179490,0.17
/Users/soneyeoluwasina/Downloads/Skin/Train/melanoma/ISIC_0010050.jpg,674e9e7929b00194163344af6b14afe0,308,8,1,167666,0.16
/Users/soneyeoluwasina/Downloads/Skin/Train/melanoma/ISIC_0000531.jpg,740d1e3d0e9ef2f505c689b7568968dd,309,9,1,464569,0.44
/Users/soneyeoluwasina/Downloads/Skin/Train/melanoma/ISIC_0000519.jpg,0182072256df308937ea83aa8714ba00,310,10,1,945705,0.9
/Users/soneyeoluwasina/Downloads/Skin/Train/melanoma/ISIC_0009918.jpg,cf8abee25ce7c5a2aa1276636ab6b21c,311,11,1,231746,0.22
/Users/soneyeoluwasina/Downloads/Skin/Train/melanoma/ISIC_0010534.jpg,b3fe4d8a411417d35624913181a905af,312,12,1,223008,0.21
/Users/soneyeoluwasina/Downloads/Skin/Train/melanoma/ISIC_0011158.jpg,795f69c6fbddbdaebac4efcd29a2fcdf,313,13,1,192562,0.18
/Users/soneyeoluwasina/Downloads/Skin/Train/melanoma/ISIC_0010278.jpg,bfa0e46bb7d7c0ec200f0659a8bb2118,314,14,1,69787,0.07
/Users/soneyeoluwasina/Downloads/Skin/Train/melanoma/ISIC_0011166.jpg,5286f0d6aa444711949c607a43a79969,315,16,1,214523,0.2
/Users/soneyeoluwasina/Downloads/Skin/Train/melanoma/ISIC_0010536.jpg,3c71079e3075ed00063d35f78cb66e52,316,17,1,68221,0.07
/Users/soneyeoluwasina/Downloads/Skin/Train/melanoma/ISIC_0000533.jpg,b37219218394554a0ed7dbf4cf8e65d0,317,18,1,350465,0.33
/Users/soneyeoluwasina/Downloads/Skin/Train/melanoma/ISIC_0000296.jpg,8ba149fc0784ef9b077cd91f06076f6e,318,19,1,309421,0.3
/Users/soneyeoluwasina/Downloads/Skin/Train/melanoma/ISIC_0000309.jpg,8b392efd1af7bce3f5c8b84e1385cd81,319,0,1,370498,0.35
/Users/soneyeoluwasina/Downloads/Skin/Train/melanoma/ISIC_0010898.jpg,cc11b61ffb96a6842b19c8564d347921,320,7,1,253862,0.24
/Users/soneyeoluwasina/Downloads/Skin/Train/melanoma/ISIC_0000484.jpg,de5ee890bea356aea97ff4adee69e9ce,321,1,1,344200,0.33
/Users/soneyeoluwasina/Downloads/Skin/Train/melanoma/ISIC_0011012.jpg,a63fcea682d9f624f18e083455ed9f1c,322,2,1,63303,0.06
/Users/soneyeoluwasina/Downloads/Skin/Train/melanoma/ISIC_0011013.jpg,25e34bbc40cc485c8614809006019b5d,323,3,1,72118,0.07
/Users/soneyeoluwasina/Downloads/Skin/Train/melanoma/ISIC_0010319.jpg,59836d57a93e44662345817ee4d8ab0c,324,4,1,160196,0.15
/Users/soneyeoluwasina/Downloads/Skin/Train/melanoma/ISIC_0009890.jpg,94e5ef4596eb3fd55bae3bca53b82314,325,5,1,163894,0.16
/Users/soneyeoluwasina/Downloads/Skin/Train/melanoma/ISIC_0011007.jpg,984e9216cb105b1cec0b228fe28092a2,326,6,1,147669,0.14
/Users/soneyeoluwasina/Downloads/Skin/Train/melanoma/ISIC_0010872.jpg,d783422f97a91c2e24d9989435bef174,327,8,1,190351,0.18
/Users/soneyeoluwasina/Downloads/Skin/Train/melanoma/ISIC_0010866.jpg,15556f6b82f9c80022f0451d2b1d0f3d,328,9,1,189528,0.18
/Users/soneyeoluwasina/Downloads/Skin/Train/melanoma/ISIC_0010655.jpg,9fc3e7c9bf68ae1ec39b229c9c213282,329,10,1,147139,0.14
/Users/soneyeoluwasina/Downloads/Skin/Train/melanoma/ISIC_0000446.jpg,abf7c516a62972b9ded1db2077237007,330,11,1,926534,0.88
/Users/soneyeoluwasina/Downloads/Skin/Train/melanoma/ISIC_0000308.jpg,1851076ab8a3a220ec6402a5d3e3a660,331,12,1,319568,0.3
/Users/soneyeoluwasina/Downloads/Skin/Train/melanoma/ISIC_0000297.jpg,270752686e50209d72bab1711cc3f256,332,13,1,322155,0.31
/Users/soneyeoluwasina/Downloads/Skin/Train/melanoma/ISIC_0010912.jpg,08384d70d12cb71612eadd69af7e5e1b,333,14,1,178011,0.17
/Users/soneyeoluwasina/Downloads/Skin/Train/melanoma/ISIC_0000526.jpg,a10641d5fade75b6f987d84d617becbf,334,15,1,1602738,1.53
/Users/soneyeoluwasina/Downloads/Skin/Train/melanoma/ISIC_0009927.jpg,b5d3adfd6961f7e34beb5d955ac3e7ab,335,16,1,189030,0.18
/Users/soneyeoluwasina/Downloads/Skin/Train/melanoma/ISIC_0010245.jpg,8770aa0628aba33faf1ea1249dc11fb2,336,17,1,148709,0.14
/Users/soneyeoluwasina/Downloads/Skin/Train/melanoma/ISIC_0010537.jpg,5bba8c4c3578bf60fc24370fa6d8d951,337,18,1,239785,0.23
/Users/soneyeoluwasina/Downloads/Skin/Train/melanoma/ISIC_0010251.jpg,a9c65b0d452532debb64b636695e6724,338,19,1,189363,0.18
/Users/soneyeoluwasina/Downloads/Skin/Train/melanoma/ISIC_0011181.jpg,a5233bb520eb260d2289640ee533a946,339,0,1,202271,0.19
/Users/soneyeoluwasina/Downloads/Skin/Train/melanoma/ISIC_0009916.jpg,6bb3f82ba26a36439f47c6cc820c688d,340,1,1,166449,0.16
/Users/soneyeoluwasina/Downloads/Skin/Train/melanoma/ISIC_0000517.jpg,e8b760af54a5f0ba835af0149cf226d7,341,2,1,367995,0.35
/Users/soneyeoluwasina/Downloads/Skin/Train/melanoma/ISIC_0010089.jpg,db5da4dbe0c61a19ec17bd056c19977d,342,3,1,142758,0.14
/Users/soneyeoluwasina/Downloads/Skin/Train/melanoma/ISIC_0010923.jpg,9013cf572c572897dbdf9d5c8c478873,343,4,1,166835,0.16
/Users/soneyeoluwasina/Downloads/Skin/Train/melanoma/ISIC_0000311.jpg,b7b99cebbc5c5b6875617d7718f4a3ba,344,5,1,330321,0.32
/Users/soneyeoluwasina/Downloads/Skin/Train/melanoma/ISIC_0000305.jpg,ec4a670035ee9d3beab8979a103123b1,345,6,1,304628,0.29
/Users/soneyeoluwasina/Downloads/Skin/Train/melanoma/ISIC_0000463.jpg,b3be3f1bcb187e02370337855861f6c0,346,7,1,2329498,2.22
/Users/soneyeoluwasina/Downloads/Skin/Train/melanoma/ISIC_0010466.jpg,31b41332ae85fd2c4bdbfc64cc75fe6d,347,8,1,193958,0.18
/Users/soneyeoluwasina/Downloads/Skin/Train/melanoma/ISIC_0010329.jpg,f0f594174bdaeeea43ebd8d49faa035d,348,9,1,202419,0.19
/Users/soneyeoluwasina/Downloads/Skin/Train/melanoma/ISIC_0000304.jpg,383132469e0bf53b7580a6fc392d4dc9,349,10,1,322283,0.31
/Users/soneyeoluwasina/Downloads/Skin/Train/melanoma/ISIC_0000462.jpg,54ffd3d7b71ae4b93f855c99915fa5f2,350,11,1,441881,0.42
/Users/soneyeoluwasina/Downloads/Skin/Train/melanoma/ISIC_0000310.jpg,19cdf2790664ed18643d62f0e2549b3e,351,12,1,340803,0.33
/Users/soneyeoluwasina/Downloads/Skin/Train/melanoma/ISIC_0001152.jpg,18ba6d253e6795293f9f9318db81eb8f,352,13,1,164774,0.16
/Users/soneyeoluwasina/Downloads/Skin/Train/melanoma/ISIC_0000516.jpg,a1ec9748477a7bf13699145c52e0527d,353,14,1,453640,0.43
/Users/soneyeoluwasina/Downloads/Skin/Train/melanoma/ISIC_0000502.jpg,0fe1673284d77d6c501fdeb8004bb41f,354,15,1,468529,0.45
/Users/soneyeoluwasina/Downloads/Skin/Train/melanoma/ISIC_0011169.jpg,9912bfb44e7530954d39433078ca1c88,355,16,1,139489,0.13
/Users/soneyeoluwasina/Downloads/Skin/Train/melanoma/ISIC_0010288.jpg,ce7d92d85d5ab6d487a52e1f3d098204,356,17,1,207509,0.2
/Users/soneyeoluwasina/Downloads/Skin/Train/melanoma/ISIC_0010707.jpg,16011702ce93f5eb9d758c905ba40ca3,357,18,1,198342,0.19
/Users/soneyeoluwasina/Downloads/Skin/Train/melanoma/ISIC_0010049.jpg,cf49cfb3316d8eba293ad76da7e5d7b4,358,19,1,170548,0.16
/Users/soneyeoluwasina/Downloads/Skin/Train/melanoma/ISIC_0000299.jpg,05dc756ee61b4bea0ed51609ca45630c,359,0,1,336242,0.32
/Users/soneyeoluwasina/Downloads/Skin/Train/melanoma/ISIC_0010934.jpg,f5fd1005aa2370d5f12f070864f6d85b,360,1,1,76235,0.07
/Users/soneyeoluwasina/Downloads/Skin/Train/melanoma/ISIC_0000306.jpg,65429d951a017c86bba75695b5e0c393,361,2,1,325902,0.31
/Users/soneyeoluwasina/Downloads/Skin/Train/melanoma/ISIC_0000312.jpg,374e6575de915f7b44bc382611b22eb6,362,3,1,340445,0.32
/Users/soneyeoluwasina/Downloads/Skin/Train/melanoma/ISIC_0010883.jpg,4b59cb4e47360f1e166e41200dd4d105,363,4,1,153471,0.15
/Users/soneyeoluwasina/Downloads/Skin/Train/melanoma/ISIC_0000139.jpg,99a175949b811f85dd0b4a43f9ea62f2,364,5,1,939158,0.9
/Users/soneyeoluwasina/Downloads/Skin/Train/melanoma/ISIC_0010302.jpg,cdc4bd1376cb56fc8ca907c7e6c8dd02,365,6,1,214867,0.2
/Users/soneyeoluwasina/Downloads/Skin/Train/melanoma/ISIC_0010470.jpg,0c0100f95bfd06d8b107dcc7cdd31796,366,7,1,142358,0.14
/Users/soneyeoluwasina/Downloads/Skin/Train/melanoma/ISIC_0000313.jpg,8c497d090e52e058a543fd97b3ee3028,367,8,1,325582,0.31
/Users/soneyeoluwasina/Downloads/Skin/Train/melanoma/ISIC_0000307.jpg,c2d1ca0acfe90aaf561ce5f8e45e3f42,368,9,1,340733,0.32
/Users/soneyeoluwasina/Downloads/Skin/Train/melanoma/ISIC_0000298.jpg,f74d2a3c13c5428d8f4da22573fca69b,369,10,1,340922,0.33
/Users/soneyeoluwasina/Downloads/Skin/Train/melanoma/ISIC_0010909.jpg,a4c00a905c2cd52ef8edd84d916bbc29,370,11,1,208357,0.2
/Users/soneyeoluwasina/Downloads/Skin/Train/melanoma/ISIC_0001151.jpg,7654d0315acbeca6c88e7a7de1142d68,371,12,1,297771,0.28
/Users/soneyeoluwasina/Downloads/Skin/Train/melanoma/ISIC_0010289.jpg,3735387977b4b597265cfe2ef33f21d7,372,13,1,220153,0.21
/Users/soneyeoluwasina/Downloads/Skin/Train/melanoma/ISIC_0011140.jpg,8d295e7a202395cdf46be926f107b27d,373,14,1,176219,0.17
/Users/soneyeoluwasina/Downloads/Skin/Train/melanoma/ISIC_0011178.jpg,76c31695ef57d86759c99e9ef1991342,374,15,1,192520,0.18
/Users/soneyeoluwasina/Downloads/Skin/Train/melanoma/ISIC_0010514.jpg,8fb913081472de826b8dd3a961f92ebd,375,16,1,150356,0.14
/Users/soneyeoluwasina/Downloads/Skin/Train/melanoma/ISIC_0011187.jpg,46b6306c0a072beb9ee9b1844907ff04,376,17,1,167983,0.16
/Users/soneyeoluwasina/Downloads/Skin/Train/melanoma/ISIC_0010299.jpg,c5fdc5e2d35d051f3757de3bdc094e0a,377,18,1,147318,0.14
/Users/soneyeoluwasina/Downloads/Skin/Train/melanoma/ISIC_0009910.jpg,e902790aaa2823a960e27c5898b9da7b,378,19,1,220348,0.21
/Users/soneyeoluwasina/Downloads/Skin/Train/melanoma/ISIC_0011193.jpg,ce3643b5d9e186724915d0fc020d4e3b,379,0,1,197051,0.19
/Users/soneyeoluwasina/Downloads/Skin/Train/melanoma/ISIC_0001141.jpg,2a682bf0d6993cbcc0c1e269983180e7,380,1,1,303341,0.29
/Users/soneyeoluwasina/Downloads/Skin/Train/melanoma/ISIC_0000511.jpg,4ccda1699fdf006e294ea3677eb93c37,381,2,1,364235,0.35
/Users/soneyeoluwasina/Downloads/Skin/Train/melanoma/ISIC_0000288.jpg,fa8e0a13a2b68b7d08dfa5bba25ed19b,382,3,1,199942,0.19
/Users/soneyeoluwasina/Downloads/Skin/Train/melanoma/ISIC_0010925.jpg,1dc6b8efaa6a68c0abeb465f3361eed6,383,4,1,191337,0.18
/Users/soneyeoluwasina/Downloads/Skin/Train/melanoma/ISIC_0000459.jpg,1e8bad4d6a5a92eea494e65166bf3f95,384,5,1,2568570,2.45
/Users/soneyeoluwasina/Downloads/Skin/Train/melanoma/ISIC_0000303.jpg,457f034e2284cbbd215a8af9f0d64c87,385,6,1,340070,0.32
/Users/soneyeoluwasina/Downloads/Skin/Train/melanoma/ISIC_0011030.jpg,9b8ca0b2591f0d3ae3a4f1a09cd15673,386,7,1,61052,0.06
/Users/soneyeoluwasina/Downloads/Skin/Train/melanoma/ISIC_0010313.jpg,f71e35a497c49835aa0de9dddc493568,387,8,1,122527,0.12
/Users/soneyeoluwasina/Downloads/Skin/Train/melanoma/ISIC_0011031.jpg,a33f0110fc128688e46ba1e3beff2a60,388,9,1,171992,0.16
/Users/soneyeoluwasina/Downloads/Skin/Train/melanoma/ISIC_0010878.jpg,1ad81666133d84d55c2d6f9205607d23,389,10,1,164284,0.16
/Users/soneyeoluwasina/Downloads/Skin/Train/melanoma/ISIC_0010663.jpg,8179729ab6192a15d79c07ee8ce2729e,390,11,1,210890,0.2
/Users/soneyeoluwasina/Downloads/Skin/Train/melanoma/ISIC_0000302.jpg,1417d2e2392a4023861933f67f966287,391,12,1,325816,0.31
/Users/soneyeoluwasina/Downloads/Skin/Train/melanoma/ISIC_0000289.jpg,6758acbd9b15609f56180953d06e3368,392,13,1,230223,0.22
/Users/soneyeoluwasina/Downloads/Skin/Train/melanoma/ISIC_0001140.jpg,372c7bc11b9916d7b355afc16348bd8b,393,14,1,263495,0.25
/Users/soneyeoluwasina/Downloads/Skin/Train/melanoma/ISIC_0001154.jpg,4b0f1b9e26db2cc09c7c798a23fd2084,394,15,1,970329,0.93
/Users/soneyeoluwasina/Downloads/Skin/Train/melanoma/ISIC_0009905.jpg,8e13d07703a043de8ea4a3209977cc2f,395,16,1,180838,0.17
/Users/soneyeoluwasina/Downloads/Skin/Train/melanoma/ISIC_0010267.jpg,a539429a611b8076338586cfd21994fc,396,17,1,72921,0.07
/Users/soneyeoluwasina/Downloads/Skin/Train/melanoma/ISIC_0011151.jpg,578ec49707828246ac060be71213c9ca,397,18,1,193997,0.19
/Users/soneyeoluwasina/Downloads/Skin/Train/melanoma/ISIC_0010271.jpg,d58bf02aadbcacb78abccd0a3db72f65,398,19,1,167801,0.16
/Users/soneyeoluwasina/Downloads/Skin/Train/melanoma/ISIC_0010265.jpg,5a8acf29aa6a81146c3e4bae87bd2604,399,0,1,190251,0.18
/Users/soneyeoluwasina/Downloads/Skin/Train/melanoma/ISIC_0010503.jpg,a2475673992dc4d569108b6eb586801f,400,1,1,217173,0.21
/Users/soneyeoluwasina/Downloads/Skin/Train/melanoma/ISIC_0009913.jpg,96d1f4bfe71f2dcc615c0996ad7c900b,401,2,1,204740,0.2
/Users/soneyeoluwasina/Downloads/Skin/Train/melanoma/ISIC_0001142.jpg,9bb6441ef3536d0a81de1883fe9bca6e,402,3,1,275059,0.26
/Users/soneyeoluwasina/Downloads/Skin/Train/melanoma/ISIC_0010729.jpg,193e4194f1aa5bb8cdcd000624b6594f,403,4,1,188812,0.18
/Users/soneyeoluwasina/Downloads/Skin/Train/melanoma/ISIC_0010067.jpg,51e6a5c0a7a114b2ae01af832c726042,404,5,1,161998,0.15
/Users/soneyeoluwasina/Downloads/Skin/Train/melanoma/ISIC_0000314.jpg,06b42a456534273261481a9f473f0ed5,405,6,1,309903,0.3
/Users/soneyeoluwasina/Downloads/Skin/Train/melanoma/ISIC_0000466.jpg,90ff4ae41c6506aeb21bfea75e13e18d,406,7,1,340462,0.32
/Users/soneyeoluwasina/Downloads/Skin/Train/melanoma/ISIC_0000300.jpg,f41c4913352658e84b91041fa5ba48a7,407,8,1,332659,0.32
/Users/soneyeoluwasina/Downloads/Skin/Train/melanoma/ISIC_0010852.jpg,b7748a7e0cb3366e4d88533b813c6ce3,408,9,1,165785,0.16
/Users/soneyeoluwasina/Downloads/Skin/Train/melanoma/ISIC_0009898.jpg,b942e9cf6f0aaaaa6ecfa9411bfdffa9,409,10,1,63753,0.06
/Users/soneyeoluwasina/Downloads/Skin/Train/melanoma/ISIC_0010476.jpg,537cf7e7d490d145ea8c8b46e1b8475f,410,11,1,46680,0.04
/Users/soneyeoluwasina/Downloads/Skin/Train/melanoma/ISIC_0011032.jpg,6d08d14dba0327cba260324a124068ae,411,12,1,268153,0.26
/Users/soneyeoluwasina/Downloads/Skin/Train/melanoma/ISIC_0000301.jpg,1019e6391198dfb0cfad6c235896527e,412,13,1,324946,0.31
/Users/soneyeoluwasina/Downloads/Skin/Train/melanoma/ISIC_0010106.jpg,3053caaecbd6c3293650d60d9b6af0ad,413,14,1,212583,0.2
/Users/soneyeoluwasina/Downloads/Skin/Train/melanoma/ISIC_0010648.jpg,e041c02a86d4eb4221c1f9b7a567f5c3,414,15,1,205639,0.2
/Users/soneyeoluwasina/Downloads/Skin/Train/melanoma/ISIC_0010890.jpg,5f39cade0af93256b43817e1c745a55c,415,16,1,180954,0.17
/Users/soneyeoluwasina/Downloads/Skin/Train/melanoma/ISIC_0000513.jpg,5bb742ad43e68b9198dd1cefde65597b,416,17,1,346334,0.33
/Users/soneyeoluwasina/Downloads/Skin/Train/melanoma/ISIC_0010714.jpg,1d48833f721dc4a4acb17ffd97ac9a41,417,18,1,54426,0.05
/Users/soneyeoluwasina/Downloads/Skin/Train/melanoma/ISIC_0001157.jpg,dd419d7bb8d5606a8aa715087969e485,418,19,1,272916,0.26
/Users/soneyeoluwasina/Downloads/Skin/Train/melanoma/ISIC_0001143.jpg,8b0aff55ea8af4f80eea42e3a336274f,419,0,1,655676,0.63
/Users/soneyeoluwasina/Downloads/Skin/Train/melanoma/ISIC_0010728.jpg,ac63499d9edab50b75728ab5c5cbd482,420,1,1,227698,0.22
/Users/soneyeoluwasina/Downloads/Skin/Train/melanoma/ISIC_0011185.jpg,6638e66d39709c9d56f3f4f026cf8089,421,2,1,67281,0.06
/Users/soneyeoluwasina/Downloads/Skin/Train/melanoma/ISIC_0010516.jpg,29d6faee0ca2cbbc44fd6455f39e5ab2,422,3,1,220465,0.21
/Users/soneyeoluwasina/Downloads/Skin/Train/melanoma/ISIC_0010217.jpg,0267e1ec6543a5b2452397ad638ad685,423,4,1,290756,0.28
/Users/soneyeoluwasina/Downloads/Skin/Train/melanoma/ISIC_0011135.jpg,dce38eefbf80983e62312efc99f82907,424,5,1,186854,0.18
/Users/soneyeoluwasina/Downloads/Skin/Train/melanoma/ISIC_0011121.jpg,c97cb8a7f1c244fef28a6cc4ab87adbd,425,6,1,188024,0.18
/Users/soneyeoluwasina/Downloads/Skin/Train/melanoma/ISIC_0010559.jpg,65d3db70040468c5104d10e4be55782b,426,7,1,285279,0.27
/Users/soneyeoluwasina/Downloads/Skin/Train/melanoma/ISIC_0001118.jpg,3f5232bd184860fa2e54c066fea78267,427,8,1,628657,0.6
/Users/soneyeoluwasina/Downloads/Skin/Train/melanoma/ISIC_0010767.jpg,1cfda39b3620784d3a30d6898bfd9d3c,428,9,1,193507,0.18
/Users/soneyeoluwasina/Downloads/Skin/Train/melanoma/ISIC_0001124.jpg,44eef7897a29aba7cb945c2e6809fcfa,429,10,1,430741,0.41
/Users/soneyeoluwasina/Downloads/Skin/Train/melanoma/ISIC_0010029.jpg,fa553f45e1fd20bd9771a83b486b749c,430,11,1,176006,0.17
/Users/soneyeoluwasina/Downloads/Skin/Train/melanoma/ISIC_0000548.jpg,add706bd5bc805cfdcedd810b020e7ee,431,12,1,24727,0.02
/Users/soneyeoluwasina/Downloads/Skin/Train/melanoma/ISIC_0000414.jpg,c6a0201b0579203115e6cad3f9e9f8ca,432,13,1,334046,0.32
/Users/soneyeoluwasina/Downloads/Skin/Train/melanoma/ISIC_0000400.jpg,07dc6a21e4fe105f41cba1b18e659ace,433,14,1,633421,0.6
/Users/soneyeoluwasina/Downloads/Skin/Train/melanoma/ISIC_0010175.jpg,2c9dc712fd25c1a6ca683422d0b91997,434,15,1,190645,0.18
/Users/soneyeoluwasina/Downloads/Skin/Train/melanoma/ISIC_0000428.jpg,70d39c3ac3c83f26b6db432454821882,435,16,1,780117,0.74
/Users/soneyeoluwasina/Downloads/Skin/Train/melanoma/ISIC_0010808.jpg,532aa4a187d39bfc9aac2c88ddcecca4,101,0,2,189079,0.18
/Users/soneyeoluwasina/Downloads/Skin/Train/melanoma/ISIC_0010834.jpg,1fecbed40c940d2f4538e708a19adc09,436,17,1,165788,0.16
/Users/soneyeoluwasina/Downloads/Skin/Train/melanoma/ISIC_0000399.jpg,de2b087701694989801edd3a581bb1e9,437,18,1,601025,0.57
/Users/soneyeoluwasina/Downloads/Skin/Train/melanoma/ISIC_0000170.jpg,8db97c857ab7477da5ae49b1c87a3835,438,19,1,33046,0.03
/Users/soneyeoluwasina/Downloads/Skin/Train/melanoma/ISIC_0000164.jpg,8877d138b61d88d0149f4a72767813ec,439,1,1,63155,0.06
/Users/soneyeoluwasina/Downloads/Skin/Train/melanoma/ISIC_0000158.jpg,398ae32ba69e25534f6e9de350d23be5,440,2,1,33273,0.03
/Users/soneyeoluwasina/Downloads/Skin/Train/melanoma/ISIC_0010388.jpg,a9c7ef5f18518994ffc12e843f9793fe,441,3,1,311311,0.3
/Users/soneyeoluwasina/Downloads/Skin/Train/melanoma/ISIC_0000159.jpg,484b26717554142a56f77de0584fccf8,442,4,1,49099,0.05
/Users/soneyeoluwasina/Downloads/Skin/Train/melanoma/ISIC_0011040.jpg,51ad46c34f3fd120b4cc362fd33f2c6c,443,5,1,181454,0.17
/Users/soneyeoluwasina/Downloads/Skin/Train/melanoma/ISIC_0000165.jpg,d792c54d4529d9c7d3babb3956a4df7a,444,6,1,45179,0.04
/Users/soneyeoluwasina/Downloads/Skin/Train/melanoma/ISIC_0010376.jpg,ba818f3bc76a3e0217a031fbb007a6aa,445,7,1,242200,0.23
/Users/soneyeoluwasina/Downloads/Skin/Train/melanoma/ISIC_0010410.jpg,b537afb2c1d4f3e8aca98ba377e76b07,446,8,1,155808,0.15
/Users/soneyeoluwasina/Downloads/Skin/Train/melanoma/ISIC_0000171.jpg,dd1f1bd3fc37a5bf56398a52fd273663,447,9,1,57433,0.05
/Users/soneyeoluwasina/Downloads/Skin/Train/melanoma/ISIC_0000398.jpg,917c5c34284511050714dae549fcec5c,448,10,1,161767,0.15
/Users/soneyeoluwasina/Downloads/Skin/Train/melanoma/ISIC_0010809.jpg,9729753e6ca92d892f60a6b01a742f26,102,1,2,216205,0.21
/Users/soneyeoluwasina/Downloads/Skin/Train/melanoma/ISIC_0010148.jpg,3419e9c962c303eda3d1ec8e8b745678,449,11,1,178165,0.17
/Users/soneyeoluwasina/Downloads/Skin/Train/melanoma/ISIC_0000401.jpg,798a97e6f2bc7161857935f5506a9a54,450,12,1,864680,0.82
/Users/soneyeoluwasina/Downloads/Skin/Train/melanoma/ISIC_0010174.jpg,47364293c8433d4c917b4c189e67dc19,451,13,1,175545,0.17
/Users/soneyeoluwasina/Downloads/Skin/Train/melanoma/ISIC_0000415.jpg,d0fdfb27eab422536d94140241981fae,452,14,1,720964,0.69
/Users/soneyeoluwasina/Downloads/Skin/Train/melanoma/ISIC_0010799.jpg,0ba33bc1df83a9bdc493590045205cc9,453,15,1,233913,0.22
/Users/soneyeoluwasina/Downloads/Skin/Train/melanoma/ISIC_0010982.jpg,072afbd645cef562dd881a186c65e77c,454,16,1,169227,0.16
/Users/soneyeoluwasina/Downloads/Skin/Train/melanoma/ISIC_0000549.jpg,aaa5830bab59c93059828f4928e3433d,455,17,1,41959,0.04
/Users/soneyeoluwasina/Downloads/Skin/Train/melanoma/ISIC_0001125.jpg,d4eaedcaf5ee3c6928585082d1877f24,456,18,1,703566,0.67
/Users/soneyeoluwasina/Downloads/Skin/Train/melanoma/ISIC_0010766.jpg,cedb5a3dd88fbb5f3a23a7a8bac67db1,457,19,1,137005,0.13
/Users/soneyeoluwasina/Downloads/Skin/Train/melanoma/ISIC_0010000.jpg,0c59d6396af26ec965c5fa7c6d70f418,458,0,1,190674,0.18
/Users/soneyeoluwasina/Downloads/Skin/Train/melanoma/ISIC_0001119.jpg,0bda0994539b6f4834716c26c7275153,459,2,1,483967,0.46
/Users/soneyeoluwasina/Downloads/Skin/Train/melanoma/ISIC_0010772.jpg,94e784b3d045735faf8bc070e0890a43,460,3,1,160786,0.15
/Users/soneyeoluwasina/Downloads/Skin/Train/melanoma/ISIC_0009960.jpg,097cd600a1f399852acf7e649488202c,461,4,1,147613,0.14
/Users/soneyeoluwasina/Downloads/Skin/Train/melanoma/ISIC_0010564.jpg,e9cb40dda9f8d61b869c309d2b22ab9b,462,5,1,151317,0.14
/Users/soneyeoluwasina/Downloads/Skin/Train/melanoma/ISIC_0009989.jpg,8e303b166c42dd50f4201845608348eb,463,6,1,84823,0.08
/Users/soneyeoluwasina/Downloads/Skin/Train/melanoma/ISIC_0011136.jpg,0931ce2176fe447f890a67c3db5c3b1e,464,7,1,173821,0.17
/Users/soneyeoluwasina/Downloads/Skin/Train/melanoma/ISIC_0010770.jpg,63154c094ab1adb787c73701ea0c13d1,465,8,1,143092,0.14
/Users/soneyeoluwasina/Downloads/Skin/Train/melanoma/ISIC_0010016.jpg,a0965169d7aaeca693f85074dd94889c,466,9,1,206370,0.2
/Users/soneyeoluwasina/Downloads/Skin/Train/melanoma/ISIC_0001127.jpg,f603234363f64a72f42d843cb932818c,467,10,1,359888,0.34
/Users/soneyeoluwasina/Downloads/Skin/Train/melanoma/ISIC_0010610.jpg,f4e832a8f7e6b40c9bcb12037b55524c,468,11,1,195466,0.19
/Users/soneyeoluwasina/Downloads/Skin/Train/melanoma/ISIC_0000417.jpg,abbfc54d82b67ff11fa5b87ace04890e,469,12,1,754010,0.72
/Users/soneyeoluwasina/Downloads/Skin/Train/melanoma/ISIC_0010162.jpg,cb8e299bb255f90e15f5de2caf56f939,470,13,1,183872,0.18
/Users/soneyeoluwasina/Downloads/Skin/Train/melanoma/ISIC_0010189.jpg,2d9922313dffd8491f9966fb2aeeab28,471,14,1,219543,0.21
/Users/soneyeoluwasina/Downloads/Skin/Train/melanoma/ISIC_0000167.jpg,9f93447a252f10cfb9fb1d3c8fd9e5a0,472,15,1,70573,0.07
/Users/soneyeoluwasina/Downloads/Skin/Train/melanoma/ISIC_0010360.jpg,eddfb183829e971721afcfc9c2caadb7,473,16,1,192056,0.18
/Users/soneyeoluwasina/Downloads/Skin/Train/melanoma/ISIC_0000173.jpg,a149eaf433b076e2b411bec165bbbf24,474,17,1,48760,0.05
/Users/soneyeoluwasina/Downloads/Skin/Train/melanoma/ISIC_0011056.jpg,473a9acd3272a893ac6cddc8d1939113,475,18,1,210271,0.2
/Users/soneyeoluwasina/Downloads/Skin/Train/melanoma/ISIC_0011042.jpg,3de9021bacd936a8de201435b312e056,476,19,1,152615,0.15
/Users/soneyeoluwasina/Downloads/Skin/Train/melanoma/ISIC_0011095.jpg,ae3daeb598c9aeb3b0124b6fb69257e4,477,0,1,218383,0.21
/Users/soneyeoluwasina/Downloads/Skin/Train/melanoma/ISIC_0011094.jpg,b09d672af8b127256c6479c500d5e191,478,1,1,270435,0.26
/Users/soneyeoluwasina/Downloads/Skin/Train/melanoma/ISIC_0011043.jpg,e9a8ddb5fa798259bb7a902b1b1faabf,479,2,1,172869,0.16
/Users/soneyeoluwasina/Downloads/Skin/Train/melanoma/ISIC_0010349.jpg,1e7e34b5d9592ef3be1a4091b5d30947,480,3,1,253312,0.24
/Users/soneyeoluwasina/Downloads/Skin/Train/melanoma/ISIC_0011057.jpg,5b1d7d6fadcd5e8cb75a7fe50b23fe2c,481,4,1,175244,0.17
/Users/soneyeoluwasina/Downloads/Skin/Train/melanoma/ISIC_0000172.jpg,054006889be9a8df1c79c005a14037ab,482,5,1,51250,0.05
/Users/soneyeoluwasina/Downloads/Skin/Train/melanoma/ISIC_0010407.jpg,f456411ff6044697469e16c532f29834,483,6,1,199171,0.19
/Users/soneyeoluwasina/Downloads/Skin/Train/melanoma/ISIC_0010413.jpg,11848f32bc26fcfd438fe0f1c40e0185,484,7,1,154094,0.15
/Users/soneyeoluwasina/Downloads/Skin/Train/melanoma/ISIC_0000166.jpg,03888180b82ed409a4551ba7353f513f,485,8,1,31287,0.03
/Users/soneyeoluwasina/Downloads/Skin/Train/melanoma/ISIC_0000402.jpg,35dec4b00872f0f6c15e99c0f53fbef9,486,9,1,817899,0.78
/Users/soneyeoluwasina/Downloads/Skin/Train/melanoma/ISIC_0010611.jpg,e9c5f7512e99b05d860efc39eb65b360,487,10,1,165976,0.16
/Users/soneyeoluwasina/Downloads/Skin/Train/melanoma/ISIC_0010942.jpg,c228e21efd01c4e4e868d64b4086c269,488,7,1,210245,0.2
/Users/soneyeoluwasina/Downloads/Skin/Train/melanoma/ISIC_0010995.jpg,3105ce58ecaf8232ffde046b718e50e2,489,11,1,174427,0.17
/Users/soneyeoluwasina/Downloads/Skin/Train/melanoma/ISIC_0001126.jpg,faa9fd6b827813217b71b79425edd29a,490,12,1,352940,0.34
/Users/soneyeoluwasina/Downloads/Skin/Train/melanoma/ISIC_0001132.jpg,2519fc15e3f8cad009230ee73983f770,491,13,1,423706,0.4
/Users/soneyeoluwasina/Downloads/Skin/Train/melanoma/ISIC_0010759.jpg,b1e8daa40f44b48306fac75fc5f8fe45,492,14,1,158095,0.15
/Users/soneyeoluwasina/Downloads/Skin/Train/melanoma/ISIC_0010765.jpg,860358985b09e464697e2afb96205cab,493,15,1,48000,0.05
/Users/soneyeoluwasina/Downloads/Skin/Train/melanoma/ISIC_0011137.jpg,37d004627aecf530ea55ca75f3016c55,494,16,1,181060,0.17
/Users/soneyeoluwasina/Downloads/Skin/Train/melanoma/ISIC_0010749.jpg,a89fb44646bc64e34adcc7ca44d31178,495,17,1,57354,0.05
/Users/soneyeoluwasina/Downloads/Skin/Train/melanoma/ISIC_0010007.jpg,709bd663e7b9ce8db6d5d0675042c8c5,496,18,1,183661,0.18
/Users/soneyeoluwasina/Downloads/Skin/Train/melanoma/ISIC_0010629.jpg,d16ad92617021253dcebc1678c226b52,497,19,1,63090,0.06
/Users/soneyeoluwasina/Downloads/Skin/Train/melanoma/ISIC_0000406.jpg,5ed116d02b7e2127f35d9ec314e0d842,498,0,1,663470,0.63
/Users/soneyeoluwasina/Downloads/Skin/Train/melanoma/ISIC_0000412.jpg,487c99693ac0c15905df92b659134a2e,499,1,1,553544,0.53
/Users/soneyeoluwasina/Downloads/Skin/Train/melanoma/ISIC_0010359.jpg,d3b5b722ddcc50baf2de1d3bdfe7a86e,500,2,1,228712,0.22
/Users/soneyeoluwasina/Downloads/Skin/Train/melanoma/ISIC_0000162.jpg,dbbb7ed17854fb2f4e3dc7064190546c,501,3,1,47673,0.05
/Users/soneyeoluwasina/Downloads/Skin/Train/melanoma/ISIC_0010417.jpg,611de7b6ef2135adc312b780ba7d6152,502,4,1,62169,0.06
/Users/soneyeoluwasina/Downloads/Skin/Train/melanoma/ISIC_0000176.jpg,7b2464cd27ad9832ef81790e96ccb7a3,503,5,1,78915,0.08
/Users/soneyeoluwasina/Downloads/Skin/Train/melanoma/ISIC_0010402.jpg,a9960f729fd04c2ede15b38a22e50cb7,504,6,1,220257,0.21
/Users/soneyeoluwasina/Downloads/Skin/Train/melanoma/ISIC_0010364.jpg,0f2dfe3205bea1a5b2918ea4b046a650,505,8,1,203101,0.19
/Users/soneyeoluwasina/Downloads/Skin/Train/melanoma/ISIC_0000163.jpg,7f2bba1c28b0e88edc312005dcde4ad2,506,9,1,48880,0.05
/Users/soneyeoluwasina/Downloads/Skin/Train/melanoma/ISIC_0010416.jpg,9b59df7b493f087f3072fcc32e9b683d,507,10,1,171792,0.16
/Users/soneyeoluwasina/Downloads/Skin/Train/melanoma/ISIC_0010358.jpg,b26c3c2b28b917b92149673f8e4d7c50,508,11,1,209133,0.2
/Users/soneyeoluwasina/Downloads/Skin/Train/melanoma/ISIC_0011052.jpg,ac436325f594443d2c942f126973ce77,509,12,1,167118,0.16
/Users/soneyeoluwasina/Downloads/Skin/Train/melanoma/ISIC_0000413.jpg,4b628170c5b51bee27b49d09caa49cc9,510,13,1,611661,0.58
/Users/soneyeoluwasina/Downloads/Skin/Train/melanoma/ISIC_0010990.jpg,9d0ff0b17d786a49b95d82086d384a54,511,14,1,173656,0.17
/Users/soneyeoluwasina/Downloads/Skin/Train/melanoma/ISIC_0001137.jpg,26d25b5c3d69616568c0e3e7177f88a6,512,15,1,290135,0.28
/Users/soneyeoluwasina/Downloads/Skin/Train/melanoma/ISIC_0010576.jpg,35786ec8e595ff963555b0892a347420,513,16,1,210360,0.2
/Users/soneyeoluwasina/Downloads/Skin/Train/melanoma/ISIC_0010210.jpg,3f4d27bdcdd8e59e6e7a2df41f302cc8,514,17,1,217098,0.21
/Users/soneyeoluwasina/Downloads/Skin/Train/melanoma/ISIC_0011132.jpg,7fa42b433951b3faf01a671e6bb2355a,515,18,1,154909,0.15
/Users/soneyeoluwasina/Downloads/Skin/Train/melanoma/ISIC_0011130.jpg,9c64b4e0bc400bc8d2edf64fe5685a2c,516,19,1,149624,0.14
/Users/soneyeoluwasina/Downloads/Skin/Train/melanoma/ISIC_0010548.jpg,f5e67ac392f19c204ffff3d92a0b4521,517,0,1,227054,0.22
/Users/soneyeoluwasina/Downloads/Skin/Train/melanoma/ISIC_0001121.jpg,7f0dfb6888bab9968fbc7809dd748603,518,1,1,262298,0.25
/Users/soneyeoluwasina/Downloads/Skin/Train/melanoma/ISIC_0001135.jpg,6f64f55a59a5b0884825c552671e5810,519,2,1,354786,0.34
/Users/soneyeoluwasina/Downloads/Skin/Train/melanoma/ISIC_0010789.jpg,2f3f22d1319674d92d03ff0b549e0354,520,3,1,180171,0.17
/Users/soneyeoluwasina/Downloads/Skin/Train/melanoma/ISIC_0010979.jpg,4181378ec46c60537a7be0dc901cdb5a,521,4,1,143169,0.14
/Users/soneyeoluwasina/Downloads/Skin/Train/melanoma/ISIC_0000411.jpg,25766180769d391822e6f7ce4250cd16,522,5,1,461156,0.44
/Users/soneyeoluwasina/Downloads/Skin/Train/melanoma/ISIC_0010164.jpg,f2fb873a2bae7be0a0064e2851f63e86,523,6,1,161263,0.15
/Users/soneyeoluwasina/Downloads/Skin/Train/melanoma/ISIC_0000405.jpg,84200c7914c6de44d17894e1d4c99983,524,7,1,737520,0.7
/Users/soneyeoluwasina/Downloads/Skin/Train/melanoma/ISIC_0000149.jpg,53e52fa86fbde6e42fa0c25f66f5847a,525,8,1,1057866,1.01
/Users/soneyeoluwasina/Downloads/Skin/Train/melanoma/ISIC_0000175.jpg,1eceb5722102c936ac8a441db398b163,526,9,1,40094,0.04
/Users/soneyeoluwasina/Downloads/Skin/Train/melanoma/ISIC_0010366.jpg,a60a9b5bf6a29c956799dfb6ac92374b,527,10,1,56959,0.05
/Users/soneyeoluwasina/Downloads/Skin/Train/melanoma/ISIC_0010400.jpg,4a4af62b36e79480874da8c40074b970,528,11,1,178626,0.17
/Users/soneyeoluwasina/Downloads/Skin/Train/melanoma/ISIC_0010414.jpg,2534acf2147d08679ec41870a0263702,529,12,1,211729,0.2
/Users/soneyeoluwasina/Downloads/Skin/Train/melanoma/ISIC_0000161.jpg,b93c9463f63f066e0838377af3a26c44,530,13,1,64167,0.06
/Users/soneyeoluwasina/Downloads/Skin/Train/melanoma/ISIC_0010372.jpg,b3d3a9d2a1bb606b6afd0b3fce6b5923,531,14,1,178580,0.17
/Users/soneyeoluwasina/Downloads/Skin/Train/melanoma/ISIC_0010398.jpg,9e1b4155274c9aeaa7f4fd23923cace6,532,15,1,213618,0.2
/Users/soneyeoluwasina/Downloads/Skin/Train/melanoma/ISIC_0010415.jpg,e3bfd3240008da2f19ffebec0dab0510,533,16,1,59710,0.06
/Users/soneyeoluwasina/Downloads/Skin/Train/melanoma/ISIC_0000160.jpg,08077dbe2c0cb2aefed9e362af3fac54,534,17,1,39033,0.04
/Users/soneyeoluwasina/Downloads/Skin/Train/melanoma/ISIC_0000174.jpg,f2eae680e86129bbe263a30eb32b5865,535,18,1,62717,0.06
/Users/soneyeoluwasina/Downloads/Skin/Train/melanoma/ISIC_0010401.jpg,019edd4f3133779f1df3e69795a37315,536,19,1,170195,0.16
/Users/soneyeoluwasina/Downloads/Skin/Train/melanoma/ISIC_0000148.jpg,045e3b3b721ee6b33d9dc44a60cbf226,537,0,1,1083093,1.03
/Users/soneyeoluwasina/Downloads/Skin/Train/melanoma/ISIC_0011045.jpg,64e1d4c8a28de6fd8be9a42026056da3,538,1,1,159711,0.15
/Users/soneyeoluwasina/Downloads/Skin/Train/melanoma/ISIC_0010171.jpg,1d004c6aafe2519cce4178fd4c21a7b5,539,2,1,175296,0.17
/Users/soneyeoluwasina/Downloads/Skin/Train/melanoma/ISIC_0000404.jpg,82e54018046b53b418d7cc4260e6e1d1,540,3,1,861965,0.82
/Users/soneyeoluwasina/Downloads/Skin/Train/melanoma/ISIC_0000410.jpg,12d56b6979abf50a2e4a1f4956282eee,541,4,1,394296,0.38
/Users/soneyeoluwasina/Downloads/Skin/Train/melanoma/ISIC_0010165.jpg,8970eb81aba59fb2f3e80e90ac995d24,542,5,1,125010,0.12
/Users/soneyeoluwasina/Downloads/Skin/Train/melanoma/ISIC_0010978.jpg,141dcd57f5d1de96993578ec8eefd2d8,543,6,1,74323,0.07
/Users/soneyeoluwasina/Downloads/Skin/Train/melanoma/ISIC_0001108.jpg,ae348027c917d85bbfc7f5a161657117,544,7,1,633882,0.6
/Users/soneyeoluwasina/Downloads/Skin/Train/melanoma/ISIC_0010777.jpg,f7922d61fcce081d714dce2f40bd4990,545,8,1,251932,0.24
/Users/soneyeoluwasina/Downloads/Skin/Train/melanoma/ISIC_0010011.jpg,18250888a118a176c3a3a3daa7dccfca,546,9,1,150614,0.14
/Users/soneyeoluwasina/Downloads/Skin/Train/melanoma/ISIC_0010039.jpg,de871e0a2ec51514f5987394c6778820,547,10,1,232026,0.22
/Users/soneyeoluwasina/Downloads/Skin/Train/melanoma/ISIC_0001134.jpg,3164d2550e391734f5c251ce5ededbdb,548,11,1,381313,0.36
/Users/soneyeoluwasina/Downloads/Skin/Train/melanoma/ISIC_0010993.jpg,fbd2afcf564f4ece0822fde61f15245f,549,12,1,207468,0.2
/Users/soneyeoluwasina/Downloads/Skin/Train/melanoma/ISIC_0009971.jpg,350bbf9ed3726d1d131a5da5a5ed8f7f,550,13,1,145718,0.14
/Users/soneyeoluwasina/Downloads/Skin/Train/melanoma/ISIC_0010207.jpg,7ffb1463bcdac2d467356210de59b4da,551,14,1,219653,0.21
/Users/soneyeoluwasina/Downloads/Skin/Train/melanoma/ISIC_0011125.jpg,100b10c91cf01153f1d25d8955f14340,552,15,1,214485,0.2
/Users/soneyeoluwasina/Downloads/Skin/Train/pigmented benign keratosis/ISIC_0026790.jpg,8cc5408b63e9dd2ce8e0106d766e7ab5,553,16,1,325757,0.31
/Users/soneyeoluwasina/Downloads/Skin/Train/pigmented benign keratosis/ISIC_0024839.jpg,4dc7b9170c12fa3dde925762e16e2fbc,554,17,1,306699,0.29
/Users/soneyeoluwasina/Downloads/Skin/Train/pigmented benign keratosis/ISIC_0025716.jpg,23ddf0fec8fced3cd7cd31c9769d515f,555,18,1,157273,0.15
/Users/soneyeoluwasina/Downloads/Skin/Train/pigmented benign keratosis/ISIC_0025064.jpg,5cdb93296ef5d59b314decf1843526e8,556,19,1,253255,0.24
/Users/soneyeoluwasina/Downloads/Skin/Train/pigmented benign keratosis/ISIC_0025851.jpg,4290b909b91a42452c85b22170a1f7b0,557,0,1,322288,0.31
/Users/soneyeoluwasina/Downloads/Skin/Train/pigmented benign keratosis/ISIC_0025879.jpg,3cc98a66ecdaa2ce5fc9c4b73622847a,558,1,1,350586,0.33
/Users/soneyeoluwasina/Downloads/Skin/Train/pigmented benign keratosis/ISIC_0027713.jpg,da4ce0d35b684e73079e9a2bac4e2f16,559,2,1,296096,0.28
/Users/soneyeoluwasina/Downloads/Skin/Train/pigmented benign keratosis/ISIC_0024971.jpg,2082bad10d5965c08870009b042a9451,560,3,1,263801,0.25
/Users/soneyeoluwasina/Downloads/Skin/Train/pigmented benign keratosis/ISIC_0028622.jpg,222d0263aea5fada8ff5848f3d793c2d,561,4,1,296185,0.28
/Users/soneyeoluwasina/Downloads/Skin/Train/pigmented benign keratosis/ISIC_0025312.jpg,4fdae70d607a0ed22e37508d01bf08c4,562,5,1,255132,0.24
/Users/soneyeoluwasina/Downloads/Skin/Train/pigmented benign keratosis/ISIC_0027504.jpg,4933d0e91b39c3ece3401e216b7b1ba4,563,6,1,267376,0.25
/Users/soneyeoluwasina/Downloads/Skin/Train/pigmented benign keratosis/ISIC_0028623.jpg,fb38011d46616a2de1637c365c70047e,564,7,1,273948,0.26
/Users/soneyeoluwasina/Downloads/Skin/Train/pigmented benign keratosis/ISIC_0024970.jpg,0507cfba437c3ed03762b3c07879a63c,565,8,1,287805,0.27
/Users/soneyeoluwasina/Downloads/Skin/Train/pigmented benign keratosis/ISIC_0027706.jpg,8b4e7b69978dff269981a54f945a49b2,566,9,1,197761,0.19
/Users/soneyeoluwasina/Downloads/Skin/Train/pigmented benign keratosis/ISIC_0028347.jpg,b3a9a2db37d2cee5ce2639d99b9648d6,567,10,1,321854,0.31
/Users/soneyeoluwasina/Downloads/Skin/Train/pigmented benign keratosis/ISIC_0025703.jpg,b42cda2c155783128613e35ed4533f5d,568,11,1,286673,0.27
/Users/soneyeoluwasina/Downloads/Skin/Train/pigmented benign keratosis/ISIC_0028555.jpg,d3638ba9dd064a944a7deab867b66818,569,12,1,266628,0.25
/Users/soneyeoluwasina/Downloads/Skin/Train/pigmented benign keratosis/ISIC_0028233.jpg,6300fb57fa769a621ff5be8681b62113,570,13,1,433838,0.41
/Users/soneyeoluwasina/Downloads/Skin/Train/pigmented benign keratosis/ISIC_0024435.jpg,b3be6742f724a9fd060754b025d5d3b9,571,7,1,301769,0.29
/Users/soneyeoluwasina/Downloads/Skin/Train/pigmented benign keratosis/ISIC_0027470.jpg,1959574ce890dd90da03235878a5a1d9,572,14,1,189417,0.18
/Users/soneyeoluwasina/Downloads/Skin/Train/pigmented benign keratosis/ISIC_0025515.jpg,e9d15e8fd6da3b64b5763648a049a402,573,15,1,277463,0.26
/Users/soneyeoluwasina/Downloads/Skin/Train/pigmented benign keratosis/ISIC_0024623.jpg,070c63b20246178fbcfda5f57e3aeb36,574,16,1,359939,0.34
/Users/soneyeoluwasina/Downloads/Skin/Train/pigmented benign keratosis/ISIC_0025529.jpg,d7961124a275a694df9ee253ee67e52c,575,17,1,260019,0.25
/Users/soneyeoluwasina/Downloads/Skin/Train/pigmented benign keratosis/ISIC_0026961.jpg,e5c573ae7041d355cb61e6246a6cef83,576,18,1,291358,0.28
/Users/soneyeoluwasina/Downloads/Skin/Train/pigmented benign keratosis/ISIC_0026787.jpg,2620e17ec8327e8634ab9a967ca5c409,577,19,1,271288,0.26
/Users/soneyeoluwasina/Downloads/Skin/Train/pigmented benign keratosis/ISIC_0026744.jpg,3c086f648ed7ffc8f7bd0631afb43c14,578,0,1,276712,0.26
/Users/soneyeoluwasina/Downloads/Skin/Train/pigmented benign keratosis/ISIC_0024635.jpg,b282be518652265932f602e2b597534f,579,1,1,258067,0.25
/Users/soneyeoluwasina/Downloads/Skin/Train/pigmented benign keratosis/ISIC_0028386.jpg,82f28a030365c1000bac25e4f3be35a3,580,2,1,320941,0.31
/Users/soneyeoluwasina/Downloads/Skin/Train/pigmented benign keratosis/ISIC_0025885.jpg,0917357ba3e999b315a28fed558958f2,581,3,1,389170,0.37
/Users/soneyeoluwasina/Downloads/Skin/Train/pigmented benign keratosis/ISIC_0025113.jpg,39bebd09ab38cffb0db3198a4d339a22,582,4,1,253128,0.24
/Users/soneyeoluwasina/Downloads/Skin/Train/pigmented benign keratosis/ISIC_0025661.jpg,13f02c90f73721533bffe68db5027da5,583,5,1,345545,0.33
/Users/soneyeoluwasina/Downloads/Skin/Train/pigmented benign keratosis/ISIC_0027710.jpg,a6677a3e543632da6ea5acfdb0cb5bcb,584,6,1,358352,0.34
/Users/soneyeoluwasina/Downloads/Skin/Train/pigmented benign keratosis/ISIC_0024782.jpg,4b8171ce8be9c96895d81f7c4542852a,585,8,1,250341,0.24
/Users/soneyeoluwasina/Downloads/Skin/Train/pigmented benign keratosis/ISIC_0026803.jpg,82d6ee718dabd23483d6a8f40a04e25c,586,9,1,278391,0.27
/Users/soneyeoluwasina/Downloads/Skin/Train/pigmented benign keratosis/ISIC_0026142.jpg,9bd9366684837215210d02edbb4dae7c,587,10,1,200407,0.19
/Users/soneyeoluwasina/Downloads/Skin/Train/pigmented benign keratosis/ISIC_0025339.jpg,64a4efac31fbf05b98cc9fa274b4da8e,588,11,1,334576,0.32
/Users/soneyeoluwasina/Downloads/Skin/Train/pigmented benign keratosis/ISIC_0024741.jpg,38d1481b128271fc4f05874955d120e9,589,12,1,269789,0.26
/Users/soneyeoluwasina/Downloads/Skin/Train/pigmented benign keratosis/ISIC_0027513.jpg,ef5bf6754068a2562f2caa1ecd4f1150,590,13,1,249711,0.24
/Users/soneyeoluwasina/Downloads/Skin/Train/pigmented benign keratosis/ISIC_0027275.jpg,7bf0c5c59f072d4b4ee5550de7275395,591,14,1,339426,0.32
/Users/soneyeoluwasina/Downloads/Skin/Train/pigmented benign keratosis/ISIC_0026631.jpg,36297b12d58718fbe2088929e3a52504,592,15,1,307171,0.29
/Users/soneyeoluwasina/Downloads/Skin/Train/pigmented benign keratosis/ISIC_0024740.jpg,d62125a3cc21763f15846c4dcccc23f1,593,16,1,202739,0.19
/Users/soneyeoluwasina/Downloads/Skin/Train/pigmented benign keratosis/ISIC_0027739.jpg,39d751330c4f03af76d2d883b4da3318,594,17,1,250465,0.24
/Users/soneyeoluwasina/Downloads/Skin/Train/pigmented benign keratosis/ISIC_0024581.jpg,33f574bb631e7212f1d251aedbe3a084,595,18,1,265080,0.25
/Users/soneyeoluwasina/Downloads/Skin/Train/pigmented benign keratosis/ISIC_0025066.jpg,cf61e867be6bc160967a060e36f4bdac,596,19,1,263828,0.25
/Users/soneyeoluwasina/Downloads/Skin/Train/pigmented benign keratosis/ISIC_0026553.jpg,3b07ad4f1bd34b7b5db2d9faa2168884,597,0,1,235280,0.22
/Users/soneyeoluwasina/Downloads/Skin/Train/pigmented benign keratosis/ISIC_0026590.jpg,fefb0fca0f3274937457ce00da96cd65,598,1,1,288320,0.27
/Users/soneyeoluwasina/Downloads/Skin/Train/pigmented benign keratosis/ISIC_0025099.jpg,7413fbe95373d1c82f4fef26702903c8,599,2,1,246469,0.24
/Users/soneyeoluwasina/Downloads/Skin/Train/pigmented benign keratosis/ISIC_0026769.jpg,ea51681e53078794b96b231f18e628c9,600,3,1,301849,0.29
/Users/soneyeoluwasina/Downloads/Skin/Train/pigmented benign keratosis/ISIC_0027463.jpg,1f1151c3686fabb91478daa236337b03,601,4,1,265579,0.25
/Users/soneyeoluwasina/Downloads/Skin/Train/pigmented benign keratosis/ISIC_0025937.jpg,3d7cf1339c7eeddef202a741eb2c92c9,602,5,1,236568,0.23
/Users/soneyeoluwasina/Downloads/Skin/Train/pigmented benign keratosis/ISIC_0025076.jpg,5ebf543fc1f01a2b79e98fcf365011ed,603,6,1,266865,0.25
/Users/soneyeoluwasina/Downloads/Skin/Train/pigmented benign keratosis/ISIC_0025710.jpg,d2d71704919dd357bec3b76d2d58efc6,604,7,1,307626,0.29
/Users/soneyeoluwasina/Downloads/Skin/Train/pigmented benign keratosis/ISIC_0026219.jpg,82fceb4ca975619559610e2b92b5f880,605,8,1,271348,0.26
/Users/soneyeoluwasina/Downloads/Skin/Train/pigmented benign keratosis/ISIC_0027649.jpg,faedc84b47f6d4cf9cf7ed7cc2d3fa6c,606,9,1,289334,0.28
/Users/soneyeoluwasina/Downloads/Skin/Train/pigmented benign keratosis/ISIC_0028354.jpg,af8da00190bef61805c412dd04455631,607,10,1,305518,0.29
/Users/soneyeoluwasina/Downloads/Skin/Train/pigmented benign keratosis/ISIC_0026351.jpg,cd8b96467e4a30a85180dcb00d4ca3ac,608,11,1,305842,0.29
/Users/soneyeoluwasina/Downloads/Skin/Train/pigmented benign keratosis/ISIC_0025466.jpg,f426036ae910a83abe896a60575bf979,609,12,1,248762,0.24
/Users/soneyeoluwasina/Downloads/Skin/Train/pigmented benign keratosis/ISIC_0026153.jpg,8effb0dd5794e6c621b616dc9a78e19e,610,13,1,260089,0.25
/Users/soneyeoluwasina/Downloads/Skin/Train/pigmented benign keratosis/ISIC_0026634.jpg,fa702078915d68d297a555f7f5de010e,611,14,1,274007,0.26
/Users/soneyeoluwasina/Downloads/Skin/Train/pigmented benign keratosis/ISIC_0027270.jpg,248a9cbe202e702d119b595f559d7a57,612,15,1,334617,0.32
/Users/soneyeoluwasina/Downloads/Skin/Train/pigmented benign keratosis/ISIC_0024786.jpg,615c521c1d1aa9f57b56dcfba8150a78,613,16,1,231104,0.22
/Users/soneyeoluwasina/Downloads/Skin/Train/pigmented benign keratosis/ISIC_0028180.jpg,674de23dc83fd8ffdf3e4b60c1f0d681,614,17,1,298307,0.28
/Users/soneyeoluwasina/Downloads/Skin/Train/pigmented benign keratosis/ISIC_0024547.jpg,eb70171bcaf048d4348dceb9d113b058,615,18,1,263760,0.25
/Users/soneyeoluwasina/Downloads/Skin/Train/pigmented benign keratosis/ISIC_0025659.jpg,8ebfe8598491fc1f8b4da9da434fdeec,616,19,1,286245,0.27
/Users/soneyeoluwasina/Downloads/Skin/Train/pigmented benign keratosis/ISIC_0026422.jpg,83029387e03f973c7999ba13812f7b3d,617,0,1,302016,0.29
/Users/soneyeoluwasina/Downloads/Skin/Train/pigmented benign keratosis/ISIC_0025103.jpg,84afb99702075adcee6a3a34f512979f,618,1,1,324540,0.31
/Users/soneyeoluwasina/Downloads/Skin/Train/pigmented benign keratosis/ISIC_0026378.jpg,36904c300e89fa305364c6daedb6f719,619,2,1,298009,0.28
/Users/soneyeoluwasina/Downloads/Skin/Train/pigmented benign keratosis/ISIC_0025842.jpg,97352134725af7e2af82723c3038dd1a,620,3,1,252703,0.24
/Users/soneyeoluwasina/Downloads/Skin/Train/pigmented benign keratosis/ISIC_0025856.jpg,d9402707e31ec1645719df26d582369b,621,4,1,327687,0.31
/Users/soneyeoluwasina/Downloads/Skin/Train/pigmented benign keratosis/ISIC_0028209.jpg,38f68e250cfbfd0d32ff0f865cd8dd86,622,5,1,251716,0.24
/Users/soneyeoluwasina/Downloads/Skin/Train/pigmented benign keratosis/ISIC_0026556.jpg,91486001120fc687da06160b3e548362,623,6,1,376676,0.36
/Users/soneyeoluwasina/Downloads/Skin/Train/pigmented benign keratosis/ISIC_0025063.jpg,9ad52682ad0f50a49848ed093dbb384f,624,7,1,285687,0.27
/Users/soneyeoluwasina/Downloads/Skin/Train/pigmented benign keratosis/ISIC_0025275.jpg,a526b6178a9853f828acb34b1fb282ab,625,8,1,211258,0.2
/Users/soneyeoluwasina/Downloads/Skin/Train/pigmented benign keratosis/ISIC_0027310.jpg,5161f1343cd4588fff7bb858561d06cd,626,9,1,246635,0.24
/Users/soneyeoluwasina/Downloads/Skin/Train/pigmented benign keratosis/ISIC_0025507.jpg,bca338c2979b9e0667f605dabc725e64,627,10,1,224028,0.21
/Users/soneyeoluwasina/Downloads/Skin/Train/pigmented benign keratosis/ISIC_0026783.jpg,f6c068581c17c621b2216acda0684f06,628,11,1,344117,0.33
/Users/soneyeoluwasina/Downloads/Skin/Train/pigmented benign keratosis/ISIC_0026967.jpg,1dd99b561fea2854c40ddf574c616a5d,629,12,1,331654,0.32
/Users/soneyeoluwasina/Downloads/Skin/Train/pigmented benign keratosis/ISIC_0024814.jpg,da0c152fd3b1fb5d810afd4ab08c389f,630,13,1,312895,0.3
/Users/soneyeoluwasina/Downloads/Skin/Train/pigmented benign keratosis/ISIC_0026959.jpg,3c10d2f0462e3579ce069b9fe696b9eb,631,14,1,355199,0.34
/Users/soneyeoluwasina/Downloads/Skin/Train/pigmented benign keratosis/ISIC_0026018.jpg,5439438b49bbfd7142c480f1ff7410cf,632,15,1,245114,0.23
/Users/soneyeoluwasina/Downloads/Skin/Train/pigmented benign keratosis/ISIC_0028237.jpg,0d953223a70617684d2e4c2ddb82e914,633,16,1,249030,0.24
/Users/soneyeoluwasina/Downloads/Skin/Train/pigmented benign keratosis/ISIC_0025075.jpg,5bfc59627a70521f4e9f4601aa640158,634,17,1,334200,0.32
/Users/soneyeoluwasina/Downloads/Skin/Train/pigmented benign keratosis/ISIC_0028223.jpg,78977436dde98325ca6cd8e70a358894,635,18,1,230283,0.22
/Users/soneyeoluwasina/Downloads/Skin/Train/pigmented benign keratosis/ISIC_0024592.jpg,60b19d45c30980b5df161bb4a853bab6,636,19,1,269413,0.26
/Users/soneyeoluwasina/Downloads/Skin/Train/pigmented benign keratosis/ISIC_0028343.jpg,bf080588297e9081cb59b5ad3c6eb04a,637,0,1,339943,0.32
/Users/soneyeoluwasina/Downloads/Skin/Train/pigmented benign keratosis/ISIC_0027064.jpg,b96de08eb86c31e84080e0c247811607,638,1,1,299253,0.29
/Users/soneyeoluwasina/Downloads/Skin/Train/pigmented benign keratosis/ISIC_0025883.jpg,5424ecdbfc0ffbcac2a7d2fd5f763b25,639,2,1,288431,0.28
/Users/soneyeoluwasina/Downloads/Skin/Train/pigmented benign keratosis/ISIC_0025465.jpg,dea120e0fcd10668cc119f113c18972e,640,3,1,294590,0.28
/Users/soneyeoluwasina/Downloads/Skin/Train/pigmented benign keratosis/ISIC_0026623.jpg,1665d25d99ae41fdbcddca388bfe3027,641,4,1,306697,0.29
/Users/soneyeoluwasina/Downloads/Skin/Train/pigmented benign keratosis/ISIC_0026637.jpg,80745a10048b3624a2d81965ccc76f41,642,5,1,318269,0.3
/Users/soneyeoluwasina/Downloads/Skin/Train/pigmented benign keratosis/ISIC_0025470.jpg,3d73cb0dbdb5e7391bdbef6a4b36078e,643,6,1,290936,0.28
/Users/soneyeoluwasina/Downloads/Skin/Train/pigmented benign keratosis/ISIC_0026409.jpg,446b0877b0d41ae4dbcb9d2f8b613746,644,9,1,330873,0.32
/Users/soneyeoluwasina/Downloads/Skin/Train/pigmented benign keratosis/ISIC_0025699.jpg,159c36234eddd7ccad0028c123944d41,645,7,1,184706,0.18
/Users/soneyeoluwasina/Downloads/Skin/Train/pigmented benign keratosis/ISIC_0027893.jpg,0dc09ef56dc79357929bfdfc9ebee6bf,646,8,1,287380,0.27
/Users/soneyeoluwasina/Downloads/Skin/Train/pigmented benign keratosis/ISIC_0027139.jpg,2f736597f249f6e66930cec7c88be3a4,647,10,1,226208,0.22
/Users/soneyeoluwasina/Downloads/Skin/Train/pigmented benign keratosis/ISIC_0028236.jpg,30653496b676ef35d99cb482a95efc68,648,11,1,231849,0.22
/Users/soneyeoluwasina/Downloads/Skin/Train/pigmented benign keratosis/ISIC_0028550.jpg,0c084ec6dc337cd5610da52575376c90,649,12,1,258758,0.25
/Users/soneyeoluwasina/Downloads/Skin/Train/pigmented benign keratosis/ISIC_0027850.jpg,e086f6e4a06b2fecbfbbba2505c0fb36,650,13,1,277603,0.26
/Users/soneyeoluwasina/Downloads/Skin/Train/pigmented benign keratosis/ISIC_0028587.jpg,35abbb6b1d7538e3d5133a0c427afa0f,651,14,1,350703,0.33
/Users/soneyeoluwasina/Downloads/Skin/Train/pigmented benign keratosis/ISIC_0028593.jpg,885cf626cdba4f82f1f50c9a961bee9e,652,15,1,270691,0.26
/Users/soneyeoluwasina/Downloads/Skin/Train/pigmented benign keratosis/ISIC_0024626.jpg,11585e739ca4fb3b5ac95b1d0bb88e33,653,16,1,313627,0.3
/Users/soneyeoluwasina/Downloads/Skin/Train/pigmented benign keratosis/ISIC_0028020.jpg,bcd18db640e4ef40c63b7889a357d207,654,17,1,256905,0.25
/Users/soneyeoluwasina/Downloads/Skin/Train/pigmented benign keratosis/ISIC_0025276.jpg,46e9e0eac8a02e961799bb266b400091,655,18,1,240779,0.23
/Users/soneyeoluwasina/Downloads/Skin/Train/pigmented benign keratosis/ISIC_0025510.jpg,a61507a8b837ab8099a5b89f32b1418c,656,19,1,283456,0.27
/Users/soneyeoluwasina/Downloads/Skin/Train/pigmented benign keratosis/ISIC_0026794.jpg,86dc8921a79e0e436f5356993e0564d7,657,0,1,248515,0.24
/Users/soneyeoluwasina/Downloads/Skin/Train/pigmented benign keratosis/ISIC_0026958.jpg,756e2a5561bd5c6c9eff9aef4011da21,658,1,1,359234,0.34
/Users/soneyeoluwasina/Downloads/Skin/Train/pigmented benign keratosis/ISIC_0024696.jpg,4379e1aa15195bda3b0affcfd67f8343,659,2,1,305711,0.29
/Users/soneyeoluwasina/Downloads/Skin/Train/pigmented benign keratosis/ISIC_0026042.jpg,9db5e8039c5a5d8f9207d50d25bb2ec5,660,3,1,376149,0.36
/Users/soneyeoluwasina/Downloads/Skin/Train/pigmented benign keratosis/ISIC_0027374.jpg,f2e38f793a4343c3904ff3b42e20ff1f,661,4,1,249677,0.24
/Users/soneyeoluwasina/Downloads/Skin/Train/pigmented benign keratosis/ISIC_0024494.jpg,cd2b97a538a283f80f49d77ed4dde9f4,662,5,1,222760,0.21
/Users/soneyeoluwasina/Downloads/Skin/Train/pigmented benign keratosis/ISIC_0026526.jpg,aab43fafb812ab47755e91e783d1912b,663,6,1,198820,0.19
/Users/soneyeoluwasina/Downloads/Skin/Train/pigmented benign keratosis/ISIC_0026532.jpg,ccf0bc0b63a6c5b7015ed4fe98553bcf,664,7,1,276944,0.26
/Users/soneyeoluwasina/Downloads/Skin/Train/pigmented benign keratosis/ISIC_0025985.jpg,bb0d4054248617fdb29f8de7075333b1,665,8,1,266817,0.25
/Users/soneyeoluwasina/Downloads/Skin/Train/pigmented benign keratosis/ISIC_0027162.jpg,f5125aa47b3156000602831fe6bbbdfb,666,9,1,304681,0.29
/Users/soneyeoluwasina/Downloads/Skin/Train/pigmented benign keratosis/ISIC_0027957.jpg,73a7d9798977012615e530f75cd60ed3,667,10,1,293107,0.28
/Users/soneyeoluwasina/Downloads/Skin/Train/pigmented benign keratosis/ISIC_0026446.jpg,0f6a1ebb40596f205f47a0a6bc66cfdc,668,11,1,344566,0.33
/Users/soneyeoluwasina/Downloads/Skin/Train/pigmented benign keratosis/ISIC_0027770.jpg,268796b9bbfcde70097275be05532bee,669,12,1,255450,0.24
/Users/soneyeoluwasina/Downloads/Skin/Train/pigmented benign keratosis/ISIC_0028331.jpg,9ca190781bcbfc07ed5444fe91c35c2f,670,13,1,370042,0.35
/Users/soneyeoluwasina/Downloads/Skin/Train/pigmented benign keratosis/ISIC_0026644.jpg,1c4cfa0c01ea6f62667990a423790f83,671,14,1,197790,0.19
/Users/soneyeoluwasina/Downloads/Skin/Train/pigmented benign keratosis/ISIC_0024709.jpg,c7b285e759ddf4f6bdc14a6332da2aea,672,15,1,256411,0.24
/Users/soneyeoluwasina/Downloads/Skin/Train/pigmented benign keratosis/ISIC_0024708.jpg,181fa92b1d522127d6e8d892baada22f,673,16,1,260964,0.25
/Users/soneyeoluwasina/Downloads/Skin/Train/pigmented benign keratosis/ISIC_0026679.jpg,91c7e2479a8299674f38d65482142db6,674,17,1,282344,0.27
/Users/soneyeoluwasina/Downloads/Skin/Train/pigmented benign keratosis/ISIC_0028640.jpg,7f513ee584432bd776bb7781eb53e6b3,675,18,1,272372,0.26
/Users/soneyeoluwasina/Downloads/Skin/Train/pigmented benign keratosis/ISIC_0027017.jpg,ca329232a956935443b17c71742343ce,676,19,1,330246,0.31
/Users/soneyeoluwasina/Downloads/Skin/Train/pigmented benign keratosis/ISIC_0027771.jpg,8f5452fd4243f5ab1391f91c8ce02f89,677,0,1,238647,0.23
/Users/soneyeoluwasina/Downloads/Skin/Train/pigmented benign keratosis/ISIC_0026335.jpg,eec11b965b98f9416a4480426ad4d3df,678,1,1,266981,0.25
/Users/soneyeoluwasina/Downloads/Skin/Train/pigmented benign keratosis/ISIC_0025199.jpg,57ef7bb5779148ff9f4298378871e0d4,679,2,1,192193,0.18
/Users/soneyeoluwasina/Downloads/Skin/Train/pigmented benign keratosis/ISIC_0025984.jpg,d17fc9e7a2524c435bf4f765d757fbc6,680,3,1,279735,0.27
/Users/soneyeoluwasina/Downloads/Skin/Train/pigmented benign keratosis/ISIC_0024495.jpg,e29d6f65cea185a29dda0aaae96e0a45,681,4,1,178880,0.17
/Users/soneyeoluwasina/Downloads/Skin/Train/pigmented benign keratosis/ISIC_0028052.jpg,ebc4eb9bb1c88b6a7324eef3a9dabf5d,682,5,1,318512,0.3
/Users/soneyeoluwasina/Downloads/Skin/Train/pigmented benign keratosis/ISIC_0027388.jpg,428266a1900b907d6510f82dee410179,683,6,1,287934,0.27
/Users/soneyeoluwasina/Downloads/Skin/Train/pigmented benign keratosis/ISIC_0024871.jpg,fdda54ef1b7e488247ef084469f0eb8a,684,7,1,248923,0.24
/Users/soneyeoluwasina/Downloads/Skin/Train/pigmented benign keratosis/ISIC_0025548.jpg,7cc444cd30fbac2f261a733822aec6e2,685,8,1,264721,0.25
/Users/soneyeoluwasina/Downloads/Skin/Train/pigmented benign keratosis/ISIC_0026069.jpg,e3a8eb7371ea2d4cd6962a2c6577086e,686,9,1,266972,0.25
/Users/soneyeoluwasina/Downloads/Skin/Train/pigmented benign keratosis/ISIC_0027820.jpg,58ef1c8940ad954aab03909439b9dc90,687,10,1,255381,0.24
/Users/soneyeoluwasina/Downloads/Skin/Train/pigmented benign keratosis/ISIC_0026280.jpg,a7f99bbab03eca1e7990894b6b05763a,688,11,1,289762,0.28
/Users/soneyeoluwasina/Downloads/Skin/Train/pigmented benign keratosis/ISIC_0025986.jpg,7db95fdfebc3db75f9cc5c7aaa161943,689,12,1,211622,0.2
/Users/soneyeoluwasina/Downloads/Skin/Train/pigmented benign keratosis/ISIC_0025038.jpg,5bc933233443b0802c1cc6a7deb6634d,690,13,1,269310,0.26
/Users/soneyeoluwasina/Downloads/Skin/Train/pigmented benign keratosis/ISIC_0027954.jpg,d9406bb3e2c71d40093e06a6d4177e49,691,4,1,335964,0.32
/Users/soneyeoluwasina/Downloads/Skin/Train/pigmented benign keratosis/ISIC_0028497.jpg,1e8b5d8eebaf30d44c3fca6f834bb1be,692,5,1,326382,0.31
/Users/soneyeoluwasina/Downloads/Skin/Train/pigmented benign keratosis/ISIC_0025819.jpg,b6556ea7d903879274b4e5361ddcaf47,693,14,1,322932,0.31
/Users/soneyeoluwasina/Downloads/Skin/Train/pigmented benign keratosis/ISIC_0027559.jpg,f61e43895cdd0ebd89b7aea8840c9115,694,15,1,315389,0.3
/Users/soneyeoluwasina/Downloads/Skin/Train/pigmented benign keratosis/ISIC_0026135.jpg,e5a2e202da1f37268dd72c6d2168e9dc,695,16,1,333229,0.32
/Users/soneyeoluwasina/Downloads/Skin/Train/pigmented benign keratosis/ISIC_0028656.jpg,e33292d770d55993218e3073ad57cae1,696,17,1,207095,0.2
/Users/soneyeoluwasina/Downloads/Skin/Train/pigmented benign keratosis/ISIC_0028124.jpg,265a150244dde2531afd9665b58603e4,697,18,1,291984,0.28
/Users/soneyeoluwasina/Downloads/Skin/Train/pigmented benign keratosis/ISIC_0025366.jpg,8ec0efb939419841040bc878dff3977f,698,19,1,262841,0.25
/Users/soneyeoluwasina/Downloads/Skin/Train/pigmented benign keratosis/ISIC_0027202.jpg,6d48f0fb58d41aae271354546c432eb8,699,0,1,276213,0.26
/Users/soneyeoluwasina/Downloads/Skin/Train/pigmented benign keratosis/ISIC_0026861.jpg,623846b80b42a78b40bdd2a57a477264,700,1,1,266820,0.25
/Users/soneyeoluwasina/Downloads/Skin/Train/pigmented benign keratosis/ISIC_0024910.jpg,75512ca105a2d3a9059c5c9c3b9d0f11,701,2,1,286273,0.27
/Users/soneyeoluwasina/Downloads/Skin/Train/pigmented benign keratosis/ISIC_0026849.jpg,565abb97f62f770efc72bfef232c955a,702,3,1,266417,0.25
/Users/soneyeoluwasina/Downloads/Skin/Train/pigmented benign keratosis/ISIC_0027996.jpg,de67f30a64d054577e240e31c81081f2,703,6,1,313178,0.3
/Users/soneyeoluwasina/Downloads/Skin/Train/pigmented benign keratosis/ISIC_0027982.jpg,9ba4a201fcee0c0cd4a89fe26b44d487,704,7,1,252020,0.24
/Users/soneyeoluwasina/Downloads/Skin/Train/pigmented benign keratosis/ISIC_0026444.jpg,91964df1937288e1e38fb717a1b3efcb,705,8,1,248960,0.24
/Users/soneyeoluwasina/Downloads/Skin/Train/pigmented benign keratosis/ISIC_0027969.jpg,418b196c4b6956e93b7df3eb56c4a1d1,706,9,1,157280,0.15
/Users/soneyeoluwasina/Downloads/Skin/Train/pigmented benign keratosis/ISIC_0028496.jpg,e2acd0a36284985c2565045c5672fc7b,707,10,1,258987,0.25
/Users/soneyeoluwasina/Downloads/Skin/Train/pigmented benign keratosis/ISIC_0026493.jpg,64e2b12e1ae29fe280c58b6c148bc63b,708,11,1,292803,0.28
/Users/soneyeoluwasina/Downloads/Skin/Train/pigmented benign keratosis/ISIC_0025830.jpg,aa37c890dc297e6ec3db5ba591a8fdb3,709,12,1,246698,0.24
/Users/soneyeoluwasina/Downloads/Skin/Train/pigmented benign keratosis/ISIC_0027606.jpg,6ee63e47f9fcea0c8b2aec194cdebbf8,710,13,1,386359,0.37
/Users/soneyeoluwasina/Downloads/Skin/Train/pigmented benign keratosis/ISIC_0025777.jpg,3802ca2c762499855c46026567623e19,711,14,1,228326,0.22
/Users/soneyeoluwasina/Downloads/Skin/Train/pigmented benign keratosis/ISIC_0025005.jpg,3cd7e79da5b2d855e88bebd33a0a5594,712,15,1,322213,0.31
/Users/soneyeoluwasina/Downloads/Skin/Train/pigmented benign keratosis/ISIC_0027612.jpg,4c3b57f5230dbc8312319eff4fbd5789,713,16,1,303659,0.29
/Users/soneyeoluwasina/Downloads/Skin/Train/pigmented benign keratosis/ISIC_0026524.jpg,d230df4f66c5318d863a91d0814b36d1,714,17,1,264261,0.25
/Users/soneyeoluwasina/Downloads/Skin/Train/pigmented benign keratosis/ISIC_0026530.jpg,e1b85245061ef09e7e007e905196541c,715,18,1,276975,0.26
/Users/soneyeoluwasina/Downloads/Skin/Train/pigmented benign keratosis/ISIC_0025575.jpg,1a015e91f821c94ea4405d674d62ccd8,716,19,1,222738,0.21
/Users/soneyeoluwasina/Downloads/Skin/Train/pigmented benign keratosis/ISIC_0024643.jpg,30828194ad03a4b636a4301edc0878f0,717,0,1,291267,0.28
/Users/soneyeoluwasina/Downloads/Skin/Train/pigmented benign keratosis/ISIC_0027428.jpg,f772810f8f72b5ccc551a13c791973eb,718,1,1,317688,0.3
/Users/soneyeoluwasina/Downloads/Skin/Train/pigmented benign keratosis/ISIC_0026044.jpg,2a5afae2e25dd6d67a755420a5865c9e,719,2,1,180326,0.17
/Users/soneyeoluwasina/Downloads/Skin/Train/pigmented benign keratosis/ISIC_0028294.jpg,7ebfdb2704e5f09917be759ae33a259e,720,3,1,314050,0.3
/Users/soneyeoluwasina/Downloads/Skin/Train/pigmented benign keratosis/ISIC_0027831.jpg,3d4fbf98e479c34609d18ef01e5f68fc,721,4,1,296074,0.28
/Users/soneyeoluwasina/Downloads/Skin/Train/pigmented benign keratosis/ISIC_0026291.jpg,f641e0e5b8aa9e8cbf57e58bee8e6de7,722,5,1,346887,0.33
/Users/soneyeoluwasina/Downloads/Skin/Train/pigmented benign keratosis/ISIC_0028525.jpg,12dd71fc01bd5152181a9767373c623e,723,6,1,331639,0.32
/Users/soneyeoluwasina/Downloads/Skin/Train/pigmented benign keratosis/ISIC_0025767.jpg,cf57837f897edd5055c45e6e0a67e005,724,7,1,244181,0.23
/Users/soneyeoluwasina/Downloads/Skin/Train/pigmented benign keratosis/ISIC_0024445.jpg,353c780551d2460691f3576917824b2d,725,8,1,227216,0.22
/Users/soneyeoluwasina/Downloads/Skin/Train/pigmented benign keratosis/ISIC_0028451.jpg,67abaa05ec5de2e4e3f0ca68fdc328d1,726,9,1,274202,0.26
/Users/soneyeoluwasina/Downloads/Skin/Train/pigmented benign keratosis/ISIC_0028479.jpg,1cae155cb1dd1e30b229e044e5875038,727,10,1,308320,0.29
/Users/soneyeoluwasina/Downloads/Skin/Train/pigmented benign keratosis/ISIC_0026871.jpg,fff0993b1240bd31a54d1cda0e0a0bb9,728,11,1,124381,0.12
/Users/soneyeoluwasina/Downloads/Skin/Train/pigmented benign keratosis/ISIC_0025388.jpg,f22cc1be8c92c004ab834742953f54be,729,12,1,260872,0.25
/Users/soneyeoluwasina/Downloads/Skin/Train/pigmented benign keratosis/ISIC_0028121.jpg,8bb119138fee64e86545845b8bbee931,730,13,1,330913,0.32
/Users/soneyeoluwasina/Downloads/Skin/Train/pigmented benign keratosis/ISIC_0024726.jpg,f0dbda4a2171111396e08aace37497f1,731,14,1,259047,0.25
/Users/soneyeoluwasina/Downloads/Skin/Train/pigmented benign keratosis/ISIC_0028646.jpg,4662a4d342c89a715ffced2fb7c0d245,732,15,1,263640,0.25
/Users/soneyeoluwasina/Downloads/Skin/Train/pigmented benign keratosis/ISIC_0028120.jpg,1a56548876b4849a920b85b93dfdbf6c,733,16,1,229190,0.22
/Users/soneyeoluwasina/Downloads/Skin/Train/pigmented benign keratosis/ISIC_0025376.jpg,cf61256ea69dbed43f7749708822cdef,734,19,1,267795,0.26
/Users/soneyeoluwasina/Downloads/Skin/Train/pigmented benign keratosis/ISIC_0025389.jpg,8564b6e9416bcbf1f0c3f0c7122a0430,735,17,1,275756,0.26
/Users/soneyeoluwasina/Downloads/Skin/Train/pigmented benign keratosis/ISIC_0024915.jpg,5ff80342613da979acbee92035b0ca35,736,18,1,242909,0.23
/Users/soneyeoluwasina/Downloads/Skin/Train/pigmented benign keratosis/ISIC_0026441.jpg,8e50c54678fff3730c70310bf086a02a,737,0,1,347712,0.33
/Users/soneyeoluwasina/Downloads/Skin/Train/pigmented benign keratosis/ISIC_0028336.jpg,b2dc6326321cefea56323f0f070c568f,738,1,1,244379,0.23
/Users/soneyeoluwasina/Downloads/Skin/Train/pigmented benign keratosis/ISIC_0025982.jpg,5bef2c844f407da7e9e93493d506f99e,739,2,1,251573,0.24
/Users/soneyeoluwasina/Downloads/Skin/Train/pigmented benign keratosis/ISIC_0026290.jpg,5dc35fe4b69c7c5716eec273d5453a07,740,3,1,255303,0.24
/Users/soneyeoluwasina/Downloads/Skin/Train/pigmented benign keratosis/ISIC_0025799.jpg,ca247f4c63593ac4ff3f2d322f36f203,741,4,1,185432,0.18
/Users/soneyeoluwasina/Downloads/Skin/Train/pigmented benign keratosis/ISIC_0026737.jpg,1447583b226fea6c178308aa316d82e3,742,5,1,235328,0.22
/Users/soneyeoluwasina/Downloads/Skin/Train/pigmented benign keratosis/ISIC_0027367.jpg,b980a9cfc4a8586e86f2d60dfa5d3c49,743,6,1,287981,0.27
/Users/soneyeoluwasina/Downloads/Skin/Train/pigmented benign keratosis/ISIC_0024877.jpg,b80205c83b236f2413e3e230d760c479,744,7,1,266665,0.25
/Users/soneyeoluwasina/Downloads/Skin/Train/pigmented benign keratosis/ISIC_0026912.jpg,48ad7d613bf06982b4a12bda74723de1,745,8,1,331540,0.32
/Users/soneyeoluwasina/Downloads/Skin/Train/pigmented benign keratosis/ISIC_0027826.jpg,579c4d589d5457124a7f69bb07124864,746,9,1,326937,0.31
/Users/soneyeoluwasina/Downloads/Skin/Train/pigmented benign keratosis/ISIC_0026286.jpg,eb806f1c09c7b8f8d6c406f1e31658b5,747,10,1,213299,0.2
/Users/soneyeoluwasina/Downloads/Skin/Train/pigmented benign keratosis/ISIC_0025016.jpg,dd56dfd43fe18c99545ca07c6f29da30,748,11,1,233846,0.22
/Users/soneyeoluwasina/Downloads/Skin/Train/pigmented benign keratosis/ISIC_0028254.jpg,590520f5e06bedb1a9e3d7f8cb35a71a,749,12,1,267370,0.25
/Users/soneyeoluwasina/Downloads/Skin/Train/pigmented benign keratosis/ISIC_0027167.jpg,25079dece4f6d4332214624fc31d25de,750,13,1,324278,0.31
/Users/soneyeoluwasina/Downloads/Skin/Train/pigmented benign keratosis/ISIC_0026523.jpg,e31b7939625e6df37495b8070e426453,751,14,1,276219,0.26
/Users/soneyeoluwasina/Downloads/Skin/Train/pigmented benign keratosis/ISIC_0026245.jpg,124fef2a2d726b853331733ddec852b3,752,15,1,248443,0.24
/Users/soneyeoluwasina/Downloads/Skin/Train/pigmented benign keratosis/ISIC_0024446.jpg,7ec555cc8e0dff0d055c2a6cbabdcfec,753,16,1,258661,0.25
/Users/soneyeoluwasina/Downloads/Skin/Train/pigmented benign keratosis/ISIC_0025758.jpg,970b64f79930d242efe90b2b12a427a4,754,17,1,326572,0.31
/Users/soneyeoluwasina/Downloads/Skin/Train/pigmented benign keratosis/ISIC_0025837.jpg,eecb4fe312ee7b1a4c019aa352fc4c7d,755,18,1,342515,0.33
/Users/soneyeoluwasina/Downloads/Skin/Train/pigmented benign keratosis/ISIC_0027991.jpg,676f87d576867e0274bcd69ad63d66c6,756,19,1,239399,0.23
/Users/soneyeoluwasina/Downloads/Skin/Train/pigmented benign keratosis/ISIC_0028308.jpg,a20393745c5b8031cbfdf94fea03ee98,757,0,1,224943,0.21
/Users/soneyeoluwasina/Downloads/Skin/Train/pigmented benign keratosis/ISIC_0026443.jpg,c4df8e64acdacce7a107c872c1deead4,758,1,1,182740,0.17
/Users/soneyeoluwasina/Downloads/Skin/Train/pigmented benign keratosis/ISIC_0025374.jpg,d56eab7034b4c46b8fa6db116ac68fef,759,2,1,273891,0.26
/Users/soneyeoluwasina/Downloads/Skin/Train/pigmented benign keratosis/ISIC_0028650.jpg,53e6ea9f028991936494ec047e0cda27,760,3,1,298785,0.28
/Users/soneyeoluwasina/Downloads/Skin/Train/pigmented benign keratosis/ISIC_0027239.jpg,db88be15a3f7565a2f461a5225c89167,761,4,1,292135,0.28
/Users/soneyeoluwasina/Downloads/Skin/Train/pigmented benign keratosis/ISIC_0028123.jpg,46ad7607bc6bd5554cea0165e1b29bab,762,5,1,240003,0.23
/Users/soneyeoluwasina/Downloads/Skin/Train/pigmented benign keratosis/ISIC_0026867.jpg,5045e5cc4d21c2834b391fbfcf28b7ab,763,6,1,341097,0.33
/Users/soneyeoluwasina/Downloads/Skin/Train/pigmented benign keratosis/ISIC_0028309.jpg,c1209f288389b63e0b721e7d3976f2d3,764,7,1,281298,0.27
/Users/soneyeoluwasina/Downloads/Skin/Train/pigmented benign keratosis/ISIC_0027990.jpg,1cf52b30dcd0bc018c08619c1fa9e2ab,765,8,1,305852,0.29
/Users/soneyeoluwasina/Downloads/Skin/Train/pigmented benign keratosis/ISIC_0027006.jpg,248c4ec2b840b38f0f9fa6eafdab961b,766,9,1,291417,0.28
/Users/soneyeoluwasina/Downloads/Skin/Train/pigmented benign keratosis/ISIC_0027760.jpg,1bd0e597382d0db8d99015a4e7e2ceb8,767,10,1,289381,0.28
/Users/soneyeoluwasina/Downloads/Skin/Train/pigmented benign keratosis/ISIC_0027953.jpg,c5c67c00428ccef118cb82ad78527e3b,768,11,1,224370,0.21
/Users/soneyeoluwasina/Downloads/Skin/Train/pigmented benign keratosis/ISIC_0028490.jpg,5497a65a453d82b330446b90ddb7789b,769,12,1,324236,0.31
/Users/soneyeoluwasina/Downloads/Skin/Train/pigmented benign keratosis/ISIC_0024453.jpg,9d9e19751fcb8027e03ebd26aad5c887,770,13,1,285424,0.27
/Users/soneyeoluwasina/Downloads/Skin/Train/pigmented benign keratosis/ISIC_0024490.jpg,672c1af816806d906079ebca78067929,771,14,1,322027,0.31
/Users/soneyeoluwasina/Downloads/Skin/Train/pigmented benign keratosis/ISIC_0026046.jpg,6202334f33266ee6b6d73121fcf6908d,772,15,1,331605,0.32
/Users/soneyeoluwasina/Downloads/Skin/Train/pigmented benign keratosis/ISIC_0025567.jpg,e816c30b1f89ceb009a12b56194d8728,773,16,1,292348,0.28
/Users/soneyeoluwasina/Downloads/Skin/Train/pigmented benign keratosis/ISIC_0028043.jpg,99bc8a4575c4c0ac952d17b3f13b6cf9,774,17,1,270475,0.26
/Users/soneyeoluwasina/Downloads/Skin/Train/pigmented benign keratosis/ISIC_0027370.jpg,6c362743b3bb846b4d17fc87325e1298,775,18,1,325612,0.31
/Users/soneyeoluwasina/Downloads/Skin/Train/pigmented benign keratosis/ISIC_0026085.jpg,bb60984c8435e0f2966906775862d6c7,776,19,1,376519,0.36
/Users/soneyeoluwasina/Downloads/Skin/Train/pigmented benign keratosis/ISIC_0028080.jpg,5d8472682c4c5a985736bddc84e842bd,777,0,1,269886,0.26
/Users/soneyeoluwasina/Downloads/Skin/Train/pigmented benign keratosis/ISIC_0028094.jpg,7f450d7753c14114f6410fbb0aaa3fbb,778,1,1,279353,0.27
/Users/soneyeoluwasina/Downloads/Skin/Train/pigmented benign keratosis/ISIC_0026907.jpg,96e756f84e9a9a64f4e0a2276b0dea6d,779,2,1,315160,0.3
/Users/soneyeoluwasina/Downloads/Skin/Train/pigmented benign keratosis/ISIC_0024890.jpg,c6032261b7c835a4d73070a42ffcd085,780,3,1,309039,0.29
/Users/soneyeoluwasina/Downloads/Skin/Train/pigmented benign keratosis/ISIC_0027355.jpg,b140b8bbbb9dce2c8dc1e105aca41184,781,4,1,205374,0.2
/Users/soneyeoluwasina/Downloads/Skin/Train/pigmented benign keratosis/ISIC_0025973.jpg,cea9ff46d2c5f4981775b27587ff40bb,782,5,1,223868,0.21
/Users/soneyeoluwasina/Downloads/Skin/Train/pigmented benign keratosis/ISIC_0024489.jpg,fc9a3796bb10e8e63ce5df86fb779761,783,6,1,299824,0.29
/Users/soneyeoluwasina/Downloads/Skin/Train/pigmented benign keratosis/ISIC_0027194.jpg,7ccc180e3d7447785a9fe42888bba2c9,784,7,1,278384,0.27
/Users/soneyeoluwasina/Downloads/Skin/Train/pigmented benign keratosis/ISIC_0028258.jpg,7c95ee1942e77ba292b8c566c69408c8,785,8,1,277865,0.26
/Users/soneyeoluwasina/Downloads/Skin/Train/pigmented benign keratosis/ISIC_0025032.jpg,d045a20fdfc43f1554681c275b4d37fc,786,9,1,285682,0.27
/Users/soneyeoluwasina/Downloads/Skin/Train/pigmented benign keratosis/ISIC_0026249.jpg,3e6c72c02a59ea20e76e92114defc04d,787,10,1,148382,0.14
/Users/soneyeoluwasina/Downloads/Skin/Train/pigmented benign keratosis/ISIC_0028264.jpg,56de35b436632f85d30a340e6005ed40,788,11,1,260536,0.25
/Users/soneyeoluwasina/Downloads/Skin/Train/pigmented benign keratosis/ISIC_0026301.jpg,ef18f30a2833be67d0dcbc6cef157335,789,12,1,283909,0.27
/Users/soneyeoluwasina/Downloads/Skin/Train/pigmented benign keratosis/ISIC_0027037.jpg,8b131899d50644404ff01b88253df505,790,13,1,240564,0.23
/Users/soneyeoluwasina/Downloads/Skin/Train/pigmented benign keratosis/ISIC_0027989.jpg,c663312b694b2c719be371c3ab6b1595,791,14,1,254575,0.24
/Users/soneyeoluwasina/Downloads/Skin/Train/pigmented benign keratosis/ISIC_0027023.jpg,10d4c0bacaa77a9d6d459397ef02da84,792,15,1,238744,0.23
/Users/soneyeoluwasina/Downloads/Skin/Train/pigmented benign keratosis/ISIC_0025387.jpg,fce86d506ab0f87ee14c2c6fa0fa9ae1,793,16,1,353242,0.34
/Users/soneyeoluwasina/Downloads/Skin/Train/pigmented benign keratosis/ISIC_0027584.jpg,4d11077cee0447bc6014c6c30b365814,794,17,1,276856,0.26
/Users/soneyeoluwasina/Downloads/Skin/Train/pigmented benign keratosis/ISIC_0026842.jpg,3c028bd89ab253468c56a389d0977626,795,18,1,261678,0.25
/Users/soneyeoluwasina/Downloads/Skin/Train/pigmented benign keratosis/ISIC_0025378.jpg,f178a7db912979f041c977f1861d3e9b,796,19,1,295690,0.28
/Users/soneyeoluwasina/Downloads/Skin/Train/pigmented benign keratosis/ISIC_0026895.jpg,69604875af12b1d4449af56c7e7c54d6,797,0,1,248306,0.24
/Users/soneyeoluwasina/Downloads/Skin/Train/pigmented benign keratosis/ISIC_0025351.jpg,588576f3f14292db0cbe9b30dc68ca1c,798,1,1,320343,0.31
/Users/soneyeoluwasina/Downloads/Skin/Train/pigmented benign keratosis/ISIC_0025345.jpg,d5fcb03579a93d7c584c2989c162de67,799,2,1,307138,0.29
/Users/soneyeoluwasina/Downloads/Skin/Train/pigmented benign keratosis/ISIC_0026843.jpg,f459434499883eeca7ec0e7c62301cb1,800,3,1,196116,0.19
/Users/soneyeoluwasina/Downloads/Skin/Train/pigmented benign keratosis/ISIC_0025392.jpg,6226076effe2eda235e948826550616e,801,4,1,345892,0.33
/Users/soneyeoluwasina/Downloads/Skin/Train/pigmented benign keratosis/ISIC_0028503.jpg,c5892e2d17717c166338bc90ed9793ed,802,5,1,324691,0.31
/Users/soneyeoluwasina/Downloads/Skin/Train/pigmented benign keratosis/ISIC_0026248.jpg,43ee3d6363ea6da9ea261711a8be9962,803,6,1,286219,0.27
/Users/soneyeoluwasina/Downloads/Skin/Train/pigmented benign keratosis/ISIC_0027142.jpg,2a4cbf495e848106fa9ea412c1a18035,804,7,1,344420,0.33
/Users/soneyeoluwasina/Downloads/Skin/Train/pigmented benign keratosis/ISIC_0025033.jpg,77b9b8530163fcf76c0bba894a2ce264,805,8,1,242456,0.23
/Users/soneyeoluwasina/Downloads/Skin/Train/pigmented benign keratosis/ISIC_0024477.jpg,8201ffc4026cb6e014889cb09528a644,806,9,1,272545,0.26
/Users/soneyeoluwasina/Downloads/Skin/Train/pigmented benign keratosis/ISIC_0027354.jpg,b0bac9c7f7dea2944c2b1ff0ab2d5812,807,10,1,175303,0.17
/Users/soneyeoluwasina/Downloads/Skin/Train/pigmented benign keratosis/ISIC_0026704.jpg,046e18a2b5265692c301b790099112c4,808,11,1,265266,0.25
/Users/soneyeoluwasina/Downloads/Skin/Train/pigmented benign keratosis/ISIC_0026923.jpg,8cb87332d3b16ec42df837552f08e642,809,12,1,217166,0.21
/Users/soneyeoluwasina/Downloads/Skin/Train/pigmented benign keratosis/ISIC_0024850.jpg,840aadca4f82d45578a80b3fc20b63bc,810,13,1,332689,0.32
/Users/soneyeoluwasina/Downloads/Skin/Train/pigmented benign keratosis/ISIC_0026060.jpg,7750175f23994f7354456d0d3d9356a3,811,14,1,304343,0.29
/Users/soneyeoluwasina/Downloads/Skin/Train/pigmented benign keratosis/ISIC_0027801.jpg,4fac1b63b12cf90ba51afcd947231a91,812,15,1,219425,0.21
/Users/soneyeoluwasina/Downloads/Skin/Train/pigmented benign keratosis/ISIC_0026276.jpg,88c8725ff3f573f024a78e7aa6a62db7,813,16,1,302873,0.29
/Users/soneyeoluwasina/Downloads/Skin/Train/pigmented benign keratosis/ISIC_0026262.jpg,13a8489b2395e405ef8e1cde26f8e720,814,17,1,313439,0.3
/Users/soneyeoluwasina/Downloads/Skin/Train/pigmented benign keratosis/ISIC_0027154.jpg,c8c58c19484a7b6753e1474937594d95,815,18,1,333454,0.32
/Users/soneyeoluwasina/Downloads/Skin/Train/pigmented benign keratosis/ISIC_0025743.jpg,3c7f948912c855e4a437f6490f16c569,816,19,1,274289,0.26
/Users/soneyeoluwasina/Downloads/Skin/Train/pigmented benign keratosis/ISIC_0026538.jpg,8deb8f86c952a355e5df56cbca185d20,817,0,1,257714,0.25
/Users/soneyeoluwasina/Downloads/Skin/Train/pigmented benign keratosis/ISIC_0025810.jpg,786bf7ec1ab5eef50cc179e7c7e3bca6,818,1,1,256926,0.25
/Users/soneyeoluwasina/Downloads/Skin/Train/pigmented benign keratosis/ISIC_0025804.jpg,f28c561089a67e0b9d0148dbea94b526,819,2,1,358677,0.34
/Users/soneyeoluwasina/Downloads/Skin/Train/pigmented benign keratosis/ISIC_0025838.jpg,364fd2d6628c7db46b747db8c1d61aa5,820,3,1,311956,0.3
/Users/soneyeoluwasina/Downloads/Skin/Train/pigmented benign keratosis/ISIC_0028449.jpg,0bb22e993e991ca5f75abc00eb99c900,821,4,1,239225,0.23
/Users/soneyeoluwasina/Downloads/Skin/Train/pigmented benign keratosis/ISIC_0026316.jpg,6734452ab781027c498afab553fd8b55,822,5,1,198617,0.19
/Users/soneyeoluwasina/Downloads/Skin/Train/pigmented benign keratosis/ISIC_0025623.jpg,c2cbd428ec39c6b16c1e6b5da53f6197,823,6,1,272070,0.26
/Users/soneyeoluwasina/Downloads/Skin/Train/pigmented benign keratosis/ISIC_0028104.jpg,486edbdb3f72202d9ecc6dcb1fef7813,824,7,1,271410,0.26
/Users/soneyeoluwasina/Downloads/Skin/Train/pigmented benign keratosis/ISIC_0028662.jpg,39eb74a67583e4ac944445993e157b78,825,8,1,296868,0.28
/Users/soneyeoluwasina/Downloads/Skin/Train/pigmented benign keratosis/ISIC_0025434.jpg,2f80ca16e24b0139d90f1cac2d65ef91,826,9,1,193596,0.18
/Users/soneyeoluwasina/Downloads/Skin/Train/pigmented benign keratosis/ISIC_0027747.jpg,2631e238916bd0c9fc09e818c040b454,827,10,1,319302,0.3
/Users/soneyeoluwasina/Downloads/Skin/Train/pigmented benign keratosis/ISIC_0028448.jpg,07f24ea16d6412336590a5549f110765,828,11,1,308762,0.29
/Users/soneyeoluwasina/Downloads/Skin/Train/pigmented benign keratosis/ISIC_0025805.jpg,a198dc286bc4a50e1a397cd6a940e272,829,12,1,255952,0.24
/Users/soneyeoluwasina/Downloads/Skin/Train/pigmented benign keratosis/ISIC_0027960.jpg,c558d61db6bbd07e3d6a30ba80092936,830,13,1,281834,0.27
/Users/soneyeoluwasina/Downloads/Skin/Train/pigmented benign keratosis/ISIC_0025030.jpg,a0a7480097343007a49654d8f29049d5,831,14,1,319130,0.3
/Users/soneyeoluwasina/Downloads/Skin/Train/pigmented benign keratosis/ISIC_0026539.jpg,c8fdae17b3cf9d5f611a41aaddcb4ea6,832,15,1,298627,0.28
/Users/soneyeoluwasina/Downloads/Skin/Train/pigmented benign keratosis/ISIC_0026263.jpg,3561ec08447c29b35cfe14f614bafd52,833,16,1,311233,0.3
/Users/soneyeoluwasina/Downloads/Skin/Train/pigmented benign keratosis/ISIC_0026277.jpg,83d7611ea9870c60dc2ce87388626588,834,17,1,302673,0.29
/Users/soneyeoluwasina/Downloads/Skin/Train/pigmented benign keratosis/ISIC_0026511.jpg,a034aa23cc8637fdca15935ecc6a0167,835,18,1,318672,0.3
/Users/soneyeoluwasina/Downloads/Skin/Train/pigmented benign keratosis/ISIC_0025781.jpg,eb86a1f163e239d6e043d7cc8c4f5d00,836,19,1,261572,0.25
/Users/soneyeoluwasina/Downloads/Skin/Train/pigmented benign keratosis/ISIC_0027828.jpg,4a8dc3d98dbe0567492fd0ec44b51895,837,0,1,264975,0.25
/Users/soneyeoluwasina/Downloads/Skin/Train/pigmented benign keratosis/ISIC_0025554.jpg,735f6e0a5ea66b4c87cd5f12f02732a1,838,1,1,294917,0.28
/Users/soneyeoluwasina/Downloads/Skin/Train/pigmented benign keratosis/ISIC_0024676.jpg,68d7a0783dd49cc5b395b969d5e79349,839,2,1,268803,0.26
/Users/soneyeoluwasina/Downloads/Skin/Train/pigmented benign keratosis/ISIC_0027419.jpg,b22180267ada671388161cd0b226ee2c,840,3,1,311939,0.3
/Users/soneyeoluwasina/Downloads/Skin/Train/pigmented benign keratosis/ISIC_0024851.jpg,959e131ddd52caf015eed2e1a79484f1,841,4,1,270607,0.26
/Users/soneyeoluwasina/Downloads/Skin/Train/pigmented benign keratosis/ISIC_0025583.jpg,ce90cbb23810a10ede01bf4de6028348,842,5,1,277547,0.26
/Users/soneyeoluwasina/Downloads/Skin/Train/pigmented benign keratosis/ISIC_0027394.jpg,c42fb05bf2c6e95352e30919b3eae748,843,6,1,243756,0.23
/Users/soneyeoluwasina/Downloads/Skin/Train/pigmented benign keratosis/ISIC_0027435.jpg,0ff06ae62f0c5781faf1888c194c07d6,844,7,1,300682,0.29
/Users/soneyeoluwasina/Downloads/Skin/Train/pigmented benign keratosis/ISIC_0025222.jpg,a149eb694c961723c7b928f4acea50f0,845,17,1,256793,0.24
/Users/soneyeoluwasina/Downloads/Skin/Train/pigmented benign keratosis/ISIC_0026717.jpg,5a6fd6d2b9b990667dc952b09c5d9599,846,8,1,323481,0.31
/Users/soneyeoluwasina/Downloads/Skin/Train/pigmented benign keratosis/ISIC_0024672.jpg,ce7a2f8db423a451b03bda5828bd962a,847,9,1,286686,0.27
/Users/soneyeoluwasina/Downloads/Skin/Train/pigmented benign keratosis/ISIC_0027192.jpg,79e7531760e20ff9367d929da4260707,848,10,1,222382,0.21
/Users/soneyeoluwasina/Downloads/Skin/Train/pigmented benign keratosis/ISIC_0026298.jpg,a528af7f21d9e15fb5ffa8c753fdd372,849,11,1,256044,0.24
/Users/soneyeoluwasina/Downloads/Skin/Train/pigmented benign keratosis/ISIC_0027151.jpg,972e2c71f586c76b00851505e84989d9,850,12,1,203999,0.19
/Users/soneyeoluwasina/Downloads/Skin/Train/pigmented benign keratosis/ISIC_0025746.jpg,ba168baa96e8b2b44e47c4a74935f100,851,13,1,217120,0.21
/Users/soneyeoluwasina/Downloads/Skin/Train/pigmented benign keratosis/ISIC_0026273.jpg,99eee907c6356bfbc4373c77009bb383,852,14,1,293102,0.28
/Users/soneyeoluwasina/Downloads/Skin/Train/pigmented benign keratosis/ISIC_0027780.jpg,84c088e089af9d66524366339c8397bb,853,15,1,272471,0.26
/Users/soneyeoluwasina/Downloads/Skin/Train/pigmented benign keratosis/ISIC_0027025.jpg,eee0a64f544afc611ca0788426a990be,854,16,1,322695,0.31
/Users/soneyeoluwasina/Downloads/Skin/Train/pigmented benign keratosis/ISIC_0025140.jpg,6f34b507126e299e489149d55806b881,855,18,1,320786,0.31
/Users/soneyeoluwasina/Downloads/Skin/Train/pigmented benign keratosis/ISIC_0026844.jpg,0d5fd9c5209c3e48b06f07ec44c5c1e8,856,19,1,207376,0.2
/Users/soneyeoluwasina/Downloads/Skin/Train/pigmented benign keratosis/ISIC_0024909.jpg,a805dc0e3a7d4c31c6200f58043a9f2e,857,0,1,276805,0.26
/Users/soneyeoluwasina/Downloads/Skin/Train/pigmented benign keratosis/ISIC_0026139.jpg,553a849dec5566285a6d3fa2c84d6cbb,858,1,1,241608,0.23
/Users/soneyeoluwasina/Downloads/Skin/Train/pigmented benign keratosis/ISIC_0026893.jpg,2517a5b3220616c59cbb937f9569d0a6,859,2,1,310801,0.3
/Users/soneyeoluwasina/Downloads/Skin/Train/pigmented benign keratosis/ISIC_0028100.jpg,f576ccee5b566aafc42ae443e8e130a6,860,3,1,200575,0.19
/Users/soneyeoluwasina/Downloads/Skin/Train/pigmented benign keratosis/ISIC_0026663.jpg,e0c4898c165af35117621feb3e12d176,861,4,1,277768,0.26
/Users/soneyeoluwasina/Downloads/Skin/Train/pigmented benign keratosis/ISIC_0025419.jpg,234f6c5771f9bfd1301510833af1a4b9,862,5,1,293678,0.28
/Users/soneyeoluwasina/Downloads/Skin/Train/pigmented benign keratosis/ISIC_0026104.jpg,a088a6155177312aabd8bbadc3c20105,863,6,1,333070,0.32
/Users/soneyeoluwasina/Downloads/Skin/Train/pigmented benign keratosis/ISIC_0025431.jpg,f9ca38803f5c427bf13d6aed89725099,864,7,1,243248,0.23
/Users/soneyeoluwasina/Downloads/Skin/Train/pigmented benign keratosis/ISIC_0024505.jpg,3556406363c1f5395913b0b902b2aaf6,865,8,1,264342,0.25
/Users/soneyeoluwasina/Downloads/Skin/Train/pigmented benign keratosis/ISIC_0027018.jpg,92b93944edc72822da5e627fc6154c20,866,9,1,225599,0.22
/Users/soneyeoluwasina/Downloads/Skin/Train/pigmented benign keratosis/ISIC_0025627.jpg,5b5a8a3dbd4cc95b22fef86c7389ea4f,867,10,1,248059,0.24
/Users/soneyeoluwasina/Downloads/Skin/Train/pigmented benign keratosis/ISIC_0027781.jpg,6f6dcc25d3e5c08f907892206a9a04f8,868,11,1,313656,0.3
/Users/soneyeoluwasina/Downloads/Skin/Train/pigmented benign keratosis/ISIC_0024471.jpg,d984072eff60f4f631de05cfc7dc623a,869,12,1,217875,0.21
/Users/soneyeoluwasina/Downloads/Skin/Train/pigmented benign keratosis/ISIC_0026514.jpg,8bc5f246049325acd7a1036b75763109,870,13,1,304377,0.29
/Users/soneyeoluwasina/Downloads/Skin/Train/pigmented benign keratosis/ISIC_0025753.jpg,4b7e0f072dfa7a162e3c9740cdb7a7e2,871,14,1,373880,0.36
/Users/soneyeoluwasina/Downloads/Skin/Train/pigmented benign keratosis/ISIC_0028511.jpg,0e67bef981abb2a4173a9500ed72dc61,872,15,1,243795,0.23
/Users/soneyeoluwasina/Downloads/Skin/Train/pigmented benign keratosis/ISIC_0027811.jpg,c0373b21af568b155bd98aa351553d47,873,16,1,287851,0.27
/Users/soneyeoluwasina/Downloads/Skin/Train/pigmented benign keratosis/ISIC_0026070.jpg,9973219dbd477f1da364f765fb2ff44c,874,17,1,322114,0.31
/Users/soneyeoluwasina/Downloads/Skin/Train/pigmented benign keratosis/ISIC_0024883.jpg,fe05c724df92109d172f160c7057ae26,875,18,1,266837,0.25
/Users/soneyeoluwasina/Downloads/Skin/Train/pigmented benign keratosis/ISIC_0027344.jpg,6c36fb5b06d0c8dde5d0bee5f0922b57,876,18,1,251830,0.24
/Users/soneyeoluwasina/Downloads/Skin/Train/pigmented benign keratosis/ISIC_0026728.jpg,c54107a999326ac219d90c0a7554f3c5,877,19,1,198643,0.19
/Users/soneyeoluwasina/Downloads/Skin/Train/pigmented benign keratosis/ISIC_0024881.jpg,cb1f206f5cb13d39669dba89faff47c6,878,0,1,285129,0.27
/Users/soneyeoluwasina/Downloads/Skin/Train/pigmented benign keratosis/ISIC_0025209.jpg,5a394bb1010cd24b2967e330ae82b494,879,1,1,365607,0.35
/Users/soneyeoluwasina/Downloads/Skin/Train/pigmented benign keratosis/ISIC_0026714.jpg,a1183b480d67b755769963c0a018257f,880,2,1,216580,0.21
/Users/soneyeoluwasina/Downloads/Skin/Train/pigmented benign keratosis/ISIC_0026072.jpg,99ee606afd8bea483db0a6977bc0c039,881,14,1,212906,0.2
/Users/soneyeoluwasina/Downloads/Skin/Train/pigmented benign keratosis/ISIC_0024498.jpg,984bffe0e6feb4399470d35ac8615e48,882,3,1,314281,0.3
/Users/soneyeoluwasina/Downloads/Skin/Train/pigmented benign keratosis/ISIC_0027608.jpg,e511ad96fa310d512ad45dbd8a4db36c,883,4,1,291105,0.28
/Users/soneyeoluwasina/Downloads/Skin/Train/pigmented benign keratosis/ISIC_0025180.jpg,29b2d1f30821f7f74110cfa5d8f42c35,884,5,1,272858,0.26
/Users/soneyeoluwasina/Downloads/Skin/Train/pigmented benign keratosis/ISIC_0027973.jpg,292c4e5905a71ba35d90a9d5266e9675,885,6,1,294868,0.28
/Users/soneyeoluwasina/Downloads/Skin/Train/pigmented benign keratosis/ISIC_0027967.jpg,7bcd5d4bebd3f990b11bde38e3a0e2f8,886,7,1,219763,0.21
/Users/soneyeoluwasina/Downloads/Skin/Train/pigmented benign keratosis/ISIC_0027754.jpg,611bd99c1162819ed09d95c78dbf6d0f,887,8,1,279524,0.27
/Users/soneyeoluwasina/Downloads/Skin/Train/pigmented benign keratosis/ISIC_0027026.jpg,fd8e0bde6130549ef90f3b9319bd4aca,888,9,1,282054,0.27
/Users/soneyeoluwasina/Downloads/Skin/Train/pigmented benign keratosis/ISIC_0025157.jpg,9d5554ba80719baf3ddbd55f8c5b39a7,889,10,1,208501,0.2
/Users/soneyeoluwasina/Downloads/Skin/Train/pigmented benign keratosis/ISIC_0028473.jpg,8ee02f3bc285bf5c4d8ff48b669e8006,890,11,1,228283,0.22
/Users/soneyeoluwasina/Downloads/Skin/Train/pigmented benign keratosis/ISIC_0024705.jpg,63f9a7f8306b2c7f9a3432af8b9f2d85,891,12,1,251179,0.24
/Users/soneyeoluwasina/Downloads/Skin/Train/pigmented benign keratosis/ISIC_0027218.jpg,52d41f58f953c250448d04e3dfe3f9c4,892,13,1,271215,0.26
/Users/soneyeoluwasina/Downloads/Skin/Train/pigmented benign keratosis/ISIC_0024711.jpg,3bb9039fa50bbd7a8f729e03b63ed2c0,893,15,1,245811,0.23
/Users/soneyeoluwasina/Downloads/Skin/Train/pigmented benign keratosis/ISIC_0026661.jpg,57652544074dec2a29bb9f14ed5dcd6f,894,16,1,277805,0.26
/Users/soneyeoluwasina/Downloads/Skin/Train/pigmented benign keratosis/ISIC_0027219.jpg,fb64f2d71f7c3ca57bfd389c78bec3eb,895,17,1,287747,0.27
/Users/soneyeoluwasina/Downloads/Skin/Train/pigmented benign keratosis/ISIC_0026107.jpg,274c0471fbe14bc66ecef4230ddf5fdb,896,19,1,201729,0.19
/Users/soneyeoluwasina/Downloads/Skin/Train/pigmented benign keratosis/ISIC_0026675.jpg,f907f80ba10221255942224e87696e28,897,0,1,288379,0.28
/Users/soneyeoluwasina/Downloads/Skin/Train/pigmented benign keratosis/ISIC_0026846.jpg,674d6fe1e11d164cc03e9d7a78196fb2,898,17,1,323569,0.31
/Users/soneyeoluwasina/Downloads/Skin/Train/pigmented benign keratosis/ISIC_0026477.jpg,778daa4073a43fff432081be5aec4e8c,899,1,1,138722,0.13
/Users/soneyeoluwasina/Downloads/Skin/Train/pigmented benign keratosis/ISIC_0026311.jpg,c316914bdf68245be7df5b4f71a86e63,900,2,1,265349,0.25
/Users/soneyeoluwasina/Downloads/Skin/Train/pigmented benign keratosis/ISIC_0027027.jpg,1eb7b4d63a0461820299c76d52c24505,901,3,1,302094,0.29
/Users/soneyeoluwasina/Downloads/Skin/Train/pigmented benign keratosis/ISIC_0027796.jpg,84b0b75022cdc3e4a4a7a80c5fd60922,902,4,1,194346,0.19
/Users/soneyeoluwasina/Downloads/Skin/Train/pigmented benign keratosis/ISIC_0026265.jpg,ab7e733a3fb12f61c28e3e1be0ad1434,903,5,1,295882,0.28
/Users/soneyeoluwasina/Downloads/Skin/Train/pigmented benign keratosis/ISIC_0027806.jpg,a92956f33ae521ba170727c4dd3a41d1,904,6,1,271632,0.26
/Users/soneyeoluwasina/Downloads/Skin/Train/pigmented benign keratosis/ISIC_0027437.jpg,39c95a1fd8e2ad16f0002c277366d209,905,7,1,274348,0.26
/Users/soneyeoluwasina/Downloads/Skin/Train/pigmented benign keratosis/ISIC_0024880.jpg,506339696e1fa3e5482ba401e3064e3e,906,8,1,245508,0.23
/Users/soneyeoluwasina/Downloads/Skin/Train/pigmented benign keratosis/ISIC_0027392.jpg,909c2f241846b46ca606eaf31568a7b1,907,9,1,244953,0.23
/Users/soneyeoluwasina/Downloads/Skin/Train/pigmented benign keratosis/ISIC_0026941.jpg,e057c0233eddf603cef375fe2105f019,908,10,1,323004,0.31
/Users/soneyeoluwasina/Downloads/Skin/Train/pigmented benign keratosis/ISIC_0026955.jpg,363727188321c118d8c4f8f94ef56201,909,11,1,307540,0.29
/Users/soneyeoluwasina/Downloads/Skin/Train/pigmented benign keratosis/ISIC_0027875.jpg,2f7594bd0ee78a98eb9bdbb821e6733e,910,12,1,333357,0.32
/Users/soneyeoluwasina/Downloads/Skin/Train/pigmented benign keratosis/ISIC_0025086.jpg,4cb53a2bd1c911df0a645d5297dbad76,911,13,1,254702,0.24
/Users/soneyeoluwasina/Downloads/Skin/Train/pigmented benign keratosis/ISIC_0027652.jpg,2c6703425f83535884599b71f3552f1a,912,14,1,261204,0.25
/Users/soneyeoluwasina/Downloads/Skin/Train/pigmented benign keratosis/ISIC_0027083.jpg,4a8e7d2049e061e46005434a19ea1529,913,15,1,282621,0.27
/Users/soneyeoluwasina/Downloads/Skin/Train/pigmented benign keratosis/ISIC_0027068.jpg,7ed0120b916c89595812041d1b734b3c,914,16,1,249735,0.24
/Users/soneyeoluwasina/Downloads/Skin/Train/pigmented benign keratosis/ISIC_0025131.jpg,d0850cc5810f8325b218ea5a9742eee9,915,18,1,355715,0.34
/Users/soneyeoluwasina/Downloads/Skin/Train/pigmented benign keratosis/ISIC_0027295.jpg,6f1051e1373f999b9c108869f93291eb,916,19,1,359379,0.34
/Users/soneyeoluwasina/Downloads/Skin/Train/pigmented benign keratosis/ISIC_0026835.jpg,d9a606f59a4d48cd656ad4d404062b23,917,0,1,270260,0.26
/Users/soneyeoluwasina/Downloads/Skin/Train/pigmented benign keratosis/ISIC_0026174.jpg,397d162266e202482b54171443a6c0f0,918,1,1,291569,0.28
/Users/soneyeoluwasina/Downloads/Skin/Train/pigmented benign keratosis/ISIC_0026606.jpg,22fdef9e133a4674cf4d888f5a27942a,919,2,1,184792,0.18
/Users/soneyeoluwasina/Downloads/Skin/Train/pigmented benign keratosis/ISIC_0028165.jpg,e39594e4871d569f4545beeeedccee9d,920,3,1,226957,0.22
/Users/soneyeoluwasina/Downloads/Skin/Train/pigmented benign keratosis/ISIC_0025454.jpg,845d5f132772c1ab2df616f7ab85eb8d,921,4,1,362091,0.35
/Users/soneyeoluwasina/Downloads/Skin/Train/pigmented benign keratosis/ISIC_0025326.jpg,8171eaf4c67e9cfbc9b00417f3e7d6ee,922,5,1,260717,0.25
/Users/soneyeoluwasina/Downloads/Skin/Train/pigmented benign keratosis/ISIC_0026607.jpg,e8517285d4ab31952ce0a461a1520401,923,6,1,224263,0.21
/Users/soneyeoluwasina/Downloads/Skin/Train/pigmented benign keratosis/ISIC_0027041.jpg,21d259c7468be84cd9115d5e52d16f8c,924,7,1,328867,0.31
/Users/soneyeoluwasina/Downloads/Skin/Train/pigmented benign keratosis/ISIC_0025656.jpg,40fe495b2c2e2c6a23f6ad56f43f9e5b,925,8,1,295740,0.28
/Users/soneyeoluwasina/Downloads/Skin/Train/pigmented benign keratosis/ISIC_0028414.jpg,efcdc1d28e95fcd2eea8047748ae6f48,926,9,1,298097,0.28
/Users/soneyeoluwasina/Downloads/Skin/Train/pigmented benign keratosis/ISIC_0025642.jpg,edc9895805bda66b99d0af2418f6e8bc,927,10,1,268533,0.26
/Users/soneyeoluwasina/Downloads/Skin/Train/pigmented benign keratosis/ISIC_0028560.jpg,16258003cc58bdf12e957983feae0834,928,11,1,319442,0.3
/Users/soneyeoluwasina/Downloads/Skin/Train/pigmented benign keratosis/ISIC_0025939.jpg,8108cb364d5c0a45d6c83c089ad148c7,929,12,1,198596,0.19
/Users/soneyeoluwasina/Downloads/Skin/Train/pigmented benign keratosis/ISIC_0027451.jpg,5dd2786368c7f90f1ed5c8c0e7e60602,930,13,1,231845,0.22
/Users/soneyeoluwasina/Downloads/Skin/Train/pigmented benign keratosis/ISIC_0026015.jpg,6717b08be37103959a59b4092229c129,931,14,1,261042,0.25
/Users/soneyeoluwasina/Downloads/Skin/Train/pigmented benign keratosis/ISIC_0024602.jpg,49b6302cd5f2e7d4b8d087c0cb8312dd,932,15,1,237969,0.23
/Users/soneyeoluwasina/Downloads/Skin/Train/pigmented benign keratosis/ISIC_0024825.jpg,4aaf720a056ad23849a9174bc9522d15,933,16,1,323422,0.31
/Users/soneyeoluwasina/Downloads/Skin/Train/pigmented benign keratosis/ISIC_0027335.jpg,185331086a3b121e7ac1485b2a29ab50,934,17,1,318388,0.3
/Users/soneyeoluwasina/Downloads/Skin/Train/pigmented benign keratosis/ISIC_0026567.jpg,f3b94d12cb70fae34af69eee233e88ea,935,18,1,284759,0.27
/Users/soneyeoluwasina/Downloads/Skin/Train/pigmented benign keratosis/ISIC_0025867.jpg,e966ed8b80a5481c229b3af277a0d767,936,19,1,269881,0.26
/Users/soneyeoluwasina/Downloads/Skin/Train/pigmented benign keratosis/ISIC_0027916.jpg,568cb64696d945a090e4880c8a4df148,937,0,1,288417,0.28
/Users/soneyeoluwasina/Downloads/Skin/Train/pigmented benign keratosis/ISIC_0027094.jpg,13662d9dee3e39f28d770301c43889ca,938,1,1,239273,0.23
/Users/soneyeoluwasina/Downloads/Skin/Train/pigmented benign keratosis/ISIC_0025654.jpg,1d417a222e2e5ab5f68611079cda1de0,939,2,1,328672,0.31
/Users/soneyeoluwasina/Downloads/Skin/Train/pigmented benign keratosis/ISIC_0024947.jpg,1aed008e4d4c9424f9a2947c6537c648,940,3,1,210471,0.2
/Users/soneyeoluwasina/Downloads/Skin/Train/pigmented benign keratosis/ISIC_0024774.jpg,65cccd54dac432394f125bf1ef7ed686,941,4,1,280006,0.27
/Users/soneyeoluwasina/Downloads/Skin/Train/pigmented benign keratosis/ISIC_0028628.jpg,f69a9401182c8d5b00faa59bbdb4076d,942,5,1,262761,0.25
/Users/soneyeoluwasina/Downloads/Skin/Train/pigmented benign keratosis/ISIC_0024760.jpg,087f00670672f81d5d557840c857c727,943,6,1,259944,0.25
/Users/soneyeoluwasina/Downloads/Skin/Train/pigmented benign keratosis/ISIC_0024748.jpg,79ab8624931e294e3275f13cf854a8f4,944,7,1,222493,0.21
/Users/soneyeoluwasina/Downloads/Skin/Train/pigmented benign keratosis/ISIC_0025330.jpg,07bc6db2884ba6f1c8a17b91ee357063,945,8,1,316700,0.3
/Users/soneyeoluwasina/Downloads/Skin/Train/pigmented benign keratosis/ISIC_0027527.jpg,a6529edd730e124ef9acf9970290fc91,946,9,1,252565,0.24
/Users/soneyeoluwasina/Downloads/Skin/Train/pigmented benign keratosis/ISIC_0027533.jpg,de77a2ef4439376d06bd288b174af5a3,947,10,1,268190,0.26
/Users/soneyeoluwasina/Downloads/Skin/Train/pigmented benign keratosis/ISIC_0028615.jpg,606ba568043711ccc248c3ad4ac96dd2,948,11,1,293258,0.28
/Users/soneyeoluwasina/Downloads/Skin/Train/pigmented benign keratosis/ISIC_0024761.jpg,497ff73141632e9e14a1992bb72d3e18,949,12,1,234202,0.22
/Users/soneyeoluwasina/Downloads/Skin/Train/pigmented benign keratosis/ISIC_0027042.jpg,8a5d44ba630ab7805c1e4616addc884b,950,13,1,325207,0.31
/Users/soneyeoluwasina/Downloads/Skin/Train/pigmented benign keratosis/ISIC_0026566.jpg,e102590c7d2c07a812eec04408c0371f,951,14,1,313306,0.3
/Users/soneyeoluwasina/Downloads/Skin/Train/pigmented benign keratosis/ISIC_0025906.jpg,193778fbd3b2117f3b329d0f1d076532,952,15,1,227585,0.22
/Users/soneyeoluwasina/Downloads/Skin/Train/pigmented benign keratosis/ISIC_0027320.jpg,41c4e27d38900b3a2cd6d09eb4d2bfcc,953,16,1,271371,0.26
/Users/soneyeoluwasina/Downloads/Skin/Train/pigmented benign keratosis/ISIC_0026016.jpg,72338b9f93cac746b149ba4a0dd2a418,954,17,1,260730,0.25
/Users/soneyeoluwasina/Downloads/Skin/Train/pigmented benign keratosis/ISIC_0025292.jpg,777033adba923b4e0e7aba97d69b1c28,955,18,1,259619,0.25
/Users/soneyeoluwasina/Downloads/Skin/Train/pigmented benign keratosis/ISIC_0025286.jpg,11e59980e985502de0bbea037daf01f1,956,19,1,241419,0.23
/Users/soneyeoluwasina/Downloads/Skin/Train/pigmented benign keratosis/ISIC_0026947.jpg,335f2b26329e94e91e581aaf69f4ff76,957,0,1,246077,0.23
/Users/soneyeoluwasina/Downloads/Skin/Train/pigmented benign keratosis/ISIC_0028201.jpg,5455c3834f0826545072d77d2fbbfed5,958,1,1,294354,0.28
/Users/soneyeoluwasina/Downloads/Skin/Train/pigmented benign keratosis/ISIC_0025719.jpg,229c494fc2ccf87a843435fc68d44a32,959,2,1,290133,0.28
/Users/soneyeoluwasina/Downloads/Skin/Train/pigmented benign keratosis/ISIC_0026576.jpg,e103f11e73dd7bbeb5a6945a054e0b09,960,3,1,289731,0.28
/Users/soneyeoluwasina/Downloads/Skin/Train/pigmented benign keratosis/ISIC_0028229.jpg,32dbe68f0bd731fc2ff7923f6dc9caf9,961,4,1,264892,0.25
/Users/soneyeoluwasina/Downloads/Skin/Train/pigmented benign keratosis/ISIC_0025876.jpg,bad99bda630d9eca891ed5f3d5241696,962,5,1,268443,0.26
/Users/soneyeoluwasina/Downloads/Skin/Train/pigmented benign keratosis/ISIC_0026416.jpg,eb4ac547268cb3618f90cec32054d567,963,6,1,314176,0.3
/Users/soneyeoluwasina/Downloads/Skin/Train/pigmented benign keratosis/ISIC_0026827.jpg,1fcc1868d7c80c06b551e63c6e6aed52,964,7,1,232783,0.22
/Users/soneyeoluwasina/Downloads/Skin/Train/pigmented benign keratosis/ISIC_0027287.jpg,325ee3d7df4bab37616f4e585a57aa08,965,8,1,234919,0.22
/Users/soneyeoluwasina/Downloads/Skin/Train/pigmented benign keratosis/ISIC_0025484.jpg,005849b8127ee0072e46ab00bdeb428d,966,9,1,235463,0.22
/Users/soneyeoluwasina/Downloads/Skin/Train/pigmented benign keratosis/ISIC_0028611.jpg,0eb1b8da69a753cce20d860c9a57cb3a,967,10,1,220247,0.21
/Users/soneyeoluwasina/Downloads/Skin/Train/pigmented benign keratosis/ISIC_0024981.jpg,0f493c519c5c368ece4b1efa4d90cb45,968,11,1,344544,0.33
/Users/soneyeoluwasina/Downloads/Skin/Train/pigmented benign keratosis/ISIC_0026614.jpg,3f2fc4f53650edcf13c2c60697c5960d,969,12,1,242712,0.23
/Users/soneyeoluwasina/Downloads/Skin/Train/pigmented benign keratosis/ISIC_0027279.jpg,9be1e16211f0afca1dc3fd735170fee5,970,13,1,292150,0.28
/Users/soneyeoluwasina/Downloads/Skin/Train/pigmented benign keratosis/ISIC_0024770.jpg,87917c1692ccad1eea8dd6ada3800a3b,971,14,1,280368,0.27
/Users/soneyeoluwasina/Downloads/Skin/Train/pigmented benign keratosis/ISIC_0024758.jpg,9fc782a840ff3b86e3fd5fcc5e5a8c98,972,15,1,216449,0.21
/Users/soneyeoluwasina/Downloads/Skin/Train/pigmented benign keratosis/ISIC_0024943.jpg,b1c8dde79e7f5dbf98652f2b72544044,973,16,1,266094,0.25
/Users/soneyeoluwasina/Downloads/Skin/Train/pigmented benign keratosis/ISIC_0025485.jpg,ddb1f2fb8c7a4958d934e76d01f00ed6,974,17,1,285828,0.27
/Users/soneyeoluwasina/Downloads/Skin/Train/pigmented benign keratosis/ISIC_0026365.jpg,8c52a635e207ce4a0bea4bf02c350cf3,975,18,1,210921,0.2
/Users/soneyeoluwasina/Downloads/Skin/Train/pigmented benign keratosis/ISIC_0027735.jpg,7db42b328d9a40332996d51f8278fb3d,976,19,1,324507,0.31
/Users/soneyeoluwasina/Downloads/Skin/Train/pigmented benign keratosis/ISIC_0027053.jpg,8da53726971f80f627c37144c8d48bfc,977,0,1,261506,0.25
/Users/soneyeoluwasina/Downloads/Skin/Train/pigmented benign keratosis/ISIC_0025136.jpg,0d203886bdbe55f6f25292e97b74d031,978,1,1,250795,0.24
/Users/soneyeoluwasina/Downloads/Skin/Train/pigmented benign keratosis/ISIC_0025693.jpg,c77c423a83c688c290614ac372e0648b,979,2,1,229599,0.22
/Users/soneyeoluwasina/Downloads/Skin/Train/pigmented benign keratosis/ISIC_0026205.jpg,44a5bb1d5102a821105025748ef0eae9,980,3,1,336286,0.32
/Users/soneyeoluwasina/Downloads/Skin/Train/pigmented benign keratosis/ISIC_0028200.jpg,7f990d99c98f80ff1f4f3d5ec1c3c979,981,4,1,312640,0.3
/Users/soneyeoluwasina/Downloads/Skin/Train/pigmented benign keratosis/ISIC_0026775.jpg,302b29c7710366e7750c15ea4aabdc48,982,5,1,253778,0.24
/Users/soneyeoluwasina/Downloads/Skin/Train/pigmented benign keratosis/ISIC_0025526.jpg,265e62ecb437b544267169d76fa56833,983,6,1,335629,0.32
/Users/soneyeoluwasina/Downloads/Skin/Train/pigmented benign keratosis/ISIC_0025297.jpg,85a06d37d18855839229fc145622132b,984,7,1,268966,0.26
/Users/soneyeoluwasina/Downloads/Skin/Train/pigmented benign keratosis/ISIC_0027455.jpg,e9bca50aa46d07bec5eefa512d236a7a,985,8,1,259605,0.25
/Users/soneyeoluwasina/Downloads/Skin/Train/pigmented benign keratosis/ISIC_0024612.jpg,bc22cfc594d7f6d8bf32a933ebc0139a,986,9,1,219517,0.21
/Users/soneyeoluwasina/Downloads/Skin/Train/pigmented benign keratosis/ISIC_0027680.jpg,e8f905e08fa35507026f0fd059841b4f,987,10,1,271497,0.26
/Users/soneyeoluwasina/Downloads/Skin/Train/pigmented benign keratosis/ISIC_0025083.jpg,39a0ef0f65dfd97c9860672d0722f380,988,11,1,279368,0.27
/Users/soneyeoluwasina/Downloads/Skin/Train/pigmented benign keratosis/ISIC_0025915.jpg,3ba48211d4ce889362cac9a59e7a9188,989,12,1,278748,0.27
/Users/soneyeoluwasina/Downloads/Skin/Train/pigmented benign keratosis/ISIC_0025040.jpg,6c5bce5c6e3cba7932a31afa45d780bd,990,13,1,258533,0.25
/Users/soneyeoluwasina/Downloads/Skin/Train/pigmented benign keratosis/ISIC_0025068.jpg,3e92f3c00b9f5345b9c15af9e09f4802,991,14,1,292987,0.28
/Users/soneyeoluwasina/Downloads/Skin/Train/pigmented benign keratosis/ISIC_0028389.jpg,dc4e20bd25cc16cad201493154655183,992,15,1,227211,0.22
/Users/soneyeoluwasina/Downloads/Skin/Train/pigmented benign keratosis/ISIC_0027737.jpg,635b6db099f6d275cde0ad3b1f31db5a,993,16,1,261453,0.25
/Users/soneyeoluwasina/Downloads/Skin/Train/pigmented benign keratosis/ISIC_0028404.jpg,d2884c86ef5bd85cd36a7d94bc752281,994,17,1,264494,0.25
/Users/soneyeoluwasina/Downloads/Skin/Train/pigmented benign keratosis/ISIC_0028376.jpg,3208778e146fd576aa916d8ce7f7985b,995,18,1,259131,0.25
/Users/soneyeoluwasina/Downloads/Skin/Train/pigmented benign keratosis/ISIC_0024982.jpg,34e639ec7d6b5189a2726f0019eb67eb,996,19,1,215766,0.21
/Users/soneyeoluwasina/Downloads/Skin/Train/pigmented benign keratosis/ISIC_0026159.jpg,ea8345d26e245efc2cfba198627d42e5,997,0,1,220938,0.21
/Users/soneyeoluwasina/Downloads/Skin/Train/pigmented benign keratosis/ISIC_0027509.jpg,29778b7818489df17d1c58e63b89be45,998,1,1,311595,0.3
/Users/soneyeoluwasina/Downloads/Skin/Train/pigmented benign keratosis/ISIC_0024772.jpg,6f932eb546923d259e53ed048dd85b2a,999,2,1,214239,0.2
/Users/soneyeoluwasina/Downloads/Skin/Train/pigmented benign keratosis/ISIC_0024773.jpg,9ca8e8219955c9e1a63cf26b25a24212,1000,3,1,298126,0.28
/Users/soneyeoluwasina/Downloads/Skin/Train/pigmented benign keratosis/ISIC_0024997.jpg,88bdfcb813abcec817047537d4dbc204,1001,4,1,257021,0.25
/Users/soneyeoluwasina/Downloads/Skin/Train/pigmented benign keratosis/ISIC_0025337.jpg,d1b74516b48c9099358ec686b2ae1519,1002,5,1,262522,0.25
/Users/soneyeoluwasina/Downloads/Skin/Train/pigmented benign keratosis/ISIC_0028607.jpg,b49e4a55beca04d9d760e9a4707cead8,1003,6,1,267000,0.25
/Users/soneyeoluwasina/Downloads/Skin/Train/pigmented benign keratosis/ISIC_0028411.jpg,562e96be81089f783a27e38b4f6a8847,1004,7,1,295254,0.28
/Users/soneyeoluwasina/Downloads/Skin/Train/pigmented benign keratosis/ISIC_0027905.jpg,bf73807217bd45f4f9e82cc5ae7f8a2c,1005,8,1,299667,0.29
/Users/soneyeoluwasina/Downloads/Skin/Train/pigmented benign keratosis/ISIC_0028388.jpg,47c8890ca955ab3409ac2e4ef83d99df,1006,9,1,243767,0.23
/Users/soneyeoluwasina/Downloads/Skin/Train/pigmented benign keratosis/ISIC_0025874.jpg,eaad9d7604d08d2bb54ca111e4c339ca,1007,10,1,301635,0.29
/Users/soneyeoluwasina/Downloads/Skin/Train/pigmented benign keratosis/ISIC_0025928.jpg,85b8bbbbb19bdc75b3e0d8ce83de5028,1008,11,1,256164,0.24
/Users/soneyeoluwasina/Downloads/Skin/Train/pigmented benign keratosis/ISIC_0027681.jpg,229b0593b92cb50efe4a7bdcbf2fdd9e,1009,12,1,320722,0.31
/Users/soneyeoluwasina/Downloads/Skin/Train/pigmented benign keratosis/ISIC_0027859.jpg,42b7d32b9616fa64c607db5c6fee6ce0,1010,13,1,225417,0.21
/Users/soneyeoluwasina/Downloads/Skin/Train/pigmented benign keratosis/ISIC_0025519.jpg,466f935e3f112d63b2b03673498af7dd,1011,14,1,343093,0.33
/Users/soneyeoluwasina/Downloads/Skin/Train/pigmented benign keratosis/ISIC_0027332.jpg,9a2e9223b3045cc7c68c5e413a58875c,1012,15,1,320136,0.31
/Users/soneyeoluwasina/Downloads/Skin/Train/pigmented benign keratosis/ISIC_0027454.jpg,f3e32687e0c1df2dee1d6461d90b709c,1013,16,1,247386,0.24
/Users/soneyeoluwasina/Downloads/Skin/Train/pigmented benign keratosis/ISIC_0027326.jpg,3e9cac677f4b2f5cbdf9c9cea5c39f40,1014,17,1,340562,0.32
/Users/soneyeoluwasina/Downloads/Skin/Train/nevus/ISIC_0000025.jpg,409661465aeae62e711b98357a0afe07,1015,18,1,98872,0.09
/Users/soneyeoluwasina/Downloads/Skin/Train/nevus/ISIC_0000019.jpg,f4ee83d8358813fc20382c09d415b033,1016,19,1,107635,0.1
/Users/soneyeoluwasina/Downloads/Skin/Train/nevus/ISIC_0029460.jpg,822bf40ab11ea40b21307071803acedd,1017,0,1,303601,0.29
/Users/soneyeoluwasina/Downloads/Skin/Train/nevus/ISIC_0000227.jpg,4f58543efeb5dd85073e29071d60c0eb,1018,1,1,44312,0.04
/Users/soneyeoluwasina/Downloads/Skin/Train/nevus/ISIC_0000541.jpg,1021e2f18f5db4e30086244989aa7e4c,1019,2,1,36019,0.03
/Users/soneyeoluwasina/Downloads/Skin/Train/nevus/ISIC_0000233.jpg,af8b5f797d64c140a31fc6b171134f11,1020,3,1,62248,0.06
/Users/soneyeoluwasina/Downloads/Skin/Train/nevus/ISIC_0000353.jpg,e234e37b7754b09d4baa52a1c3970a6f,1021,4,1,338093,0.32
/Users/soneyeoluwasina/Downloads/Skin/Train/nevus/ISIC_0000435.jpg,f7916177b67b9ec1eda9c3b3e4fa593b,1022,5,1,440459,0.42
/Users/soneyeoluwasina/Downloads/Skin/Train/nevus/ISIC_0000421.jpg,5b3ef07c938978ce8399b02c3eaca73a,1023,6,1,791178,0.75
/Users/soneyeoluwasina/Downloads/Skin/Train/nevus/ISIC_0000347.jpg,a26ce0ba060de4d46d254347b0b5e216,1024,7,1,301903,0.29
/Users/soneyeoluwasina/Downloads/Skin/Train/nevus/ISIC_0000409.jpg,e6912dd12953cbf544e8b779e0139ead,1025,8,1,464539,0.44
/Users/soneyeoluwasina/Downloads/Skin/Train/nevus/ISIC_0000384.jpg,a39fae75d51779dc293e288a36c1a047,1026,9,1,367378,0.35
/Users/soneyeoluwasina/Downloads/Skin/Train/nevus/ISIC_0026626.jpg,9055a85fd28db6a491ccf372b35ad3a0,1027,10,1,290951,0.28
/Users/soneyeoluwasina/Downloads/Skin/Train/nevus/ISIC_0000385.jpg,5ad79ffbb922df37cfd439f71e96fe0e,1028,11,1,624590,0.6
/Users/soneyeoluwasina/Downloads/Skin/Train/nevus/ISIC_0000391.jpg,9058422ab36b8210052dc081e963990e,1029,12,1,566073,0.54
/Users/soneyeoluwasina/Downloads/Skin/Train/nevus/ISIC_0000408.jpg,0a6551aff8470f58d01b5beb17af8dc1,1030,13,1,571348,0.54
/Users/soneyeoluwasina/Downloads/Skin/Train/nevus/ISIC_0000346.jpg,acc5f88e2cc9388d4d05a96a96c9435c,1031,14,1,333348,0.32
/Users/soneyeoluwasina/Downloads/Skin/Train/nevus/ISIC_0000352.jpg,3c382604753d234ba0097708fcd93226,1032,15,1,333774,0.32
/Users/soneyeoluwasina/Downloads/Skin/Train/nevus/ISIC_0027896.jpg,eb86a4f7ca2a31f9c9ad1fa9272ebcce,1033,19,1,291117,0.28
/Users/soneyeoluwasina/Downloads/Skin/Train/nevus/ISIC_0000232.jpg,63433ebb749a19a44617e45eccb68ef5,1034,16,1,46079,0.04
/Users/soneyeoluwasina/Downloads/Skin/Train/nevus/ISIC_0000226.jpg,03780db1ff6eadb1fa9200be54626bb1,1035,17,1,51910,0.05
/Users/soneyeoluwasina/Downloads/Skin/Train/nevus/ISIC_0000540.jpg,3dc8554b165becf9583bb994da00ab7b,1036,18,1,45629,0.04
/Users/soneyeoluwasina/Downloads/Skin/Train/nevus/ISIC_0000024.jpg,969276b87354a893a0e0c8a169830ab1,1037,0,1,80111,0.08
/Users/soneyeoluwasina/Downloads/Skin/Train/nevus/ISIC_0000032.jpg,fb94352ba6e50d8a192741d42b863929,1038,1,1,114356,0.11
/Users/soneyeoluwasina/Downloads/Skin/Train/nevus/ISIC_0000230.jpg,0423120e594ae05cab43ac07bcce7405,1039,2,1,60627,0.06
/Users/soneyeoluwasina/Downloads/Skin/Train/nevus/ISIC_0000556.jpg,57d437e400e40e476f20b60e15492a6d,1040,3,1,43415,0.04
/Users/soneyeoluwasina/Downloads/Skin/Train/nevus/ISIC_0000542.jpg,d64d1dc6512a78bb0d830166b26c87e9,1041,4,1,40370,0.04
/Users/soneyeoluwasina/Downloads/Skin/Train/nevus/ISIC_0000224.jpg,b756cae9c59d7dab5ca0a11a92b36a43,1042,5,1,52758,0.05
/Users/soneyeoluwasina/Downloads/Skin/Train/nevus/ISIC_0000344.jpg,ee381cbec75fad143f4043b9eaa85568,1043,6,1,325241,0.31
/Users/soneyeoluwasina/Downloads/Skin/Train/nevus/ISIC_0000422.jpg,2109f43f7754e44cdb20104a3b6fce21,1044,7,1,441344,0.42
/Users/soneyeoluwasina/Downloads/Skin/Train/nevus/ISIC_0000436.jpg,30c86016053ceb3f3cf6021e3bd193eb,1045,8,1,608771,0.58
/Users/soneyeoluwasina/Downloads/Skin/Train/nevus/ISIC_0000350.jpg,f47a61e25a20b27a1370d345d4d15fbf,1046,9,1,322284,0.31
/Users/soneyeoluwasina/Downloads/Skin/Train/nevus/ISIC_0000378.jpg,3f8e8661c5f401b5576ffce6cc847078,1047,10,1,405561,0.39
/Users/soneyeoluwasina/Downloads/Skin/Train/nevus/ISIC_0000387.jpg,0a0403530da7fbd80b164cece31553d4,1048,11,1,555660,0.53
/Users/soneyeoluwasina/Downloads/Skin/Train/nevus/ISIC_0028190.jpg,8681d41f0af5108602eaf45b30ebe423,1049,12,1,252138,0.24
/Users/soneyeoluwasina/Downloads/Skin/Train/nevus/ISIC_0026625.jpg,dbb6c03925507d948dfc3e9966763bc7,1050,13,1,301284,0.29
/Users/soneyeoluwasina/Downloads/Skin/Train/nevus/ISIC_0026194.jpg,20404f1c9b230af91d3d85633a051556,1051,14,1,252103,0.24
/Users/soneyeoluwasina/Downloads/Skin/Train/nevus/ISIC_0000392.jpg,6a2afcd5ea95097f0f07762755e0ad64,1052,15,1,471584,0.45
/Users/soneyeoluwasina/Downloads/Skin/Train/nevus/ISIC_0000386.jpg,7e5738b87d7707d9ad0c3271f81f733d,1053,16,1,617639,0.59
/Users/soneyeoluwasina/Downloads/Skin/Train/nevus/ISIC_0000379.jpg,57c5613d89dce2d12716c697fd108bf0,1054,17,1,514790,0.49
/Users/soneyeoluwasina/Downloads/Skin/Train/nevus/ISIC_0028393.jpg,0f3b2b7c571b5d7b5c359c55d7729240,1055,18,1,137807,0.13
/Users/soneyeoluwasina/Downloads/Skin/Train/nevus/ISIC_0000437.jpg,8dc68f8c2d24b6cdccaf43ded7caa8f6,1056,19,1,598437,0.57
/Users/soneyeoluwasina/Downloads/Skin/Train/nevus/ISIC_0000351.jpg,89bd7977744b6fd264640f4547e2e1c6,1057,0,1,158026,0.15
/Users/soneyeoluwasina/Downloads/Skin/Train/nevus/ISIC_0000345.jpg,79e6684fc48628c004404d0b9068ffb8,1058,1,1,339706,0.32
/Users/soneyeoluwasina/Downloads/Skin/Train/nevus/ISIC_0000423.jpg,423203e8ed74b8a4184f91636d77262f,1059,2,1,668798,0.64
/Users/soneyeoluwasina/Downloads/Skin/Train/nevus/ISIC_0000219.jpg,5c1a441a6bd4f79c32463ea8c132673f,1060,3,1,60328,0.06
/Users/soneyeoluwasina/Downloads/Skin/Train/nevus/ISIC_0000543.jpg,ae388ddb6ef3a25c5aef7ca2c2bc43d0,1061,4,1,36640,0.03
/Users/soneyeoluwasina/Downloads/Skin/Train/nevus/ISIC_0000225.jpg,086d760ec3cfe789103c7650c2b3a751,1062,5,1,45396,0.04
/Users/soneyeoluwasina/Downloads/Skin/Train/nevus/ISIC_0000231.jpg,6f5be106f918863227c754ffe4e9587a,1063,6,1,58162,0.06
/Users/soneyeoluwasina/Downloads/Skin/Train/nevus/ISIC_0000027.jpg,9822d1e4abd9170be2974d3b64a3680d,1064,7,1,85440,0.08
/Users/soneyeoluwasina/Downloads/Skin/Train/nevus/ISIC_0000033.jpg,ecacfcbf0ecba666d02a0122637357fd,1065,8,1,67067,0.06
/Users/soneyeoluwasina/Downloads/Skin/Train/nevus/ISIC_0000037.jpg,1858584cc2ec2d01f6118e4b83adc1ef,1066,9,1,86384,0.08
/Users/soneyeoluwasina/Downloads/Skin/Train/nevus/ISIC_0000023.jpg,b6272b7e3fcae9317616132e927d1163,1067,10,1,77032,0.07
/Users/soneyeoluwasina/Downloads/Skin/Train/nevus/ISIC_0000235.jpg,84933fa200182de5ef3b153050c72df2,1068,11,1,31733,0.03
/Users/soneyeoluwasina/Downloads/Skin/Train/nevus/ISIC_0000221.jpg,10a2d11005c60ee7f90ed096e90102e1,1069,12,1,51938,0.05
/Users/soneyeoluwasina/Downloads/Skin/Train/nevus/ISIC_0000369.jpg,69c8c76d95d9d5b8ec65d5715628e4ac,1070,13,1,339448,0.32
/Users/soneyeoluwasina/Downloads/Skin/Train/nevus/ISIC_0000427.jpg,4cd15d3782be06bc7ca3910a26be70d8,1071,14,1,824488,0.79
/Users/soneyeoluwasina/Downloads/Skin/Train/nevus/ISIC_0000341.jpg,a39fc2ffb23308d614de23c544ee9097,1072,9,1,332614,0.32
/Users/soneyeoluwasina/Downloads/Skin/Train/nevus/ISIC_0000355.jpg,480387fd8c2fa4a1ba5594805b5323be,1073,15,1,301070,0.29
/Users/soneyeoluwasina/Downloads/Skin/Train/nevus/ISIC_0000433.jpg,c2df45d21523521ba1913898b2ad6ba1,1074,16,1,898871,0.86
/Users/soneyeoluwasina/Downloads/Skin/Train/nevus/ISIC_0000382.jpg,31e61cd25364783eb7844a00d21a3d72,1075,17,1,468244,0.45
/Users/soneyeoluwasina/Downloads/Skin/Train/nevus/ISIC_0000396.jpg,1eeb64b1ad0312976dc3515b53e521f9,1076,18,1,373804,0.36
/Users/soneyeoluwasina/Downloads/Skin/Train/nevus/ISIC_0028619.jpg,dbc3b6798f03de6db5c246bea1780a5a,1077,19,1,277507,0.26
/Users/soneyeoluwasina/Downloads/Skin/Train/nevus/ISIC_0000397.jpg,98a25dfe9a04ebc315af7594afc8e564,1078,0,1,645039,0.62
/Users/soneyeoluwasina/Downloads/Skin/Train/nevus/ISIC_0000383.jpg,6b00bdcd78aec920de6ad8c0b6edf900,1079,1,1,370557,0.35
/Users/soneyeoluwasina/Downloads/Skin/Train/nevus/ISIC_0000354.jpg,b7ad10ee0d1c8c3e3e4d98acfcda6bed,1080,2,1,319372,0.3
/Users/soneyeoluwasina/Downloads/Skin/Train/nevus/ISIC_0000426.jpg,436f2834190c04643d80a9fc81d278c2,1081,3,1,784652,0.75
/Users/soneyeoluwasina/Downloads/Skin/Train/nevus/ISIC_0000340.jpg,fdedc225c8eda911838b1c9eaefc796c,1082,4,1,323842,0.31
/Users/soneyeoluwasina/Downloads/Skin/Train/nevus/ISIC_0000368.jpg,84a1bbb5aba2a2cc69a89f30c25a90fd,1083,5,1,336638,0.32
/Users/soneyeoluwasina/Downloads/Skin/Train/nevus/ISIC_0027884.jpg,e1101ece28eeb792657b85fcdb21e342,1084,6,1,241430,0.23
/Users/soneyeoluwasina/Downloads/Skin/Train/nevus/ISIC_0000220.jpg,00094177a35517e5195dcedfedb364a7,1085,7,1,53407,0.05
/Users/soneyeoluwasina/Downloads/Skin/Train/nevus/ISIC_0000546.jpg,f157fbdebc435ddcc67ea51abd4f6e95,1086,8,1,25341,0.02
/Users/soneyeoluwasina/Downloads/Skin/Train/nevus/ISIC_0000234.jpg,1dedab4a640ecd5ed61cfddf7ffed7c7,1087,10,1,52068,0.05
/Users/soneyeoluwasina/Downloads/Skin/Train/nevus/ISIC_0024800.jpg,f118f4f92d88263026c7bf55de182639,65,4,1,268818,0.26
/Users/soneyeoluwasina/Downloads/Skin/Train/nevus/ISIC_0000020.jpg,94ce41981957181820578f8e93e6227d,1088,11,1,111829,0.11
/Users/soneyeoluwasina/Downloads/Skin/Train/nevus/ISIC_0000034.jpg,e1b72c6566adffa4c69f27bd6a19f5fd,1089,12,1,101835,0.1
/Users/soneyeoluwasina/Downloads/Skin/Train/nevus/ISIC_0000544.jpg,2aacdeb072c23a3e4ba6aeab9d25e739,1090,13,1,44846,0.04
/Users/soneyeoluwasina/Downloads/Skin/Train/nevus/ISIC_0000222.jpg,4b36ed4b2810ae12dd1d9ad27d586cd2,1091,14,1,49093,0.05
/Users/soneyeoluwasina/Downloads/Skin/Train/nevus/ISIC_0000236.jpg,2bfafea8fcd0688e1f715c5355bf7001,1092,15,1,143965,0.14
/Users/soneyeoluwasina/Downloads/Skin/Train/nevus/ISIC_0000418.jpg,3027a3937823bca76505a833fd42ea35,1093,16,1,626464,0.6
/Users/soneyeoluwasina/Downloads/Skin/Train/nevus/ISIC_0000430.jpg,c3768de689aee33aa8b44970d6da1d00,1094,17,1,905737,0.86
/Users/soneyeoluwasina/Downloads/Skin/Train/nevus/ISIC_0000356.jpg,bdc3f323ec19cbb22f1c8e582f437f7c,1095,18,1,341590,0.33
/Users/soneyeoluwasina/Downloads/Skin/Train/nevus/ISIC_0000342.jpg,132b9abd03f886dd8258c469d5a3c323,1096,19,1,328507,0.31
/Users/soneyeoluwasina/Downloads/Skin/Train/nevus/ISIC_0000424.jpg,7845b3405b2d2f30b40d70d362987ea2,1097,0,1,747386,0.71
/Users/soneyeoluwasina/Downloads/Skin/Train/nevus/ISIC_0000381.jpg,b3a9d4a40e5c7bca3ab67d88dfa9da9a,1098,10,1,423900,0.4
/Users/soneyeoluwasina/Downloads/Skin/Train/nevus/ISIC_0024948.jpg,d6c59fd7e6469f481595c8e3c6f5c703,66,5,1,274133,0.26
/Users/soneyeoluwasina/Downloads/Skin/Train/nevus/ISIC_0000380.jpg,8339e941e9b9c6cb2386a9a80c03255c,1099,1,1,458316,0.44
/Users/soneyeoluwasina/Downloads/Skin/Train/nevus/ISIC_0000343.jpg,9220d0c0fac746e5916e74927560345c,1100,2,1,329710,0.31
/Users/soneyeoluwasina/Downloads/Skin/Train/nevus/ISIC_0000425.jpg,1183aef45fc28357ad40c1746d491d69,1101,3,1,617128,0.59
/Users/soneyeoluwasina/Downloads/Skin/Train/nevus/ISIC_0000431.jpg,55dc4cbc4edce6da7ce045c2dfb89e5b,1102,6,1,785073,0.75
/Users/soneyeoluwasina/Downloads/Skin/Train/nevus/ISIC_0000357.jpg,4d29792a47cb63150a12b81435511f15,1103,7,1,342637,0.33
/Users/soneyeoluwasina/Downloads/Skin/Train/nevus/ISIC_0000419.jpg,81550da0015faf0cb4f760d944271d67,1104,8,1,726083,0.69
/Users/soneyeoluwasina/Downloads/Skin/Train/nevus/ISIC_0000237.jpg,2588bda04f3bdd78b30ea6ab70a738cd,1105,9,1,167595,0.16
/Users/soneyeoluwasina/Downloads/Skin/Train/nevus/ISIC_0000545.jpg,55c6e165b497455791f9af39cd0d5bee,1106,11,1,30008,0.03
/Users/soneyeoluwasina/Downloads/Skin/Train/nevus/ISIC_0000223.jpg,c1e1890bb4ed1753898c7ba8c582fffc,1107,12,1,56657,0.05
/Users/soneyeoluwasina/Downloads/Skin/Train/nevus/ISIC_0000021.jpg,b68ccf1c00acdf07ae2452dc8665de3c,1108,13,1,114411,0.11
/Users/soneyeoluwasina/Downloads/Skin/Train/nevus/ISIC_0000052.jpg,318a3625d5c9eb0c02ddfa4e36bc0d5f,1109,14,1,100263,0.1
/Users/soneyeoluwasina/Downloads/Skin/Train/nevus/ISIC_0000085.jpg,391c2f83eaa261fdbbb865dd5af7052f,1110,15,1,1338452,1.28
/Users/soneyeoluwasina/Downloads/Skin/Train/nevus/ISIC_0000091.jpg,8a472d312b7a3eafd0526c9045c2714d,1111,16,1,1323932,1.26
/Users/soneyeoluwasina/Downloads/Skin/Train/nevus/ISIC_0000244.jpg,76bb0d3e551d34bba34c47755d2ead29,1112,17,1,160926,0.15
/Users/soneyeoluwasina/Downloads/Skin/Train/nevus/ISIC_0000250.jpg,ef284a7e2f4a2a87a04586972134cba8,1113,18,1,194221,0.19
/Users/soneyeoluwasina/Downloads/Skin/Train/nevus/ISIC_0000536.jpg,be722f01be377a28f38977470557cd97,1114,19,1,38357,0.04
/Users/soneyeoluwasina/Downloads/Skin/Train/nevus/ISIC_0000456.jpg,dcdd015986dc994d05166d2265049cbf,1115,0,1,566436,0.54
/Users/soneyeoluwasina/Downloads/Skin/Train/nevus/ISIC_0000330.jpg,5c32c7815fa7bb8c3c97f9b629eb90c7,1116,1,1,331949,0.32
/Users/soneyeoluwasina/Downloads/Skin/Train/nevus/ISIC_0000324.jpg,7a2b3b21208f4dd2b6c5bdf6edf7c9a2,1117,2,1,332104,0.32
/Users/soneyeoluwasina/Downloads/Skin/Train/nevus/ISIC_0010889.jpg,e80fc9560e27f04fac992452d7c5a827,67,6,1,55730,0.05
/Users/soneyeoluwasina/Downloads/Skin/Train/nevus/ISIC_0000442.jpg,1e77ae651d9ac80610b3d50bf5b80175,1118,3,1,861970,0.82
/Users/soneyeoluwasina/Downloads/Skin/Train/nevus/ISIC_0000318.jpg,303443a914f7e17a9efd0f41fc4546fa,1119,4,1,353226,0.34
/Users/soneyeoluwasina/Downloads/Skin/Train/nevus/ISIC_0000495.jpg,6bbdaa56f9b818193dbbac02e6e70710,1120,5,1,323450,0.31
/Users/soneyeoluwasina/Downloads/Skin/Train/nevus/ISIC_0000481.jpg,27ff38ceb754d85e860b6f190a51606e,1121,7,1,370261,0.35
/Users/soneyeoluwasina/Downloads/Skin/Train/nevus/ISIC_0026650.jpg,ff881d607cef4ed5b0101916ffb9d93a,1122,8,1,252523,0.24
/Users/soneyeoluwasina/Downloads/Skin/Train/nevus/ISIC_0029210.jpg,4a9d999da13b01ec91337995b4348b6f,1123,9,1,272519,0.26
/Users/soneyeoluwasina/Downloads/Skin/Train/nevus/ISIC_0024913.jpg,93dbde640711c35a3d336c13984a9d4c,68,7,1,324844,0.31
/Users/soneyeoluwasina/Downloads/Skin/Train/nevus/ISIC_0000480.jpg,c3b519db9cc0a0388c93d442cbe72400,1124,10,1,561611,0.54
/Users/soneyeoluwasina/Downloads/Skin/Train/nevus/ISIC_0000494.jpg,cdd081a41a127e124b04eb4e64c172b1,1125,11,1,599099,0.57
/Users/soneyeoluwasina/Downloads/Skin/Train/nevus/ISIC_0000319.jpg,a89d3780fbec50d7818c66864c4bdde7,1126,12,1,357990,0.34
/Users/soneyeoluwasina/Downloads/Skin/Train/nevus/ISIC_0000325.jpg,821059322fedeab7864e2ac727045735,1127,13,1,336214,0.32
/Users/soneyeoluwasina/Downloads/Skin/Train/nevus/ISIC_0000443.jpg,5e8eafacb1ac739d210c8f6027810926,1128,14,1,937034,0.89
/Users/soneyeoluwasina/Downloads/Skin/Train/nevus/ISIC_0000457.jpg,7d2adbf576fa7d444b2934a946e37369,1129,15,1,383655,0.37
/Users/soneyeoluwasina/Downloads/Skin/Train/nevus/ISIC_0000331.jpg,b62172309f0adb3e81cd5e4a0cd11736,1130,16,1,327699,0.31
/Users/soneyeoluwasina/Downloads/Skin/Train/nevus/ISIC_0000537.jpg,5553b8db54241c6ec5f0158b63be65ca,1131,17,1,51101,0.05
/Users/soneyeoluwasina/Downloads/Skin/Train/nevus/ISIC_0025953.jpg,5b56a7feeeafa1152c0623898048f4b6,1132,18,1,273040,0.26
/Users/soneyeoluwasina/Downloads/Skin/Train/nevus/ISIC_0000523.jpg,ab85761dfc3422ffc058ef2af98c0d66,1133,19,1,358386,0.34
/Users/soneyeoluwasina/Downloads/Skin/Train/nevus/ISIC_0000245.jpg,95065e29b3c951a09686abc560602715,1134,0,1,129831,0.12
/Users/soneyeoluwasina/Downloads/Skin/Train/nevus/ISIC_0000084.jpg,d791c11dd8f3a745c98b997050968010,1135,1,1,1556334,1.48
/Users/soneyeoluwasina/Downloads/Skin/Train/nevus/ISIC_0000053.jpg,5cf22784433d82e3f2fb51234fc1bba1,1136,2,1,98015,0.09
/Users/soneyeoluwasina/Downloads/Skin/Train/nevus/ISIC_0000047.jpg,d4f29dec56426653814dc54729da0207,1137,3,1,71244,0.07
/Users/soneyeoluwasina/Downloads/Skin/Train/nevus/ISIC_0000051.jpg,05af36a9a8ffada4ce0d6a5846a11085,1138,4,1,92600,0.09
/Users/soneyeoluwasina/Downloads/Skin/Train/nevus/ISIC_0000079.jpg,22bbe86cd97bea06ed06fd4c36eb9735,1139,5,1,78299,0.07
/Users/soneyeoluwasina/Downloads/Skin/Train/nevus/ISIC_0000092.jpg,9a917ecb1051c9d2c61bc65a879fc68b,1140,6,1,1096145,1.05
/Users/soneyeoluwasina/Downloads/Skin/Train/nevus/ISIC_0000086.jpg,f6be73a5addda6a5ff3b09a763a3797f,1141,8,1,968855,0.92
/Users/soneyeoluwasina/Downloads/Skin/Train/nevus/ISIC_0000535.jpg,d7db1f6d406060043457ed7f78bf0642,1142,9,1,38700,0.04
/Users/soneyeoluwasina/Downloads/Skin/Train/nevus/ISIC_0000509.jpg,987358d708cd157195fc4b42d7b7d34f,1143,10,1,372528,0.36
/Users/soneyeoluwasina/Downloads/Skin/Train/nevus/ISIC_0026525.jpg,9dcccbb73dc7fe64c66c1bee95ba2f58,1144,11,1,273790,0.26
/Users/soneyeoluwasina/Downloads/Skin/Train/nevus/ISIC_0025992.jpg,0aff80c88427c39d62340d3339ff9438,1145,12,1,249077,0.24
/Users/soneyeoluwasina/Downloads/Skin/Train/nevus/ISIC_0024468.jpg,5635cc371bc14b49216890506d7d5975,70,9,1,291343,0.28
/Users/soneyeoluwasina/Downloads/Skin/Train/nevus/ISIC_0000327.jpg,3f39b6f280b4974811bdafb6a7b7e230,1146,13,1,322786,0.31
/Users/soneyeoluwasina/Downloads/Skin/Train/nevus/ISIC_0000333.jpg,0ef3ceb028890e5aaebc40ff21f33dd2,1147,14,1,320890,0.31
/Users/soneyeoluwasina/Downloads/Skin/Train/nevus/ISIC_0000455.jpg,afc73889a6f6e6ff4d7b2180937c1eef,1148,15,1,413456,0.39
/Users/soneyeoluwasina/Downloads/Skin/Train/nevus/ISIC_0025825.jpg,b58f533def130ad88a399ac54537b0f3,1149,16,1,294418,0.28
/Users/soneyeoluwasina/Downloads/Skin/Train/nevus/ISIC_0000496.jpg,56d875d8ee00e3ee356e52a69baeb16e,1150,17,1,327423,0.31
/Users/soneyeoluwasina/Downloads/Skin/Train/nevus/ISIC_0026848.jpg,16879939742626f3f4670e00e029d5af,1151,18,1,235871,0.22
/Users/soneyeoluwasina/Downloads/Skin/Train/nevus/ISIC_0000497.jpg,4d52803596b8ed683ab2b5e4a8b136fb,1152,19,1,369241,0.35
/Users/soneyeoluwasina/Downloads/Skin/Train/nevus/ISIC_0000483.jpg,8b9bcd9eeaa03969f19da3c4adfa1359,1153,0,1,331086,0.32
/Users/soneyeoluwasina/Downloads/Skin/Train/nevus/ISIC_0000468.jpg,c6bdc87332ef0eb5873f9a945f5b2346,1154,1,1,385447,0.37
/Users/soneyeoluwasina/Downloads/Skin/Train/nevus/ISIC_0000332.jpg,0f5e73dc18da8f2e651fe43a1224090b,1155,2,1,295870,0.28
/Users/soneyeoluwasina/Downloads/Skin/Train/nevus/ISIC_0000326.jpg,19fb87333aa5dc64625fa10e05d933d8,1156,3,1,207108,0.2
/Users/soneyeoluwasina/Downloads/Skin/Train/nevus/ISIC_0000508.jpg,9b339564229950af21e39526b675f427,1157,4,1,392128,0.37
/Users/soneyeoluwasina/Downloads/Skin/Train/nevus/ISIC_0000246.jpg,d524a8f1e4f446b8be86f76f46ac55cf,1158,5,1,152478,0.15
/Users/soneyeoluwasina/Downloads/Skin/Train/nevus/ISIC_0000534.jpg,34cd0498ddbf359543e66b35c67cba35,1159,6,1,35682,0.03
/Users/soneyeoluwasina/Downloads/Skin/Train/nevus/ISIC_0026040.jpg,f483cae644a4d471ed7018e6a1924220,1160,7,1,245057,0.23
/Users/soneyeoluwasina/Downloads/Skin/Train/nevus/ISIC_0000087.jpg,9c497167c76d59412058e55b2393892c,1161,8,1,1274913,1.22
/Users/soneyeoluwasina/Downloads/Skin/Train/nevus/ISIC_0000093.jpg,f91f32e220c044c0585009248088e9b5,1162,10,1,1167545,1.11
/Users/soneyeoluwasina/Downloads/Skin/Train/nevus/ISIC_0000050.jpg,5327f2d016f7d31ec50c06cda51aa822,1163,11,1,80152,0.08
/Users/soneyeoluwasina/Downloads/Skin/Train/nevus/ISIC_0000068.jpg,84d90f77d25d78e7253c00f64ca6335d,1164,12,1,48724,0.05
/Users/soneyeoluwasina/Downloads/Skin/Train/nevus/ISIC_0026905.jpg,ace359c2e89d51ce988d917fca02eb4e,1165,13,1,286887,0.27
/Users/soneyeoluwasina/Downloads/Skin/Train/nevus/ISIC_0000097.jpg,ca18db29abc9107da5906861caed8cab,1166,14,1,1246413,1.19
/Users/soneyeoluwasina/Downloads/Skin/Train/nevus/ISIC_0000083.jpg,31bef8be970c76552501650d6a8ffc2e,1167,15,1,1064468,1.02
/Users/soneyeoluwasina/Downloads/Skin/Train/nevus/ISIC_0000256.jpg,6709782dba84ea0146676610d5773622,1168,16,1,150725,0.14
/Users/soneyeoluwasina/Downloads/Skin/Train/nevus/ISIC_0000530.jpg,bd10dc49be6db5d19a7f45153a02372f,1169,17,1,366159,0.35
/Users/soneyeoluwasina/Downloads/Skin/Train/nevus/ISIC_0000524.jpg,0b9ab6da1134643146ccc2210aec8233,1170,18,1,420590,0.4
/Users/soneyeoluwasina/Downloads/Skin/Train/nevus/ISIC_0000478.jpg,8aaa531f5e4b28064b7f070863268907,1171,19,1,353718,0.34
/Users/soneyeoluwasina/Downloads/Skin/Train/nevus/ISIC_0000322.jpg,fb85e44454a671f6ea65f24c5cb72814,1172,0,1,326279,0.31
/Users/soneyeoluwasina/Downloads/Skin/Train/nevus/ISIC_0000336.jpg,67b682250bdc7d2baa579323e8fc19e2,1173,1,1,322579,0.31
/Users/soneyeoluwasina/Downloads/Skin/Train/nevus/ISIC_0026468.jpg,0f96baf7dbdc076ee1a97eb238e85632,1174,2,1,155738,0.15
/Users/soneyeoluwasina/Downloads/Skin/Train/nevus/ISIC_0000493.jpg,2e69926a480fe7720ac2526b7669e98a,1175,3,1,340855,0.33
/Users/soneyeoluwasina/Downloads/Skin/Train/nevus/ISIC_0000492.jpg,aecde76d507fb1f67d82fe9bee5e71c0,1176,4,1,367049,0.35
/Users/soneyeoluwasina/Downloads/Skin/Train/nevus/ISIC_0000486.jpg,3a4ee1274228a04e67545505defd9351,1177,5,1,308212,0.29
/Users/soneyeoluwasina/Downloads/Skin/Train/nevus/ISIC_0000451.jpg,bf0fc741064a87067c8d2423cf0651ef,1178,6,1,908650,0.87
/Users/soneyeoluwasina/Downloads/Skin/Train/nevus/ISIC_0027950.jpg,d77ce0d37ffd974ebb136d101880ce60,1179,7,1,166916,0.16
/Users/soneyeoluwasina/Downloads/Skin/Train/nevus/ISIC_0000337.jpg,ca110fb3e36a6f2607cfe57d75b826ea,1180,8,1,317074,0.3
/Users/soneyeoluwasina/Downloads/Skin/Train/nevus/ISIC_0000323.jpg,8520d924176fae6fa6672ae3366c1dac,1181,9,1,308886,0.29
/Users/soneyeoluwasina/Downloads/Skin/Train/nevus/ISIC_0000479.jpg,596229ad2caf865a714604e400c12880,1182,10,1,387675,0.37
/Users/soneyeoluwasina/Downloads/Skin/Train/nevus/ISIC_0000525.jpg,6ddb0539362e4d794bb6d3ed55fb4da9,1183,11,1,338218,0.32
/Users/soneyeoluwasina/Downloads/Skin/Train/nevus/ISIC_0000243.jpg,50369123be116ec50e7a5d9a864842be,1184,12,1,92865,0.09
/Users/soneyeoluwasina/Downloads/Skin/Train/nevus/ISIC_0000082.jpg,5ce79d91bd7186e243860c9a2a66b396,1185,13,1,1154167,1.1
/Users/soneyeoluwasina/Downloads/Skin/Train/nevus/ISIC_0024646.jpg,d34718165172d1b3236666fe96393525,71,10,1,232181,0.22
/Users/soneyeoluwasina/Downloads/Skin/Train/nevus/ISIC_0000096.jpg,3f95d01e381d7578df031b1e67edfca4,1186,14,1,1102700,1.05
/Users/soneyeoluwasina/Downloads/Skin/Train/nevus/ISIC_0000041.jpg,b284819ae645b9f130381609f94245be,1187,15,1,71601,0.07
/Users/soneyeoluwasina/Downloads/Skin/Train/nevus/ISIC_0000055.jpg,2639462ea26ab763107ed58371a0be8f,1188,16,1,79034,0.08
/Users/soneyeoluwasina/Downloads/Skin/Train/nevus/ISIC_0000057.jpg,135a79f2002f3e1cf7f61d37ad12d045,1189,17,1,81111,0.08
/Users/soneyeoluwasina/Downloads/Skin/Train/nevus/ISIC_0026709.jpg,a6e5bc3f62cb97a59f9c0716611bda20,1190,18,1,301437,0.29
/Users/soneyeoluwasina/Downloads/Skin/Train/nevus/ISIC_0000080.jpg,2023b46ca94d8a185416833ccca9d218,1191,19,1,780713,0.74
/Users/soneyeoluwasina/Downloads/Skin/Train/nevus/ISIC_0000094.jpg,5ac97ef5d0de78272f1a85ea86647d3b,1192,0,1,1166698,1.11
/Users/soneyeoluwasina/Downloads/Skin/Train/nevus/ISIC_0000241.jpg,3cb1d309ff21a9659470a1e6ae0a0ee5,1193,1,1,91492,0.09
/Users/soneyeoluwasina/Downloads/Skin/Train/nevus/ISIC_0000527.jpg,e5fcdc7f5ab43bea21d22071081a3118,1194,2,1,392603,0.37
/Users/soneyeoluwasina/Downloads/Skin/Train/nevus/ISIC_0025957.jpg,5477723c5163e6a8c4d9e02342656e34,1195,3,1,260619,0.25
/Users/soneyeoluwasina/Downloads/Skin/Train/nevus/ISIC_0027615.jpg,37a6cdcf1f5067c1d0cf7fc810015c9f,1196,4,1,263206,0.25
/Users/soneyeoluwasina/Downloads/Skin/Train/nevus/ISIC_0000335.jpg,5e5da16f715b334ecfa9d11786eb68f3,1197,5,1,320807,0.31
/Users/soneyeoluwasina/Downloads/Skin/Train/nevus/ISIC_0000453.jpg,bfd7087327dcb7b0207d3df31cfad095,1198,6,1,758796,0.72
/Users/soneyeoluwasina/Downloads/Skin/Train/nevus/ISIC_0000447.jpg,e3ce4c5ff2cf9220b6adffc8f1340901,1199,7,1,414717,0.4
/Users/soneyeoluwasina/Downloads/Skin/Train/nevus/ISIC_0000321.jpg,7d77406a7c8e4970fbf12f9aa38e9bd3,1200,8,1,318979,0.3
/Users/soneyeoluwasina/Downloads/Skin/Train/nevus/ISIC_0026457.jpg,eb80c506e5eb36871454a3f05a141c33,1201,10,1,271535,0.26
/Users/soneyeoluwasina/Downloads/Skin/Train/nevus/ISIC_0000490.jpg,4a8fb6dfbc4628c83fba9105f9eef7b9,1202,9,1,359342,0.34
/Users/soneyeoluwasina/Downloads/Skin/Train/nevus/ISIC_0027562.jpg,a2c9e899ab41efe11cdab35aae083ed4,1203,11,1,248041,0.24
/Users/soneyeoluwasina/Downloads/Skin/Train/nevus/ISIC_0000485.jpg,eb99623959abe259b73ce8f9121dd3d1,1204,12,1,351519,0.34
/Users/soneyeoluwasina/Downloads/Skin/Train/nevus/ISIC_0000491.jpg,c5bd33eec9a65d8e83db5e522b49133a,1205,13,1,361397,0.34
/Users/soneyeoluwasina/Downloads/Skin/Train/nevus/ISIC_0025605.jpg,ec23d1a47448634e4e21762b79bddfe0,72,11,1,249258,0.24
/Users/soneyeoluwasina/Downloads/Skin/Train/nevus/ISIC_0000320.jpg,eec46d849301db670d993e16536fa2ee,1206,14,1,308821,0.29
/Users/soneyeoluwasina/Downloads/Skin/Train/nevus/ISIC_0000334.jpg,5ce7cef48c398756369cfe6f9dc2a67e,1207,13,1,333924,0.32
/Users/soneyeoluwasina/Downloads/Skin/Train/nevus/ISIC_0000452.jpg,4aed2b6a33c928ee5db84de845543acf,1208,15,1,790785,0.75
/Users/soneyeoluwasina/Downloads/Skin/Train/nevus/ISIC_0027172.jpg,757cdd12ddf122fe17282632df0a60c4,1209,16,1,254845,0.24
/Users/soneyeoluwasina/Downloads/Skin/Train/nevus/ISIC_0000532.jpg,3ce4a197a40ad4fa123d1696334ce29b,1210,17,1,370264,0.35
/Users/soneyeoluwasina/Downloads/Skin/Train/nevus/ISIC_0000240.jpg,e599b970a7139986ce2be88f9bb1656d,1211,18,1,124630,0.12
/Users/soneyeoluwasina/Downloads/Skin/Train/nevus/ISIC_0000268.jpg,04a18f0600968ae7ebd4babf776e9416,1212,19,1,146083,0.14
/Users/soneyeoluwasina/Downloads/Skin/Train/nevus/ISIC_0000095.jpg,f24037a5db1900557045a532c12e79e6,1213,0,1,1144624,1.09
/Users/soneyeoluwasina/Downloads/Skin/Train/nevus/ISIC_0000081.jpg,bdcf09502cf6e438c6fe88c46aeb8ce0,1214,1,1,1311605,1.25
/Users/soneyeoluwasina/Downloads/Skin/Train/nevus/ISIC_0000042.jpg,55a84646752af5ecbaed388796711136,1215,2,1,102257,0.1
/Users/soneyeoluwasina/Downloads/Skin/Train/nevus/ISIC_0000067.jpg,d9e6ca4f4c29f362b0543603e9021274,1216,3,1,41911,0.04
/Users/soneyeoluwasina/Downloads/Skin/Train/nevus/ISIC_0010512.jpg,b500d2d87e69796d5334825569879120,73,12,1,148623,0.14
/Users/soneyeoluwasina/Downloads/Skin/Train/nevus/ISIC_0000073.jpg,bdb19fc30db352eded87c063dd754b9c,1217,4,1,40133,0.04
/Users/soneyeoluwasina/Downloads/Skin/Train/nevus/ISIC_0000503.jpg,3a5edfede8af3071af73ecbd9c8f4c5d,1218,5,1,374631,0.36
/Users/soneyeoluwasina/Downloads/Skin/Train/nevus/ISIC_0027802.jpg,d25ce924279dba206ad3d07b789b8977,1219,6,1,229911,0.22
/Users/soneyeoluwasina/Downloads/Skin/Train/nevus/ISIC_0000265.jpg,06d499927061a277cf308f4f52564bff,1220,7,1,124224,0.12
/Users/soneyeoluwasina/Downloads/Skin/Train/nevus/ISIC_0000271.jpg,5dc9d4581988f74d4c89fb496a6ed28a,1221,8,1,146298,0.14
/Users/soneyeoluwasina/Downloads/Skin/Train/nevus/ISIC_0000259.jpg,1fdc1edfe6df6413a5c7f72efffbab71,1222,9,1,166976,0.16
/Users/soneyeoluwasina/Downloads/Skin/Train/nevus/ISIC_0000477.jpg,253b0e3e74f1a51a1f4e5226760c3913,1223,14,1,266998,0.25
/Users/soneyeoluwasina/Downloads/Skin/Train/nevus/ISIC_0000339.jpg,df3cb8569dc62c29d72eb46635f88a53,1224,15,1,350325,0.33
/Users/soneyeoluwasina/Downloads/Skin/Train/nevus/ISIC_0000488.jpg,8563669c16b0f3b0a087ffe4004fd4c1,1225,16,1,449468,0.43
/Users/soneyeoluwasina/Downloads/Skin/Train/nevus/ISIC_0026857.jpg,cf3b612f90845fa7893941cfd5b499ab,1226,17,1,277681,0.26
/Users/soneyeoluwasina/Downloads/Skin/Train/nevus/ISIC_0000489.jpg,5988c5aeb35972e6775573c0d6d739a0,1227,18,1,339852,0.32
/Users/soneyeoluwasina/Downloads/Skin/Train/nevus/ISIC_0000338.jpg,6ea5dd45d674be0b42f7d4f8fe6a182c,1228,19,1,308224,0.29
/Users/soneyeoluwasina/Downloads/Skin/Train/nevus/ISIC_0000476.jpg,e9114136d57a1e145960efc4c50a6d97,1229,0,1,335484,0.32
/Users/soneyeoluwasina/Downloads/Skin/Train/nevus/ISIC_0028517.jpg,e67c0593ea5ebc6aa972b094f4bb5a9b,1230,1,1,291607,0.28
/Users/soneyeoluwasina/Downloads/Skin/Train/nevus/ISIC_0000258.jpg,14000eb39d28a4576a8c51d569cfa89b,1231,2,1,197533,0.19
/Users/soneyeoluwasina/Downloads/Skin/Train/nevus/ISIC_0000270.jpg,8569f4aca03f9678641f9c0133954d12,1232,3,1,137671,0.13
/Users/soneyeoluwasina/Downloads/Skin/Train/nevus/ISIC_0000264.jpg,6bc5d60b53b963316e32f35567055482,1233,4,1,219127,0.21
/Users/soneyeoluwasina/Downloads/Skin/Train/nevus/ISIC_0000099.jpg,6cd907eb2a91c6b6639a494180efeeb6,1234,5,1,1478722,1.41
/Users/soneyeoluwasina/Downloads/Skin/Train/nevus/ISIC_0000066.jpg,898dced97ea511ec6bb3a5b1a73ad54c,1235,6,1,39750,0.04
/Users/soneyeoluwasina/Downloads/Skin/Train/nevus/ISIC_0000064.jpg,42072795b494704383097a277770aaeb,1236,7,1,94917,0.09
/Users/soneyeoluwasina/Downloads/Skin/Train/nevus/ISIC_0000058.jpg,20ab5350494422b8b913d218d3912818,1237,8,1,86876,0.08
/Users/soneyeoluwasina/Downloads/Skin/Train/nevus/ISIC_0000514.jpg,7530bd52ce0e1c8c855ab5429d0c3316,1238,9,1,370037,0.35
/Users/soneyeoluwasina/Downloads/Skin/Train/nevus/ISIC_0000272.jpg,3c8fb587426340aa7974f99b50aecabe,1239,10,1,168639,0.16
/Users/soneyeoluwasina/Downloads/Skin/Train/nevus/ISIC_0000266.jpg,e7bfa2b4c5dcfef17a1e4025db4e551b,1240,11,1,195514,0.19
/Users/soneyeoluwasina/Downloads/Skin/Train/nevus/ISIC_0000500.jpg,d10c5483653fcce140e61c8920f1c1a9,1241,12,1,391782,0.37
/Users/soneyeoluwasina/Downloads/Skin/Train/nevus/ISIC_0025780.jpg,ba2381d69596ee6568e929fde28f8db0,1242,13,1,260942,0.25
/Users/soneyeoluwasina/Downloads/Skin/Train/nevus/ISIC_0000528.jpg,d7d0957eda7aa8aff50ab2f4fed2396e,1243,14,1,422109,0.4
/Users/soneyeoluwasina/Downloads/Skin/Train/nevus/ISIC_0027829.jpg,4f3a2edf3c26f589c0a2d976060bbc58,1244,15,1,222294,0.21
/Users/soneyeoluwasina/Downloads/Skin/Train/nevus/ISIC_0000460.jpg,1d438e306003b1cca8d04adec07f67eb,1245,16,1,404514,0.39
/Users/soneyeoluwasina/Downloads/Skin/Train/nevus/ISIC_0000474.jpg,fec1feabfec036d9118ecca3946ab345,1246,17,1,349450,0.33
/Users/soneyeoluwasina/Downloads/Skin/Train/nevus/ISIC_0000448.jpg,c4ea65396e90f5fb6cffb969708a0efe,1247,18,1,983533,0.94
/Users/soneyeoluwasina/Downloads/Skin/Train/nevus/ISIC_0029025.jpg,39a60e04dbbd4aee97aa585955f7ec72,1248,19,1,265155,0.25
/Users/soneyeoluwasina/Downloads/Skin/Train/nevus/ISIC_0000449.jpg,2b51ee5c23b09499932b627056d5f088,1249,0,1,941901,0.9
/Users/soneyeoluwasina/Downloads/Skin/Train/nevus/ISIC_0000475.jpg,bda486614b4b7703a42fe641e19a53c5,1250,1,1,369643,0.35
/Users/soneyeoluwasina/Downloads/Skin/Train/nevus/ISIC_0000461.jpg,367cb281ef16e455a1fa3993b75a670d,1251,2,1,348585,0.33
/Users/soneyeoluwasina/Downloads/Skin/Train/nevus/ISIC_0000529.jpg,fece4391ebe142d7de2665318f96ee54,1252,3,1,388875,0.37
/Users/soneyeoluwasina/Downloads/Skin/Train/nevus/ISIC_0000267.jpg,1b0328e4fd56609a8af307273a8281f2,1253,4,1,138049,0.13
/Users/soneyeoluwasina/Downloads/Skin/Train/nevus/ISIC_0000501.jpg,ca306c91854272b89848dfe5a7dbbd4e,1254,5,1,243587,0.23
/Users/soneyeoluwasina/Downloads/Skin/Train/nevus/ISIC_0000515.jpg,8bace6c5368c624fe1b0bd166db955b8,1255,6,1,344830,0.33
/Users/soneyeoluwasina/Downloads/Skin/Train/nevus/ISIC_0000273.jpg,6c7dcfcabd958f8328a7620cd3290d60,1256,7,1,82068,0.08
/Users/soneyeoluwasina/Downloads/Skin/Train/nevus/ISIC_0000059.jpg,30abce0147698c03fa504164daecb78a,1257,8,1,81785,0.08
/Users/soneyeoluwasina/Downloads/Skin/Train/nevus/ISIC_0000065.jpg,39118a2afde90303801bcf720b1a180f,1258,9,1,81972,0.08
/Users/soneyeoluwasina/Downloads/Skin/Train/nevus/ISIC_0000061.jpg,bbcf08bd626ff27b15c8ccc6cc3c5232,1259,10,1,85991,0.08
/Users/soneyeoluwasina/Downloads/Skin/Train/nevus/ISIC_0000539.jpg,beef129db18ca4af256a2a1d6de377b9,1260,11,1,36052,0.03
/Users/soneyeoluwasina/Downloads/Skin/Train/nevus/ISIC_0000505.jpg,6dfa7a7ecfe73ce47c6580b9158422a3,1261,12,1,458876,0.44
/Users/soneyeoluwasina/Downloads/Skin/Train/nevus/ISIC_0000263.jpg,474f5f479e64d93aeb00499ea5259f50,1262,13,1,172630,0.16
/Users/soneyeoluwasina/Downloads/Skin/Train/nevus/ISIC_0024470.jpg,22b54b307eed934d20cd72157e5bbd14,74,13,1,274221,0.26
/Users/soneyeoluwasina/Downloads/Skin/Train/nevus/ISIC_0027958.jpg,6a4a1fb4ee412d2612832a4969b79e20,1263,14,1,304406,0.29
/Users/soneyeoluwasina/Downloads/Skin/Train/nevus/ISIC_0000465.jpg,cca3b2978fa2f0e0911473e7c8b83231,1264,15,1,381845,0.36
/Users/soneyeoluwasina/Downloads/Skin/Train/nevus/ISIC_0000471.jpg,0b952fb8214f5d935bc7fc0bdcdce3e5,1265,16,1,337846,0.32
/Users/soneyeoluwasina/Downloads/Skin/Train/nevus/ISIC_0000317.jpg,9786fe01c2da2f80f39b7194e36f27ed,1266,17,1,315164,0.3
/Users/soneyeoluwasina/Downloads/Skin/Train/nevus/ISIC_0024707.jpg,60e0f85947d6be10aeb562d523d47963,75,14,1,284809,0.27
/Users/soneyeoluwasina/Downloads/Skin/Train/nevus/ISIC_0028854.jpg,30137718fd63cf9f5746a758681c41cf,1267,18,1,277851,0.26
/Users/soneyeoluwasina/Downloads/Skin/Train/nevus/ISIC_0024511.jpg,1623151f267974cce3e3c94c0e13be39,76,15,1,221256,0.21
/Users/soneyeoluwasina/Downloads/Skin/Train/nevus/ISIC_0000470.jpg,fc9dc360a6e1dbdf6a954ce46d627e4d,1268,19,1,307023,0.29
/Users/soneyeoluwasina/Downloads/Skin/Train/nevus/ISIC_0000316.jpg,0ea9c1da5f8ade2cec0b6e439adfab51,1269,0,1,311646,0.3
/Users/soneyeoluwasina/Downloads/Skin/Train/nevus/ISIC_0000464.jpg,6b1a59bf21ebdd89f5df3ded9cd562aa,1270,1,1,356487,0.34
/Users/soneyeoluwasina/Downloads/Skin/Train/nevus/ISIC_0000458.jpg,fecc178df3da4cd45ae37067be2fce44,1271,2,1,451535,0.43
/Users/soneyeoluwasina/Downloads/Skin/Train/nevus/ISIC_0029141.jpg,5a4f819c4083faf013091d3576a6ebeb,1272,3,1,236726,0.23
/Users/soneyeoluwasina/Downloads/Skin/Train/nevus/ISIC_0000504.jpg,f7b5355b08ca2381dc72b878b1954444,1273,4,1,3846378,3.67
/Users/soneyeoluwasina/Downloads/Skin/Train/nevus/ISIC_0000262.jpg,6416452e33ed08519f95214f914bebe4,1274,5,1,84694,0.08
/Users/soneyeoluwasina/Downloads/Skin/Train/nevus/ISIC_0000510.jpg,ec9ff142e0d55e5d9c4a7c7f219ddb4b,1275,6,1,464798,0.44
/Users/soneyeoluwasina/Downloads/Skin/Train/nevus/ISIC_0000538.jpg,82f9b85adb5c6a33a7989f088fb3116e,1276,7,1,34798,0.03
/Users/soneyeoluwasina/Downloads/Skin/Train/nevus/ISIC_0026702.jpg,e851ddf91a303cd70b16eedc1d540a44,1277,6,1,279799,0.27
/Users/soneyeoluwasina/Downloads/Skin/Train/nevus/ISIC_0000060.jpg,096f8396246ca7e5ae76b03a6b93e685,1278,8,1,98257,0.09
/Users/soneyeoluwasina/Downloads/Skin/Train/nevus/ISIC_0000062.jpg,fa4bc74d16510ef2f49248cf9e146533,1279,9,1,96638,0.09
/Users/soneyeoluwasina/Downloads/Skin/Train/nevus/ISIC_0000089.jpg,164b3fe68bccb7a592d13b3df76bd940,1280,10,1,1068475,1.02
/Users/soneyeoluwasina/Downloads/Skin/Train/nevus/ISIC_0028063.jpg,10d023f1d9584349ad664dd00b79ce4d,1281,11,1,265530,0.25
/Users/soneyeoluwasina/Downloads/Skin/Train/nevus/ISIC_0000248.jpg,0458cc8897a7e5e9def0bc0ea0c90b75,1282,12,1,208696,0.2
/Users/soneyeoluwasina/Downloads/Skin/Train/nevus/ISIC_0000260.jpg,c6c644c7283c805f856b7e1644f89bec,1283,16,1,168676,0.16
/Users/soneyeoluwasina/Downloads/Skin/Train/nevus/ISIC_0000506.jpg,56d18429bef17da2da1cc4ef5ffdf6e6,1284,17,1,429027,0.41
/Users/soneyeoluwasina/Downloads/Skin/Train/nevus/ISIC_0000512.jpg,253b0e3e74f1a51a1f4e5226760c3913,1223,14,2,266998,0.25
/Users/soneyeoluwasina/Downloads/Skin/Train/nevus/ISIC_0000328.jpg,6ef7cf930b45ac7f2db0abad0e38b84f,1285,18,1,327426,0.31
/Users/soneyeoluwasina/Downloads/Skin/Train/nevus/ISIC_0000472.jpg,8ac73221ef90894c5022b6e343a56a9d,1286,19,1,470802,0.45
/Users/soneyeoluwasina/Downloads/Skin/Train/nevus/ISIC_0000499.jpg,ce2ac1e258db46dff8b9519fce2a103b,1287,0,1,507678,0.48
/Users/soneyeoluwasina/Downloads/Skin/Train/nevus/ISIC_0025427.jpg,ab55a2f1393cb6eeba558d7b3fc26436,77,16,1,288982,0.28
/Users/soneyeoluwasina/Downloads/Skin/Train/nevus/ISIC_0025368.jpg,1135b0cd8337cdd5bc69544a54513f53,78,17,1,235603,0.22
/Users/soneyeoluwasina/Downloads/Skin/Train/nevus/ISIC_0027580.jpg,9070fcc4b8b1b861c84ad008b03a2539,1288,1,1,237879,0.23
/Users/soneyeoluwasina/Downloads/Skin/Train/nevus/ISIC_0028314.jpg,4133728e571d97738a9fce9b8ffa2629,1289,2,1,277914,0.27
/Users/soneyeoluwasina/Downloads/Skin/Train/nevus/ISIC_0000498.jpg,f6415febf46ba604a41e48b91b6a18f4,1290,5,1,358976,0.34
/Users/soneyeoluwasina/Downloads/Skin/Train/nevus/ISIC_0000467.jpg,9b0b31c409175d14ea9a6f5fbc3fe882,1291,3,1,376276,0.36
/Users/soneyeoluwasina/Downloads/Skin/Train/nevus/ISIC_0000315.jpg,ddf57a1a0f47fbd29930c0e288cd529a,1292,4,1,325014,0.31
/Users/soneyeoluwasina/Downloads/Skin/Train/nevus/ISIC_0000473.jpg,0bbaf182fc3936796eab87dfe29ed807,1293,7,1,2521879,2.41
/Users/soneyeoluwasina/Downloads/Skin/Train/nevus/ISIC_0025803.jpg,8ed19d8653ada4bb450a66916ca67885,1294,8,1,312743,0.3
/Users/soneyeoluwasina/Downloads/Skin/Train/nevus/ISIC_0000329.jpg,6e06fb9d3c2835080ca82160f3f78047,1295,9,1,323766,0.31
/Users/soneyeoluwasina/Downloads/Skin/Train/nevus/ISIC_0000261.jpg,301a30b2531ddc5234dee7d2825b60c7,1296,10,1,148141,0.14
/Users/soneyeoluwasina/Downloads/Skin/Train/nevus/ISIC_0000507.jpg,f787694d7c585d727a2f74652f1df1b8,1297,11,1,360994,0.34
/Users/soneyeoluwasina/Downloads/Skin/Train/nevus/ISIC_0000088.jpg,6bb913f6db98595b8f39dc6fda7161e8,1298,12,1,1383018,1.32
/Users/soneyeoluwasina/Downloads/Skin/Train/nevus/ISIC_0026729.jpg,d22e17826f8e63143b894c10cdc5cafd,1299,13,1,246442,0.24
/Users/soneyeoluwasina/Downloads/Skin/Train/nevus/ISIC_0028076.jpg,0ca2ca99e96f4e859c76de2593a7f4cf,1300,15,1,256847,0.24
/Users/soneyeoluwasina/Downloads/Skin/Train/nevus/ISIC_0000063.jpg,ec459d7329320005b50216d6cb919680,1301,18,1,98954,0.09
/Users/soneyeoluwasina/Downloads/Skin/Train/nevus/ISIC_0000038.jpg,1ab52d16d0b8ccfc21ade1cde667bafc,1302,19,1,94039,0.09
/Users/soneyeoluwasina/Downloads/Skin/Train/nevus/ISIC_0000372.jpg,3604175cb6c5f5a28e7e632364f8898e,1303,0,1,335109,0.32
/Users/soneyeoluwasina/Downloads/Skin/Train/nevus/ISIC_0000366.jpg,49360d16bad68fd58ba551b44c5419d8,1304,1,1,326023,0.31
/Users/soneyeoluwasina/Downloads/Skin/Train/nevus/ISIC_0024763.jpg,17baf5d8499df6734537891fb0a83d35,79,18,1,238553,0.23
/Users/soneyeoluwasina/Downloads/Skin/Train/nevus/ISIC_0026149.jpg,a89c6226beba02368141c4c98b1777ae,1305,2,1,231529,0.22
/Users/soneyeoluwasina/Downloads/Skin/Train/nevus/ISIC_0000367.jpg,6b1a7600e63c55499d2560ceb507efc3,1306,1,1,324807,0.31
/Users/soneyeoluwasina/Downloads/Skin/Train/nevus/ISIC_0000373.jpg,27b07a3859adc93f2096a61170312386,1307,3,1,342068,0.33
/Users/soneyeoluwasina/Downloads/Skin/Train/nevus/ISIC_0000039.jpg,465f27b23c3f432503ad4f647d47af02,1308,4,1,85898,0.08
/Users/soneyeoluwasina/Downloads/Skin/Train/nevus/ISIC_0026765.jpg,b7481e5655d9ca8a5d4c0b4b0304c4fd,1309,5,1,265203,0.25
/Users/soneyeoluwasina/Downloads/Skin/Train/nevus/ISIC_0028990.jpg,8f56942e016f1b9ee8de34c2af89340c,1310,6,1,272750,0.26
/Users/soneyeoluwasina/Downloads/Skin/Train/nevus/ISIC_0027447.jpg,8af7322448773fdde01a486f2eaf6104,1311,7,1,282606,0.27
/Users/soneyeoluwasina/Downloads/Skin/Train/nevus/ISIC_0000239.jpg,e100c5fcbefd38696b6c0cfb5d941a65,1312,8,1,137678,0.13
/Users/soneyeoluwasina/Downloads/Skin/Train/nevus/ISIC_0000365.jpg,90f0cadad0f476c6dbfbcae66575eb18,1313,9,1,323938,0.31
/Users/soneyeoluwasina/Downloads/Skin/Train/nevus/ISIC_0000403.jpg,bfb224c318cb4afce6f124732f8e1f1c,1314,10,1,464881,0.44
/Users/soneyeoluwasina/Downloads/Skin/Train/nevus/ISIC_0000371.jpg,a407f47d0af2020b32edaed68c6f3b15,1315,11,1,342779,0.33
/Users/soneyeoluwasina/Downloads/Skin/Train/nevus/ISIC_0000359.jpg,1c6426eb35a8ee0675acc29255bcf1ab,1316,12,1,331156,0.32
/Users/soneyeoluwasina/Downloads/Skin/Train/nevus/ISIC_0028370.jpg,648f94d4d732f2bf2be6a788dc140fd6,1317,13,1,276804,0.26
/Users/soneyeoluwasina/Downloads/Skin/Train/nevus/ISIC_0027254.jpg,6be5b72353f573c93ec48c09bfacc483,1318,14,1,313807,0.3
/Users/soneyeoluwasina/Downloads/Skin/Train/nevus/ISIC_0000358.jpg,2d7ffcac9a8bee9b8d86ea2437082083,1319,15,1,321203,0.31
/Users/soneyeoluwasina/Downloads/Skin/Train/nevus/ISIC_0000416.jpg,8426343593f6c959b66eb8467a7ca9cf,1320,16,1,634338,0.6
/Users/soneyeoluwasina/Downloads/Skin/Train/nevus/ISIC_0000370.jpg,933fd1ac3952f4d70daabdeaee6c2e0d,1321,17,1,324073,0.31
/Users/soneyeoluwasina/Downloads/Skin/Train/nevus/ISIC_0000364.jpg,9744529133aed181c6207efd82ade75a,1322,19,1,341685,0.33
/Users/soneyeoluwasina/Downloads/Skin/Train/nevus/ISIC_0027650.jpg,536d74596e3129107cecc776f9310038,1323,0,1,245792,0.23
/Users/soneyeoluwasina/Downloads/Skin/Train/nevus/ISIC_0029133.jpg,ebfcaf0bafa5e589bf27885743ca398b,1324,2,1,299092,0.29
/Users/soneyeoluwasina/Downloads/Skin/Train/nevus/ISIC_0000238.jpg,f02979a1c7b727136c61dded03fc4704,1325,3,1,77411,0.07
/Users/soneyeoluwasina/Downloads/Skin/Train/nevus/ISIC_0027334.jpg,a0fb29e4a426f23123380580257de60b,1326,4,1,204831,0.2
/Users/soneyeoluwasina/Downloads/Skin/Train/nevus/ISIC_0027452.jpg,e9aaa1cb88d4e03db656cf5fab7ca25d,1327,5,1,291471,0.28
/Users/soneyeoluwasina/Downloads/Skin/Train/nevus/ISIC_0029309.jpg,648d43d51ed10ca78d81a05a0b97180f,1328,6,1,151314,0.14
/Users/soneyeoluwasina/Downloads/Skin/Train/nevus/ISIC_0026984.jpg,91511f5adad41ee044773f5448a0495f,1329,7,1,258050,0.25
/Users/soneyeoluwasina/Downloads/Skin/Train/nevus/ISIC_0000228.jpg,9753d02f56ee191acb3e3516c4993387,1330,8,1,52188,0.05
/Users/soneyeoluwasina/Downloads/Skin/Train/nevus/ISIC_0027668.jpg,4bb94021360da47962bf04e7f70e4837,1331,9,1,321848,0.31
/Users/soneyeoluwasina/Downloads/Skin/Train/nevus/ISIC_0000348.jpg,aa506246807537f96e40e275cc173f0e,1332,10,1,309277,0.29
/Users/soneyeoluwasina/Downloads/Skin/Train/nevus/ISIC_0000360.jpg,d64450b54c43758da80aa6c64a987d36,1333,11,1,356030,0.34
/Users/soneyeoluwasina/Downloads/Skin/Train/nevus/ISIC_0000374.jpg,221b0d4d899fb2aa79f8519a6a9f392a,1334,12,1,302240,0.29
/Users/soneyeoluwasina/Downloads/Skin/Train/nevus/ISIC_0027536.jpg,fb058adb30a9a7ef4f034bfe050f99fa,1335,13,1,281851,0.27
/Users/soneyeoluwasina/Downloads/Skin/Train/nevus/ISIC_0024771.jpg,93a8cc4fc73599414c0a85eec5bbb214,80,19,1,265349,0.25
/Users/soneyeoluwasina/Downloads/Skin/Train/nevus/ISIC_0000375.jpg,5fb90e596f94056adbb5b4aa03eab708,1336,14,1,558535,0.53
/Users/soneyeoluwasina/Downloads/Skin/Train/nevus/ISIC_0000407.jpg,571a3c54a1522c966d2d96d0186b0fc7,1337,15,1,492711,0.47
/Users/soneyeoluwasina/Downloads/Skin/Train/nevus/ISIC_0000361.jpg,7b1efa343fcd7e87120b6cf116a8d6bd,1338,16,1,163813,0.16
/Users/soneyeoluwasina/Downloads/Skin/Train/nevus/ISIC_0000349.jpg,5681e7ceba58a7936a783d675982ecda,1339,17,1,322515,0.31
/Users/soneyeoluwasina/Downloads/Skin/Train/nevus/ISIC_0000229.jpg,9bbaeebcfd304e3ece009d3f114f3c55,1340,18,1,68531,0.07
/Users/soneyeoluwasina/Downloads/Skin/Train/nevus/ISIC_0028941.jpg,1fdc4e420e813d6027b6195a61a0ece6,1341,9,1,344641,0.33
/Users/soneyeoluwasina/Downloads/Skin/Train/nevus/ISIC_0028558.jpg,6fcaaec91260717f04a7c8a8db2fd25a,1342,0,1,202086,0.19
/Users/soneyeoluwasina/Downloads/Skin/Train/nevus/ISIC_0026575.jpg,9d98ba0666104be648d7cf423256076a,1343,1,1,274739,0.26
/Users/soneyeoluwasina/Downloads/Skin/Train/nevus/ISIC_0000439.jpg,f2eb7c7540c3f4b35ae7ab2dcf0146dd,1344,2,1,865847,0.83
/Users/soneyeoluwasina/Downloads/Skin/Train/nevus/ISIC_0000377.jpg,04e1b3559f9ecddd9773fcf14eacd5b1,1345,3,1,527413,0.5
/Users/soneyeoluwasina/Downloads/Skin/Train/nevus/ISIC_0000363.jpg,655055992720e955d391d995de433ddb,1346,4,1,332251,0.32
/Users/soneyeoluwasina/Downloads/Skin/Train/nevus/ISIC_0000388.jpg,e44f615036f8f60fff2cbc1979859981,1347,5,1,503610,0.48
/Users/soneyeoluwasina/Downloads/Skin/Train/nevus/ISIC_0026171.jpg,9feac2440ece090955547eab3fdfe597,1348,6,1,321683,0.31
/Users/soneyeoluwasina/Downloads/Skin/Train/nevus/ISIC_0028820.jpg,2c6f50cb2c33c3f1d45e2b0029755c6a,1349,7,1,264410,0.25
/Users/soneyeoluwasina/Downloads/Skin/Train/nevus/ISIC_0029041.jpg,83d854dabfffc837b252ccd9ffcd79a9,1350,8,1,284761,0.27
/Users/soneyeoluwasina/Downloads/Skin/Train/nevus/ISIC_0000389.jpg,934339da1096c50d490abb0e1c93d3f8,1351,10,1,649184,0.62
/Users/soneyeoluwasina/Downloads/Skin/Train/nevus/ISIC_0000362.jpg,f94c15608362b1bd346accf45a502798,1352,11,1,327607,0.31
/Users/soneyeoluwasina/Downloads/Skin/Train/nevus/ISIC_0000376.jpg,b142a31e52ff89fec8e76e310c7a198e,1353,12,1,713823,0.68
/Users/soneyeoluwasina/Downloads/Skin/Train/nevus/ISIC_0026212.jpg,62ff45d19e6b588077627209c0a53966,1354,13,1,298308,0.28
/Users/soneyeoluwasina/Downloads/Skin/Train/nevus/ISIC_0000028.jpg,7caab25189bad7e041ce0ee23afac03e,1355,14,1,98109,0.09
/Users/soneyeoluwasina/Downloads/Skin/Train/basal cell carcinoma/ISIC_0025299.jpg,9f50c6f9eb6b3ca6993fe8ecdeced812,1356,15,1,177627,0.17
/Users/soneyeoluwasina/Downloads/Skin/Train/basal cell carcinoma/ISIC_0025266.jpg,7baa92406daa0a815628d303d43b1c20,1357,16,1,283717,0.27
/Users/soneyeoluwasina/Downloads/Skin/Train/basal cell carcinoma/ISIC_0028583.jpg,7755efe78ade9f87b04585da970a4088,1358,17,1,314791,0.3
/Users/soneyeoluwasina/Downloads/Skin/Train/basal cell carcinoma/ISIC_0028568.jpg,b6def930657b46bdb17a1d7812396319,1359,18,1,236076,0.23
/Users/soneyeoluwasina/Downloads/Skin/Train/basal cell carcinoma/ISIC_0029919.jpg,d2da0246ff93633d527fb2a87e26a22a,1360,19,1,276944,0.26
/Users/soneyeoluwasina/Downloads/Skin/Train/basal cell carcinoma/ISIC_0027920.jpg,2e186115729a78a974a8799e39935abf,1361,0,1,292781,0.28
/Users/soneyeoluwasina/Downloads/Skin/Train/basal cell carcinoma/ISIC_0026343.jpg,bdabb137aa391da830de3c6d17cbbb22,1362,1,1,459190,0.44
/Users/soneyeoluwasina/Downloads/Skin/Train/basal cell carcinoma/ISIC_0031171.jpg,a19e930d2bda58be18bb01bdbd679823,1363,2,1,234274,0.22
/Users/soneyeoluwasina/Downloads/Skin/Train/basal cell carcinoma/ISIC_0024795.jpg,800dbe4ace002bc93e1826692e14d3fb,1364,3,1,293890,0.28
/Users/soneyeoluwasina/Downloads/Skin/Train/basal cell carcinoma/ISIC_0030737.jpg,6c54c520303f3da849d8f6ac95bb7029,1365,4,1,269794,0.26
/Users/soneyeoluwasina/Downloads/Skin/Train/basal cell carcinoma/ISIC_0031400.jpg,c60121cd534ccc9dfd598f67aa625291,1366,5,1,225431,0.21
/Users/soneyeoluwasina/Downloads/Skin/Train/basal cell carcinoma/ISIC_0029515.jpg,6c01b7d601be7e444e14fd2646edfdf6,1367,6,1,322990,0.31
/Users/soneyeoluwasina/Downloads/Skin/Train/basal cell carcinoma/ISIC_0026154.jpg,78c2604c34153bdae90535024748f6c1,1368,7,1,275683,0.26
/Users/soneyeoluwasina/Downloads/Skin/Train/basal cell carcinoma/ISIC_0024743.jpg,654e0070233748c4b0616f9100ffaece,1369,8,1,196397,0.19
/Users/soneyeoluwasina/Downloads/Skin/Train/basal cell carcinoma/ISIC_0029501.jpg,fb7b652e9502799db26f7234219931b3,1370,9,1,241755,0.23
/Users/soneyeoluwasina/Downloads/Skin/Train/basal cell carcinoma/ISIC_0026829.jpg,79fa9f2a24aafad324a6474a4267321d,1371,10,1,117976,0.11
/Users/soneyeoluwasina/Downloads/Skin/Train/basal cell carcinoma/ISIC_0026395.jpg,acdc1d8246313837af1b4d219dce624b,1372,11,1,251963,0.24
/Users/soneyeoluwasina/Downloads/Skin/Train/basal cell carcinoma/ISIC_0024582.jpg,8a6171382ef9b75ab3ca83d4d7436f7d,1373,12,1,261789,0.25
/Users/soneyeoluwasina/Downloads/Skin/Train/basal cell carcinoma/ISIC_0026593.jpg,16b1e89feef3134f0d2b876155d38df5,1374,13,1,289255,0.28
/Users/soneyeoluwasina/Downloads/Skin/Train/basal cell carcinoma/ISIC_0028964.jpg,cb5b6761f74ef54651b72b2c416e9ef9,1375,14,1,265041,0.25
/Users/soneyeoluwasina/Downloads/Skin/Train/basal cell carcinoma/ISIC_0026988.jpg,1b7432b1250f55ad0bfee1d4c9596de8,1376,15,1,287016,0.27
/Users/soneyeoluwasina/Downloads/Skin/Train/basal cell carcinoma/ISIC_0025932.jpg,edb626c880e9db00bcc818462bc086fa,1377,16,1,331292,0.32
/Users/soneyeoluwasina/Downloads/Skin/Train/basal cell carcinoma/ISIC_0031166.jpg,ac921208db596a5d08926fae1d63ab50,1378,17,1,263153,0.25
/Users/soneyeoluwasina/Downloads/Skin/Train/basal cell carcinoma/ISIC_0027704.jpg,9d74e740445ee534c0fac7ee8b17ef1c,1379,18,1,280523,0.27
/Users/soneyeoluwasina/Downloads/Skin/Train/basal cell carcinoma/ISIC_0031614.jpg,2942344ae58810edc856f3d760ba8caf,1380,4,1,272592,0.26
/Users/soneyeoluwasina/Downloads/Skin/Train/basal cell carcinoma/ISIC_0028147.jpg,be1098334c20ad8bdc79dcdc65f21ecd,1381,19,1,307277,0.29
/Users/soneyeoluwasina/Downloads/Skin/Train/basal cell carcinoma/ISIC_0028807.jpg,137b402efd9a951127de6a64178620f0,1382,0,1,273360,0.26
/Users/soneyeoluwasina/Downloads/Skin/Train/basal cell carcinoma/ISIC_0028350.jpg,702f328d66f509549c0c841c39261ae2,1383,1,1,255380,0.24
/Users/soneyeoluwasina/Downloads/Skin/Train/basal cell carcinoma/ISIC_0026433.jpg,9a4ce79423c694a53f1477e32db7723b,1384,2,1,219575,0.21
/Users/soneyeoluwasina/Downloads/Skin/Train/basal cell carcinoma/ISIC_0024595.jpg,1dded9d9578c67bf3ce323acc98bddeb,1385,3,1,232056,0.22
/Users/soneyeoluwasina/Downloads/Skin/Train/basal cell carcinoma/ISIC_0031007.jpg,31a0cc98fa8b8a7bea197c02b3fafae0,1386,5,1,246833,0.24
/Users/soneyeoluwasina/Downloads/Skin/Train/basal cell carcinoma/ISIC_0028556.jpg,997206fdb524d00f20eed0d02babb96d,1387,6,1,189031,0.18
/Users/soneyeoluwasina/Downloads/Skin/Train/basal cell carcinoma/ISIC_0028542.jpg,fa61a07f2017e734abd9ff77dd45f93f,1388,7,1,271978,0.26
/Users/soneyeoluwasina/Downloads/Skin/Train/basal cell carcinoma/ISIC_0025700.jpg,4b67eacb267e45cf977f1973fe8bef5c,1389,8,1,301875,0.29
/Users/soneyeoluwasina/Downloads/Skin/Train/basal cell carcinoma/ISIC_0027117.jpg,405ceb43b2ee3b224437652c28d42f05,1390,9,1,306962,0.29
/Users/soneyeoluwasina/Downloads/Skin/Train/basal cell carcinoma/ISIC_0029847.jpg,a3f7e3a616bc275e88d829bd890a962e,1391,10,1,315465,0.3
/Users/soneyeoluwasina/Downloads/Skin/Train/basal cell carcinoma/ISIC_0027473.jpg,49f32236578e12aa539188d471eebf34,1392,11,1,127916,0.12
/Users/soneyeoluwasina/Downloads/Skin/Train/basal cell carcinoma/ISIC_0024634.jpg,8a1510ff05708c7609a1c0a06c81e810,1393,12,1,271307,0.26
/Users/soneyeoluwasina/Downloads/Skin/Train/basal cell carcinoma/ISIC_0029489.jpg,e4088fa5f14885297f36f71b185072b2,1394,13,1,242463,0.23
/Users/soneyeoluwasina/Downloads/Skin/Train/basal cell carcinoma/ISIC_0028973.jpg,0527b58623984f6bd69410e215b55464,1395,14,1,182623,0.17
/Users/soneyeoluwasina/Downloads/Skin/Train/basal cell carcinoma/ISIC_0025260.jpg,d29f4f5088931e53365dd0a8e8e70f8d,1396,15,1,327364,0.31
/Users/soneyeoluwasina/Downloads/Skin/Train/basal cell carcinoma/ISIC_0029466.jpg,bd1c7a3f8c9ccf6349fac95b3ce20204,1397,16,1,375256,0.36
/Users/soneyeoluwasina/Downloads/Skin/Train/basal cell carcinoma/ISIC_0029857.jpg,c20bbe6c2443e0db6c50074b880218e9,1398,17,1,226739,0.22
/Users/soneyeoluwasina/Downloads/Skin/Train/basal cell carcinoma/ISIC_0027846.jpg,9083d4f9a96f5cc0f7f791a74253c051,1399,18,1,195483,0.19
/Users/soneyeoluwasina/Downloads/Skin/Train/basal cell carcinoma/ISIC_0027675.jpg,c9a376cf07e81db5cd7252185069591b,1400,19,1,207846,0.2
/Users/soneyeoluwasina/Downloads/Skin/Train/basal cell carcinoma/ISIC_0030335.jpg,36eaf06da9863e4cacb1ea2c478c4cf4,1401,0,1,281018,0.27
/Users/soneyeoluwasina/Downloads/Skin/Train/basal cell carcinoma/ISIC_0025102.jpg,361186a7a1c3e5ed046aa7cd234bad26,1402,1,1,283542,0.27
/Users/soneyeoluwasina/Downloads/Skin/Train/basal cell carcinoma/ISIC_0024787.jpg,db5fa03a4cdd19dacff9066fb0408ad8,1403,2,1,209324,0.2
/Users/soneyeoluwasina/Downloads/Skin/Train/basal cell carcinoma/ISIC_0030094.jpg,a2b8b826bdb918d5fdee7769e38455c5,1404,3,1,248528,0.24
/Users/soneyeoluwasina/Downloads/Skin/Train/basal cell carcinoma/ISIC_0031407.jpg,08adf4e254872217ff067447b9fbea8f,1405,4,1,158348,0.15
/Users/soneyeoluwasina/Downloads/Skin/Train/basal cell carcinoma/ISIC_0031413.jpg,a935389eab3a0b69c44732f79c02a982,1406,5,1,217865,0.21
/Users/soneyeoluwasina/Downloads/Skin/Train/basal cell carcinoma/ISIC_0025467.jpg,4c7e85a484740c54e4e75a9472e41b88,1407,6,1,308228,0.29
/Users/soneyeoluwasina/Downloads/Skin/Train/basal cell carcinoma/ISIC_0025301.jpg,20d29f3ec14bcb8ce8fa267b021f1414,1408,7,1,254093,0.24
/Users/soneyeoluwasina/Downloads/Skin/Train/basal cell carcinoma/ISIC_0026350.jpg,ad01c99c0b5820bdc6708d208bac0e77,1409,8,1,267878,0.26
/Users/soneyeoluwasina/Downloads/Skin/Train/basal cell carcinoma/ISIC_0030526.jpg,527223f3255100a4bc19ebeb79fc1a97,1410,9,1,272032,0.26
/Users/soneyeoluwasina/Downloads/Skin/Train/basal cell carcinoma/ISIC_0024590.jpg,5e8ec0ed3edf9abda9fad12b55170b47,1411,14,1,213581,0.2
/Users/soneyeoluwasina/Downloads/Skin/Train/basal cell carcinoma/ISIC_0030452.jpg,37c0c26a58270caa0458cc308b8bc247,1412,10,1,257271,0.25
/Users/soneyeoluwasina/Downloads/Skin/Train/basal cell carcinoma/ISIC_0026230.jpg,296437bbc6ba5d6e7ea0bc36a2378758,1413,11,1,252669,0.24
/Users/soneyeoluwasina/Downloads/Skin/Train/basal cell carcinoma/ISIC_0025711.jpg,373ce7fdcfdfab59c3fa0964e3905202,1414,12,1,195611,0.19
/Users/soneyeoluwasina/Downloads/Skin/Train/basal cell carcinoma/ISIC_0029856.jpg,73286722ea900311b62702ee6c6fbc85,1415,13,1,227324,0.22
/Users/soneyeoluwasina/Downloads/Skin/Train/basal cell carcinoma/ISIC_0030644.jpg,19eac476a17fe30c9ce3e03bb5cd5e89,1416,15,1,138545,0.13
/Users/soneyeoluwasina/Downloads/Skin/Train/basal cell carcinoma/ISIC_0025513.jpg,c7e2ffc32d680095ec58c3e0856f1c68,1417,16,1,260951,0.25
/Users/soneyeoluwasina/Downloads/Skin/Train/basal cell carcinoma/ISIC_0028989.jpg,38edc9bf52e316fb194cfa51a7c69135,1418,17,1,157889,0.15
/Users/soneyeoluwasina/Downloads/Skin/Train/basal cell carcinoma/ISIC_0028035.jpg,3a9f86adffad48c49a757d321252d47b,1419,18,1,282054,0.27
/Users/soneyeoluwasina/Downloads/Skin/Train/basal cell carcinoma/ISIC_0028747.jpg,afcc8524241f99953ec1d5ac8305e34a,1420,19,1,319548,0.3
/Users/soneyeoluwasina/Downloads/Skin/Train/basal cell carcinoma/ISIC_0027851.jpg,c46983a0d306d5d171786b1f07694dab,1421,0,1,291001,0.28
/Users/soneyeoluwasina/Downloads/Skin/Train/basal cell carcinoma/ISIC_0029129.jpg,ad440c29c2fa3213add9c758a8e5b67b,1422,1,1,225956,0.22
/Users/soneyeoluwasina/Downloads/Skin/Train/basal cell carcinoma/ISIC_0028419.jpg,76e79b8232be92e97fa7da449c56ddcd,1423,2,1,236944,0.23
/Users/soneyeoluwasina/Downloads/Skin/Train/basal cell carcinoma/ISIC_0027058.jpg,8efc9d86626c912732401d5775ba4e6f,1424,3,1,183469,0.17
/Users/soneyeoluwasina/Downloads/Skin/Train/basal cell carcinoma/ISIC_0030915.jpg,a38165ac7214f0a4a07ba3fb809c6959,1425,4,1,281333,0.27
/Users/soneyeoluwasina/Downloads/Skin/Train/basal cell carcinoma/ISIC_0028814.jpg,56ee3c69a9f250dc0b65d84b7686f6f8,1426,5,1,226604,0.22
/Users/soneyeoluwasina/Downloads/Skin/Train/basal cell carcinoma/ISIC_0029539.jpg,4b0c9fbf6aaac56736b8e9609ea159fb,1427,6,1,133860,0.13
/Users/soneyeoluwasina/Downloads/Skin/Train/basal cell carcinoma/ISIC_0028155.jpg,f467e13d4d9d329a4abaa438a3d5b364,1428,7,1,308011,0.29
/Users/soneyeoluwasina/Downloads/Skin/Train/basal cell carcinoma/ISIC_0029263.jpg,5cf3c278749e7dbfd83435d7b80e59e4,1429,8,1,228909,0.22
/Users/soneyeoluwasina/Downloads/Skin/Train/basal cell carcinoma/ISIC_0028168.jpg,c058281c0f8451c5f2e32958b8c8f486,1430,9,1,241745,0.23
/Users/soneyeoluwasina/Downloads/Skin/Train/basal cell carcinoma/ISIC_0024949.jpg,73c7465b01cb7a170f1e1fef9c5ba4cf,1431,10,1,189729,0.18
/Users/soneyeoluwasina/Downloads/Skin/Train/basal cell carcinoma/ISIC_0028815.jpg,f7eeb4bef95ead80526bc8196bf32244,1432,11,1,188979,0.18
/Users/soneyeoluwasina/Downloads/Skin/Train/basal cell carcinoma/ISIC_0030096.jpg,1addee6dc70ddfd4e142743156864a08,1433,12,1,222813,0.21
/Users/soneyeoluwasina/Downloads/Skin/Train/basal cell carcinoma/ISIC_0026192.jpg,be20647b3da2ef2f06ff00a7aee0eb98,1434,13,1,137276,0.13
/Users/soneyeoluwasina/Downloads/Skin/Train/basal cell carcinoma/ISIC_0028197.jpg,6ad68f7293da1f3d7a3b86adcf1fb779,1435,14,1,133273,0.13
/Users/soneyeoluwasina/Downloads/Skin/Train/basal cell carcinoma/ISIC_0024550.jpg,67a80617fc72f7b3800919759c161893,1436,15,1,275466,0.26
/Users/soneyeoluwasina/Downloads/Skin/Train/basal cell carcinoma/ISIC_0031175.jpg,d82d371b8556032108653cb61d76aa4b,1437,16,1,259428,0.25
/Users/soneyeoluwasina/Downloads/Skin/Train/basal cell carcinoma/ISIC_0027677.jpg,33692d68c1a1ed527d9a8c4456486378,1438,17,1,242224,0.23
/Users/soneyeoluwasina/Downloads/Skin/Train/basal cell carcinoma/ISIC_0024632.jpg,68ee18a5176a85d328cceac48a88ad82,1439,18,1,222252,0.21
/Users/soneyeoluwasina/Downloads/Skin/Train/basal cell carcinoma/ISIC_0030690.jpg,03766fac386edc474b9f182b008f8d30,1440,19,1,226787,0.22
/Users/soneyeoluwasina/Downloads/Skin/Train/basal cell carcinoma/ISIC_0024829.jpg,cec04daf7de4a30aa60fd71981fce332,1441,0,1,279276,0.27
/Users/soneyeoluwasina/Downloads/Skin/Train/basal cell carcinoma/ISIC_0026970.jpg,b9094f33d3027778b344c411983e6832,1442,1,1,211252,0.2
/Users/soneyeoluwasina/Downloads/Skin/Train/basal cell carcinoma/ISIC_0030813.jpg,c47690415536bbcc8559ca58fb9a390c,1443,2,1,231139,0.22
/Users/soneyeoluwasina/Downloads/Skin/Train/basal cell carcinoma/ISIC_0028084.jpg,e9e128fac1c5e0222c31e18ba173d78c,1444,3,1,240127,0.23
/Users/soneyeoluwasina/Downloads/Skin/Train/basal cell carcinoma/ISIC_0031258.jpg,3b1a20ee57c94ac55d3e3f635b4c1859,1445,4,1,223474,0.21
/Users/soneyeoluwasina/Downloads/Skin/Train/basal cell carcinoma/ISIC_0026056.jpg,f73e2f2e0594692f3ba96b4ada33542f,1446,5,1,181395,0.17
/Users/soneyeoluwasina/Downloads/Skin/Train/basal cell carcinoma/ISIC_0027189.jpg,1e2aafcd7bcbc5dbe8b4cd35da18e8b6,1447,6,1,248508,0.24
/Users/soneyeoluwasina/Downloads/Skin/Train/basal cell carcinoma/ISIC_0025826.jpg,c688f028e98735e01bab769ab76bbe84,1448,7,1,155247,0.15
/Users/soneyeoluwasina/Downloads/Skin/Train/basal cell carcinoma/ISIC_0030230.jpg,af4c9c6d14674974f277a49e4818500c,1449,8,1,245926,0.23
/Users/soneyeoluwasina/Downloads/Skin/Train/basal cell carcinoma/ISIC_0025601.jpg,c31c3637168a047f72e75525cb328e84,1450,9,1,126733,0.12
/Users/soneyeoluwasina/Downloads/Skin/Train/basal cell carcinoma/ISIC_0028457.jpg,dcf4cdc8c218ce02bc2c53cadc272ab0,1451,10,1,278717,0.27
/Users/soneyeoluwasina/Downloads/Skin/Train/basal cell carcinoma/ISIC_0031489.jpg,21f7613838908db7de1b3a5dc066183e,1452,11,1,243606,0.23
/Users/soneyeoluwasina/Downloads/Skin/Train/basal cell carcinoma/ISIC_0026687.jpg,2d7111cad78d29a107b05847c9565503,1453,12,1,268236,0.26
/Users/soneyeoluwasina/Downloads/Skin/Train/basal cell carcinoma/ISIC_0025417.jpg,0627a94db24b4ab4c29e2a70781fd3af,1454,13,1,325141,0.31
/Users/soneyeoluwasina/Downloads/Skin/Train/basal cell carcinoma/ISIC_0027229.jpg,f7cba61837ae2c5e0f0808bb785da329,1455,14,1,264376,0.25
/Users/soneyeoluwasina/Downloads/Skin/Train/basal cell carcinoma/ISIC_0030755.jpg,e272300079e4de4af89824d7514054f0,1456,15,1,281192,0.27
/Users/soneyeoluwasina/Downloads/Skin/Train/basal cell carcinoma/ISIC_0030782.jpg,c50476f11c414599f3959ab970b12949,1457,16,1,276005,0.26
/Users/soneyeoluwasina/Downloads/Skin/Train/basal cell carcinoma/ISIC_0027759.jpg,cb8a33e714ec192a4be3435662b39cc7,1458,17,1,257994,0.25
/Users/soneyeoluwasina/Downloads/Skin/Train/basal cell carcinoma/ISIC_0026321.jpg,e2114e3d70621edc5a952ee4f4b5d3e1,1459,18,1,296889,0.28
/Users/soneyeoluwasina/Downloads/Skin/Train/basal cell carcinoma/ISIC_0026453.jpg,bea0cab07bb8eec045ffaff31f7ba0d0,1460,19,1,233604,0.22
/Users/soneyeoluwasina/Downloads/Skin/Train/basal cell carcinoma/ISIC_0028495.jpg,379c8d123d7ebfc5a0a525006189ba06,1461,0,1,323298,0.31
/Users/soneyeoluwasina/Downloads/Skin/Train/basal cell carcinoma/ISIC_0030594.jpg,554ce564fc8e8103d7ac72eb3e8e8029,1462,1,1,300936,0.29
/Users/soneyeoluwasina/Downloads/Skin/Train/basal cell carcinoma/ISIC_0026282.jpg,31c48570b341ecaf3a111b77b8bbe0c4,1463,2,1,315198,0.3
/Users/soneyeoluwasina/Downloads/Skin/Train/basal cell carcinoma/ISIC_0025576.jpg,989761c32e187b26c1636f03255467d8,1464,3,1,225970,0.22
/Users/soneyeoluwasina/Downloads/Skin/Train/basal cell carcinoma/ISIC_0028085.jpg,0344abf8b782260d251f1561b06e415d,1465,4,1,218412,0.21
/Users/soneyeoluwasina/Downloads/Skin/Train/basal cell carcinoma/ISIC_0026902.jpg,295af9407b5041f5c8958ac497730dad,1466,5,1,213839,0.2
/Users/soneyeoluwasina/Downloads/Skin/Train/basal cell carcinoma/ISIC_0031298.jpg,c0e9c4b50b939008417d3709127d4ec1,1467,6,1,230221,0.22
/Users/soneyeoluwasina/Downloads/Skin/Train/basal cell carcinoma/ISIC_0029372.jpg,464d7a26960d16a12a71031b2b67a140,1468,7,1,284269,0.27
/Users/soneyeoluwasina/Downloads/Skin/Train/basal cell carcinoma/ISIC_0030145.jpg,620d8452d14043b70c10e7ff4d2cd316,1469,8,1,312477,0.3
/Users/soneyeoluwasina/Downloads/Skin/Train/basal cell carcinoma/ISIC_0028050.jpg,db996c6f225104932fccb1aba827ea4a,1470,9,1,237802,0.23
/Users/soneyeoluwasina/Downloads/Skin/Train/basal cell carcinoma/ISIC_0029831.jpg,472c5bd8eb29713e0d690ec8ede9e1d8,1471,10,1,129200,0.12
/Users/soneyeoluwasina/Downloads/Skin/Train/basal cell carcinoma/ISIC_0029602.jpg,005d95694f77cf78e73a98040c32b187,1472,11,1,221793,0.21
/Users/soneyeoluwasina/Downloads/Skin/Train/basal cell carcinoma/ISIC_0027175.jpg,9865889662049da2ff25671d1ab8dd74,1473,12,1,235889,0.22
/Users/soneyeoluwasina/Downloads/Skin/Train/basal cell carcinoma/ISIC_0029951.jpg,0f7144b4c363b842df14a8238ea2d578,1474,13,1,230923,0.22
/Users/soneyeoluwasina/Downloads/Skin/Train/basal cell carcinoma/ISIC_0030233.jpg,af8c56cff7cfa2d980d7c00bca879535,1475,14,1,243304,0.23
/Users/soneyeoluwasina/Downloads/Skin/Train/basal cell carcinoma/ISIC_0026337.jpg,cad379123d48899c4c6d750646820d92,1476,15,1,246415,0.23
/Users/soneyeoluwasina/Downloads/Skin/Train/basal cell carcinoma/ISIC_0028871.jpg,33150c88e09317c7f6e5f8db4467ceac,1477,16,1,256602,0.24
/Users/soneyeoluwasina/Downloads/Skin/Train/basal cell carcinoma/ISIC_0030964.jpg,c25d6132f6f95524724413cfdefe73d6,1478,17,1,242207,0.23
/Users/soneyeoluwasina/Downloads/Skin/Train/basal cell carcinoma/ISIC_0028858.jpg,dc5664849e63c508140a3091d2b00eb6,1479,18,1,209558,0.2
/Users/soneyeoluwasina/Downloads/Skin/Train/basal cell carcinoma/ISIC_0025617.jpg,b46c619985093f8a4437d575ce412b56,1480,19,1,299558,0.29
/Users/soneyeoluwasina/Downloads/Skin/Train/basal cell carcinoma/ISIC_0025818.jpg,83e010e95dad89be325f311a3525fc44,1481,0,1,216544,0.21
/Users/soneyeoluwasina/Downloads/Skin/Train/basal cell carcinoma/ISIC_0025824.jpg,8c2b8d170d08e462c098d90a9b934943,1482,1,1,233892,0.22
/Users/soneyeoluwasina/Downloads/Skin/Train/basal cell carcinoma/ISIC_0030352.jpg,fb853cf68ea5291928121743f73863ea,1483,0,1,184166,0.18
/Users/soneyeoluwasina/Downloads/Skin/Train/basal cell carcinoma/ISIC_0031266.jpg,c46c8c9d6fc6450e7525bd971a426429,1484,2,1,229340,0.22
/Users/soneyeoluwasina/Downloads/Skin/Train/basal cell carcinoma/ISIC_0031272.jpg,12d162bd1b856bbc45901d685a73a963,1485,3,1,260719,0.25
/Users/soneyeoluwasina/Downloads/Skin/Train/basal cell carcinoma/ISIC_0028079.jpg,2c0ba089964757acecce9eff9d1ff0c0,1486,4,1,326682,0.31
/Users/soneyeoluwasina/Downloads/Skin/Train/basal cell carcinoma/ISIC_0028928.jpg,d0ee0ba28c73ebc33858e7ccf11fe509,1487,5,1,171891,0.16
/Users/soneyeoluwasina/Downloads/Skin/Train/basal cell carcinoma/ISIC_0030197.jpg,3f1b5b52cd2d4fc797bbca089f4bc8ec,1488,6,1,279279,0.27
/Users/soneyeoluwasina/Downloads/Skin/Train/basal cell carcinoma/ISIC_0024848.jpg,df1b21688e2f5f12789a783cdfa63555,1489,7,1,245232,0.23
/Users/soneyeoluwasina/Downloads/Skin/Train/basal cell carcinoma/ISIC_0029820.jpg,2fd9afe4f64fdf6b58c3a1a49f3e8854,1490,8,1,273001,0.26
/Users/soneyeoluwasina/Downloads/Skin/Train/basal cell carcinoma/ISIC_0027819.jpg,3ae4bbfa9de6c78eb512a531ac6f49d2,1491,9,1,163745,0.16
/Users/soneyeoluwasina/Downloads/Skin/Train/basal cell carcinoma/ISIC_0025940.jpg,5f53e8e14f55c5a585341aca3d19a183,1492,10,1,257961,0.25
/Users/soneyeoluwasina/Downloads/Skin/Train/basal cell carcinoma/ISIC_0027825.jpg,44670c0ece3a7b4dc7c6df5cc45e3b13,1493,11,1,187568,0.18
/Users/soneyeoluwasina/Downloads/Skin/Train/basal cell carcinoma/ISIC_0028486.jpg,45dc4adda532234463b730f11aa51d2b,1494,12,1,182955,0.17
/Users/soneyeoluwasina/Downloads/Skin/Train/basal cell carcinoma/ISIC_0027004.jpg,ab59a60084f8a3f25fad87f3329e999d,1495,13,1,233453,0.22
/Users/soneyeoluwasina/Downloads/Skin/Train/basal cell carcinoma/ISIC_0028323.jpg,b15aaaf932229a92a3cada99df74f13e,1496,14,1,251357,0.24
/Users/soneyeoluwasina/Downloads/Skin/Train/basal cell carcinoma/ISIC_0027038.jpg,db0f7ce353e92ae156f0ffef73ae7c3c,1497,15,1,157438,0.15
/Users/soneyeoluwasina/Downloads/Skin/Train/basal cell carcinoma/ISIC_0026865.jpg,8c48ad523caa0108ad1bf8e39891aed3,1498,16,1,278841,0.27
/Users/soneyeoluwasina/Downloads/Skin/Train/basal cell carcinoma/ISIC_0026118.jpg,9ad60d5b074614afc81b6e43bad6dc2c,1499,17,1,262881,0.25
/Users/soneyeoluwasina/Downloads/Skin/Train/basal cell carcinoma/ISIC_0028653.jpg,0bcb42c3f1b2bb84a50219bb81ba32eb,1500,18,1,203500,0.19
/Users/soneyeoluwasina/Downloads/Skin/Train/basal cell carcinoma/ISIC_0031470.jpg,1790065ef27f98ff5baf524878b4e5fc,1501,19,1,221686,0.21
/Users/soneyeoluwasina/Downloads/Skin/Train/basal cell carcinoma/ISIC_0030746.jpg,257e5f93deb5e3997a73a625849a1827,1502,1,1,211389,0.2
/Users/soneyeoluwasina/Downloads/Skin/Train/basal cell carcinoma/ISIC_0026656.jpg,8057088c3f8c2e833b36cd572d00c2ec,1503,2,1,293526,0.28
/Users/soneyeoluwasina/Downloads/Skin/Train/basal cell carcinoma/ISIC_0029564.jpg,6d8bc5a9b9281cdbc389793701b6badb,1504,3,1,329470,0.31
/Users/soneyeoluwasina/Downloads/Skin/Train/basal cell carcinoma/ISIC_0026643.jpg,da5da60e088ba486cebd3487f169251e,1505,4,1,306334,0.29
/Users/soneyeoluwasina/Downloads/Skin/Train/basal cell carcinoma/ISIC_0025362.jpg,520293c07372063949100175caa2ff02,1506,5,1,142820,0.14
/Users/soneyeoluwasina/Downloads/Skin/Train/basal cell carcinoma/ISIC_0028652.jpg,fe9974fc0d15a819fa51b9d9a49acf4c,1507,6,1,149102,0.14
/Users/soneyeoluwasina/Downloads/Skin/Train/basal cell carcinoma/ISIC_0026496.jpg,15b6201b3d536145ace171453dd4753c,1508,7,1,261199,0.25
/Users/soneyeoluwasina/Downloads/Skin/Train/basal cell carcinoma/ISIC_0027788.jpg,c65f7c1fd2b41cd9680d0f86f69f4f0f,1509,8,1,208307,0.2
/Users/soneyeoluwasina/Downloads/Skin/Train/basal cell carcinoma/ISIC_0031539.jpg,181872afe27d152a3da53892f6c9b8ce,1510,9,1,258916,0.25
/Users/soneyeoluwasina/Downloads/Skin/Train/basal cell carcinoma/ISIC_0030800.jpg,55a02ae710390b42e7a4931fd2670223,1511,10,1,342845,0.33
/Users/soneyeoluwasina/Downloads/Skin/Train/basal cell carcinoma/ISIC_0028095.jpg,084baeb00a77c8c6f8547a1a8a10519e,1512,11,1,247097,0.24
/Users/soneyeoluwasina/Downloads/Skin/Train/basal cell carcinoma/ISIC_0026090.jpg,bf63602bacbd0118ec07db1408065b20,1513,12,1,173837,0.17
/Users/soneyeoluwasina/Downloads/Skin/Train/basal cell carcinoma/ISIC_0027371.jpg,23c7c01642e65bbee37f35f8e95f8385,1514,13,1,148557,0.14
/Users/soneyeoluwasina/Downloads/Skin/Train/basal cell carcinoma/ISIC_0031513.jpg,4c9b0819ed1d940953c1454c3761d742,1515,14,1,188787,0.18
/Users/soneyeoluwasina/Downloads/Skin/Train/basal cell carcinoma/ISIC_0029412.jpg,c71bb716cba3307f587c8d666a7f29f3,1516,15,1,270892,0.26
/Users/soneyeoluwasina/Downloads/Skin/Train/basal cell carcinoma/ISIC_0028283.jpg,1e6eeb33a5507db2b9568a777bd3fd36,1517,16,1,201785,0.19
/Users/soneyeoluwasina/Downloads/Skin/Train/basal cell carcinoma/ISIC_0027601.jpg,90edb806f684033d520569b98ad59121,1518,17,1,203108,0.19
/Users/soneyeoluwasina/Downloads/Skin/Train/basal cell carcinoma/ISIC_0031063.jpg,4ef22c50dcde2453893a86c45c32b00d,1519,18,1,305241,0.29
/Users/soneyeoluwasina/Downloads/Skin/Train/basal cell carcinoma/ISIC_0027629.jpg,6f320cedf7b2aa15404e805b24000604,1520,19,1,263341,0.25
/Users/soneyeoluwasina/Downloads/Skin/Train/basal cell carcinoma/ISIC_0028687.jpg,d65fbbff46626e789481fcac5c883756,1521,0,1,197551,0.19
/Users/soneyeoluwasina/Downloads/Skin/Train/basal cell carcinoma/ISIC_0028693.jpg,1c10e838eab2fceb22d5596ccfe88444,1522,1,1,262564,0.25
/Users/soneyeoluwasina/Downloads/Skin/Train/basal cell carcinoma/ISIC_0028877.jpg,ccd8e936f0cd03d807f1331fe5c9b914,1523,2,1,273781,0.26
/Users/soneyeoluwasina/Downloads/Skin/Train/basal cell carcinoma/ISIC_0028122.jpg,d0d6a1622c00280550a7693fd1890146,1524,3,1,213946,0.2
/Users/soneyeoluwasina/Downloads/Skin/Train/basal cell carcinoma/ISIC_0029201.jpg,eece9dd2e8558836c945004a5e57657e,1525,4,1,261604,0.25
/Users/soneyeoluwasina/Downloads/Skin/Train/basal cell carcinoma/ISIC_0030778.jpg,12da3fc470c1b7e85beb3dea50d22a15,1526,5,1,276282,0.26
/Users/soneyeoluwasina/Downloads/Skin/Train/basal cell carcinoma/ISIC_0026668.jpg,552b259992a5a5fc26e55dbcb6186b4b,1527,6,1,362686,0.35
/Users/soneyeoluwasina/Downloads/Skin/Train/basal cell carcinoma/ISIC_0026324.jpg,78f138cf3c6507172d5281d10c62e995,1528,7,1,276466,0.26
/Users/soneyeoluwasina/Downloads/Skin/Train/basal cell carcinoma/ISIC_0026442.jpg,83603a534f9cb27efa6532eb08425308,1529,8,1,249772,0.24
/Users/soneyeoluwasina/Downloads/Skin/Train/basal cell carcinoma/ISIC_0027774.jpg,d2c7e381e1cab880c0cb74bb468b15b7,1530,9,1,311410,0.3
/Users/soneyeoluwasina/Downloads/Skin/Train/basal cell carcinoma/ISIC_0031062.jpg,3b46def11021c44fad5d594cac7ab291,1531,10,1,214901,0.2
/Users/soneyeoluwasina/Downloads/Skin/Train/basal cell carcinoma/ISIC_0028719.jpg,43116d87ab4c2763ffbad08854fca009,1532,11,1,179492,0.17
/Users/soneyeoluwasina/Downloads/Skin/Train/basal cell carcinoma/ISIC_0026091.jpg,4986b199ce4bd0174d974cbf4f0e121f,1533,12,1,297650,0.28
/Users/soneyeoluwasina/Downloads/Skin/Train/basal cell carcinoma/ISIC_0030181.jpg,ee904bf668a1c31596ad7b658ccd6f10,1534,13,1,233087,0.22
/Users/soneyeoluwasina/Downloads/Skin/Train/basal cell carcinoma/ISIC_0028728.jpg,5b1d55e2e30f086a0c0241c783f301db,1535,4,1,274629,0.26
/Users/soneyeoluwasina/Downloads/Skin/Train/basal cell carcinoma/ISIC_0031245.jpg,90c640e43ad85087314a2972fc08b7b8,1536,14,1,260504,0.25
/Users/soneyeoluwasina/Downloads/Skin/Train/basal cell carcinoma/ISIC_0027433.jpg,7fe0c21366930af7b50eb0928d231967,1537,15,1,320167,0.31
/Users/soneyeoluwasina/Downloads/Skin/Train/basal cell carcinoma/ISIC_0030403.jpg,be49f82fed78ada0f13a730d894ad8d1,1538,16,1,241342,0.23
/Users/soneyeoluwasina/Downloads/Skin/Train/basal cell carcinoma/ISIC_0026275.jpg,95aeaaebd501b6e018d10589aa641099,1539,17,1,233329,0.22
/Users/soneyeoluwasina/Downloads/Skin/Train/basal cell carcinoma/ISIC_0027631.jpg,a4155504a29c423bbf6047306adcbd30,1540,18,1,253739,0.24
/Users/soneyeoluwasina/Downloads/Skin/Train/basal cell carcinoma/ISIC_0027976.jpg,1ec1957932807eba39a2a0bb488125c3,1541,19,1,263959,0.25
/Users/soneyeoluwasina/Downloads/Skin/Train/basal cell carcinoma/ISIC_0027786.jpg,86fc459176929e8920490c5a97776bde,1542,0,1,366230,0.35
/Users/soneyeoluwasina/Downloads/Skin/Train/basal cell carcinoma/ISIC_0026117.jpg,d6de71095fa21bc7b9bf2350476e7408,1543,1,1,151878,0.14
/Users/soneyeoluwasina/Downloads/Skin/Train/basal cell carcinoma/ISIC_0029230.jpg,3741dfc58680e13b5b1d5a372c088785,1544,2,1,195698,0.19
/Users/soneyeoluwasina/Downloads/Skin/Train/basal cell carcinoma/ISIC_0028890.jpg,53f82c6770d5f3c03ac4a6bff4da04f4,1545,3,1,330836,0.32
/Users/soneyeoluwasina/Downloads/Skin/Train/basal cell carcinoma/ISIC_0028106.jpg,f13cf6f6a314a990d891ca960d9adc54,1546,5,1,237538,0.23
/Users/soneyeoluwasina/Downloads/Skin/Train/basal cell carcinoma/ISIC_0028113.jpg,8da178560566ecaa5349617eade3e739,1547,6,1,273653,0.26
/Users/soneyeoluwasina/Downloads/Skin/Train/basal cell carcinoma/ISIC_0031442.jpg,5fbf752464d13b3676995316bdedecac,1548,7,1,264369,0.25
/Users/soneyeoluwasina/Downloads/Skin/Train/basal cell carcinoma/ISIC_0027546.jpg,6f000b2014c06a31f18d5bbb8b371cc4,1549,8,1,228976,0.22
/Users/soneyeoluwasina/Downloads/Skin/Train/basal cell carcinoma/ISIC_0028107.jpg,7ac6dd2b65cf1c39359248f16acb90e9,1550,9,1,256708,0.24
/Users/soneyeoluwasina/Downloads/Skin/Train/basal cell carcinoma/ISIC_0031318.jpg,6f52e7cdd6671c75c7a6d4e77d4207bd,1551,10,1,210187,0.2
/Users/soneyeoluwasina/Downloads/Skin/Train/basal cell carcinoma/ISIC_0027744.jpg,a1bb6cb0a8a06ce02ed0fa267ff126b2,1552,11,1,265935,0.25
/Users/soneyeoluwasina/Downloads/Skin/Train/basal cell carcinoma/ISIC_0029755.jpg,87bb396f95e7aba47046d98622b7661f,1553,12,1,280024,0.27
/Users/soneyeoluwasina/Downloads/Skin/Train/basal cell carcinoma/ISIC_0024885.jpg,8f7ad0fb3122541810cb614171efd37a,1554,13,1,219466,0.21
/Users/soneyeoluwasina/Downloads/Skin/Train/basal cell carcinoma/ISIC_0025557.jpg,4f8e8de7d1037adfafce3ab0800403ee,1555,14,1,287673,0.27
/Users/soneyeoluwasina/Downloads/Skin/Train/basal cell carcinoma/ISIC_0029392.jpg,5b93ee97e768ab12fdbbffd9e8a4a5d6,1556,15,1,253850,0.24
/Users/soneyeoluwasina/Downloads/Skin/Train/basal cell carcinoma/ISIC_0028059.jpg,3265bf5b5e289287dcc6ec82d7e2c611,1557,16,1,193897,0.18
/Users/soneyeoluwasina/Downloads/Skin/Train/basal cell carcinoma/ISIC_0026074.jpg,d61d83c2f8629d4ad5f3567813225e11,1558,17,1,223431,0.21
/Users/soneyeoluwasina/Downloads/Skin/Train/basal cell carcinoma/ISIC_0031520.jpg,462e47d03ee22d4d4d8521062b92b123,1559,18,1,255362,0.24
/Users/soneyeoluwasina/Downloads/Skin/Train/basal cell carcinoma/ISIC_0029192.jpg,a2cbfc8523c7d5b3b7f1d6bca7f4967f,1560,19,1,301300,0.29
/Users/soneyeoluwasina/Downloads/Skin/Train/basal cell carcinoma/ISIC_0025019.jpg,3bbc515b37708852451982ff9870b2f6,1561,0,1,187052,0.18
/Users/soneyeoluwasina/Downloads/Skin/Train/basal cell carcinoma/ISIC_0025031.jpg,ece0a7a0ffd9dba259cfb29ce906ced6,1562,1,1,249227,0.24
/Users/soneyeoluwasina/Downloads/Skin/Train/basal cell carcinoma/ISIC_0024515.jpg,f99db0ae0514ec49f2b0930b803c30af,1563,2,1,270438,0.26
/Users/soneyeoluwasina/Downloads/Skin/Train/basal cell carcinoma/ISIC_0030574.jpg,a208d8b7ef3c5bed4788c6a12327d937,1564,3,1,318409,0.3
/Users/soneyeoluwasina/Downloads/Skin/Train/basal cell carcinoma/ISIC_0028688.jpg,afb0d6fbd0d5d458ff9845cf32a16ba3,1565,4,1,161347,0.15
/Users/soneyeoluwasina/Downloads/Skin/Train/basal cell carcinoma/ISIC_0026855.jpg,a7522ef73a1e369531bc8f9669e1cf20,1566,5,1,210558,0.2
/Users/soneyeoluwasina/Downloads/Skin/Train/basal cell carcinoma/ISIC_0030010.jpg,a0ec7298b4ec192df7afa13cd2c35988,1567,6,1,295232,0.28
/Users/soneyeoluwasina/Downloads/Skin/Train/basal cell carcinoma/ISIC_0028677.jpg,83b1565c3a660f5eff1581ab5a0bb0f7,1568,7,1,315379,0.3
/Users/soneyeoluwasina/Downloads/Skin/Train/basal cell carcinoma/ISIC_0027544.jpg,8318139bf4f49257f9aeec9b94b51d8f,1569,8,1,257540,0.25
/Users/soneyeoluwasina/Downloads/Skin/Train/basal cell carcinoma/ISIC_0027545.jpg,0b8fd93345eb1945d3457ac0e2c79541,1570,9,1,448006,0.43
/Users/soneyeoluwasina/Downloads/Skin/Train/basal cell carcinoma/ISIC_0024931.jpg,2798cc21093bea082fa75eabc67f1e48,1571,10,1,108687,0.1
/Users/soneyeoluwasina/Downloads/Skin/Train/basal cell carcinoma/ISIC_0025144.jpg,c73ab8d4adafb623642ed6c357622ea1,1572,11,1,317735,0.3
/Users/soneyeoluwasina/Downloads/Skin/Train/basal cell carcinoma/ISIC_0029805.jpg,d90a625b2095291a13c9e61a262bcb27,1573,12,1,203481,0.19
/Users/soneyeoluwasina/Downloads/Skin/Train/basal cell carcinoma/ISIC_0029193.jpg,ac18cf9fc95b90d623fb2b55b01914be,1574,13,1,315558,0.3
/Users/soneyeoluwasina/Downloads/Skin/Train/basal cell carcinoma/ISIC_0025971.jpg,15c1aa6af8d13a8ec6eba4cb79e12af5,1575,14,1,208039,0.2
/Users/soneyeoluwasina/Downloads/Skin/Train/basal cell carcinoma/ISIC_0027814.jpg,c2a6d98f9235dfefaa52fd03570a5a84,1576,15,1,174493,0.17
/Users/soneyeoluwasina/Downloads/Skin/Train/basal cell carcinoma/ISIC_0027425.jpg,cfcc3e54727fec21ed9fc7e2e93a24b5,1577,16,1,235589,0.22
/Users/soneyeoluwasina/Downloads/Skin/Train/basal cell carcinoma/ISIC_0029352.jpg,86661a792b0ee0f9b38e1b1669875331,1578,17,1,210626,0.2
/Users/soneyeoluwasina/Downloads/Skin/Train/basal cell carcinoma/ISIC_0031284.jpg,7165e820bf35dad8ccaf9411b70398e9,1579,18,1,269210,0.26
/Users/soneyeoluwasina/Downloads/Skin/Train/basal cell carcinoma/ISIC_0029391.jpg,6db3fb01de0c732cb4b807e10441cecc,1580,19,1,210994,0.2
/Users/soneyeoluwasina/Downloads/Skin/Train/basal cell carcinoma/ISIC_0031294.jpg,ef4269d861adc74a147c7b0ec4231826,1581,0,1,162914,0.16
/Users/soneyeoluwasina/Downloads/Skin/Train/basal cell carcinoma/ISIC_0031531.jpg,7deca25fc2005ad5ca0f9e30d384bfc3,1582,1,1,312711,0.3
/Users/soneyeoluwasina/Downloads/Skin/Train/basal cell carcinoma/ISIC_0031243.jpg,7dfb3d67862a533b7bf38d1ea5c7c5b6,1583,2,1,335027,0.32
/Users/soneyeoluwasina/Downloads/Skin/Train/basal cell carcinoma/ISIC_0029342.jpg,7e348a682cc2042354acff33d85a8e92,1584,3,1,116642,0.11
/Users/soneyeoluwasina/Downloads/Skin/Train/basal cell carcinoma/ISIC_0024666.jpg,2bc7464f283c2bb076de1978daa1dde5,1585,4,1,312985,0.3
/Users/soneyeoluwasina/Downloads/Skin/Train/basal cell carcinoma/ISIC_0025975.jpg,3ea72d3bbb7816f5c0b55a8d623038d2,1586,5,1,265715,0.25
/Users/soneyeoluwasina/Downloads/Skin/Train/basal cell carcinoma/ISIC_0025752.jpg,5d449927a3a0abb9de93eaa256d94b0a,1587,6,1,305680,0.29
/Users/soneyeoluwasina/Downloads/Skin/Train/basal cell carcinoma/ISIC_0031041.jpg,68c95f8fcd800cba140805039e3a7cde,1588,7,1,259631,0.25
/Users/soneyeoluwasina/Downloads/Skin/Train/basal cell carcinoma/ISIC_0028316.jpg,5119097ec25d0f9d0e1a123925a711f6,1589,8,1,234369,0.22
/Users/soneyeoluwasina/Downloads/Skin/Train/basal cell carcinoma/ISIC_0029034.jpg,04e91dd980b5a6fa5d4edc8dbca2bd33,1590,9,1,312023,0.3
/Users/soneyeoluwasina/Downloads/Skin/Train/basal cell carcinoma/ISIC_0029020.jpg,1f26c0806636fa7c2345f93ac1ee4e21,1591,10,1,265659,0.25
/Users/soneyeoluwasina/Downloads/Skin/Train/basal cell carcinoma/ISIC_0024504.jpg,ea8887b344171ca0f6deaaa5026a5d44,1592,11,1,322215,0.31
/Users/soneyeoluwasina/Downloads/Skin/Train/basal cell carcinoma/ISIC_0030954.jpg,96cfa3a3b087c6d60b10c837a48ab00d,1593,12,1,146123,0.14
/Users/soneyeoluwasina/Downloads/Skin/Train/basal cell carcinoma/ISIC_0030767.jpg,19dd42115be1030beba5cae18b531034,1594,13,1,322334,0.31
/Users/soneyeoluwasina/Downloads/Skin/Train/basal cell carcinoma/ISIC_0029545.jpg,3f12d2965e6462f8d42579ddc1aeacaa,1595,14,1,247071,0.24
/Users/soneyeoluwasina/Downloads/Skin/Train/basal cell carcinoma/ISIC_0030766.jpg,d54588b3d65101dba3a704344d298395,1596,15,1,323139,0.31
/Users/soneyeoluwasina/Downloads/Skin/Train/basal cell carcinoma/ISIC_0031450.jpg,4f00c2d0064ddfbd5afd2122bba90c3e,1597,16,1,252311,0.24
/Users/soneyeoluwasina/Downloads/Skin/Train/basal cell carcinoma/ISIC_0026845.jpg,f684b0710a6be9bfad4cb6b8d073c236,1598,17,1,282942,0.27
/Users/soneyeoluwasina/Downloads/Skin/Train/basal cell carcinoma/ISIC_0029747.jpg,0bff2a4071238d9b74f4e78eb2c37e9e,1599,18,1,276565,0.26
/Users/soneyeoluwasina/Downloads/Skin/Train/basal cell carcinoma/ISIC_0029035.jpg,033adb2a33d060fbc67d38f50650648f,1600,19,1,144969,0.14
/Users/soneyeoluwasina/Downloads/Skin/Train/basal cell carcinoma/ISIC_0028303.jpg,b313d4c6e9e2ccb32f51649d2206567f,1601,0,1,206557,0.2
/Users/soneyeoluwasina/Downloads/Skin/Train/basal cell carcinoma/ISIC_0029974.jpg,8dc553369187625264300b5554911f15,1602,1,1,269868,0.26
/Users/soneyeoluwasina/Downloads/Skin/Train/basal cell carcinoma/ISIC_0026528.jpg,eeb824fe391543337677ac995bd27ddb,1603,15,1,328833,0.31
/Users/soneyeoluwasina/Downloads/Skin/Train/basal cell carcinoma/ISIC_0024673.jpg,2472e5bf2083d26113f7ff9c9d52ba50,1604,2,1,261510,0.25
/Users/soneyeoluwasina/Downloads/Skin/Train/basal cell carcinoma/ISIC_0026716.jpg,6422557600b637b5f14051272b517fd4,1605,3,1,227015,0.22
/Users/soneyeoluwasina/Downloads/Skin/Train/basal cell carcinoma/ISIC_0024897.jpg,c49a16cdb2a20726590d74100e1ffa7b,1606,4,1,223170,0.21
/Users/soneyeoluwasina/Downloads/Skin/Train/basal cell carcinoma/ISIC_0031526.jpg,47cad6d478d783e849b9efaabf7f1159,1607,5,1,230017,0.22
/Users/soneyeoluwasina/Downloads/Skin/Train/basal cell carcinoma/ISIC_0028739.jpg,1210aa6ea0680f5ed41c8593fa5c2e24,1608,6,1,140698,0.13
/Users/soneyeoluwasina/Downloads/Skin/Train/basal cell carcinoma/ISIC_0029341.jpg,c79badd4e4a91f69f03450c3ef3e3f75,1609,7,1,238395,0.23
/Users/soneyeoluwasina/Downloads/Skin/Train/basal cell carcinoma/ISIC_0024665.jpg,68cfffd1228dd37fc3ad26923245081a,1610,8,1,203769,0.19
/Users/soneyeoluwasina/Downloads/Skin/Train/basal cell carcinoma/ISIC_0031095.jpg,001204ca478b9d67cb2eb85005921a89,1611,9,1,272545,0.26
/Users/soneyeoluwasina/Downloads/Skin/Train/basal cell carcinoma/ISIC_0027146.jpg,4567e4468fe2e0a7ae864d6b9b3d3a8f,1612,10,1,250116,0.24
/Users/soneyeoluwasina/Downloads/Skin/Train/basal cell carcinoma/ISIC_0031056.jpg,58b8be305b137aaede487b37234b6197,1613,11,1,212584,0.2
/Users/soneyeoluwasina/Downloads/Skin/Train/basal cell carcinoma/ISIC_0029779.jpg,dfbb4315d055c35371690135656730d6,1614,12,1,269340,0.26
/Users/soneyeoluwasina/Downloads/Skin/Train/basal cell carcinoma/ISIC_0027998.jpg,c3a0d2124ff5084c16fdfdc0c05ee96e,1615,13,1,294386,0.28
/Users/soneyeoluwasina/Downloads/Skin/Train/basal cell carcinoma/ISIC_0031122.jpg,3913def4bb87c8d5e80a8b253b0e2695,1616,14,1,221734,0.21
/Users/soneyeoluwasina/Downloads/Skin/Train/basal cell carcinoma/ISIC_0029745.jpg,ffe2a45255b30d62cbca495b2cf1d66c,1617,16,1,231159,0.22
/Users/soneyeoluwasina/Downloads/Skin/Train/basal cell carcinoma/ISIC_0028329.jpg,88b9e7798f1480d5485146cda62b937c,1618,17,1,198913,0.19
/Users/soneyeoluwasina/Downloads/Skin/Train/basal cell carcinoma/ISIC_0027595.jpg,e845ad9df014d106588788545e09712c,1619,18,1,218650,0.21
/Users/soneyeoluwasina/Downloads/Skin/Train/basal cell carcinoma/ISIC_0028671.jpg,ba2e464a8ef9fd897927c13116241d39,1620,19,1,268050,0.26
/Users/soneyeoluwasina/Downloads/Skin/Train/basal cell carcinoma/ISIC_0025433.jpg,c039efbfb3c75775bb0c39f9e8c0223d,1621,0,1,227746,0.22
/Users/soneyeoluwasina/Downloads/Skin/Train/basal cell carcinoma/ISIC_0029220.jpg,5db5cce3550ad026192ebd4ca220c48f,1622,1,1,220560,0.21
/Users/soneyeoluwasina/Downloads/Skin/Train/basal cell carcinoma/ISIC_0029546.jpg,961f878f51df316cc155f3c277d691a2,1623,2,1,246145,0.23
/Users/soneyeoluwasina/Downloads/Skin/Train/basal cell carcinoma/ISIC_0028670.jpg,7fee0fdcddb732879863e029a782db67,1624,3,1,153540,0.15
/Users/soneyeoluwasina/Downloads/Skin/Train/basal cell carcinoma/ISIC_0025383.jpg,b02a88685da98a152c27403cb73d5bf4,1625,4,1,287892,0.27
/Users/soneyeoluwasina/Downloads/Skin/Train/basal cell carcinoma/ISIC_0025630.jpg,56fd97ca26bdb3b556b88ae5ad6d8b39,1626,5,1,197769,0.19
/Users/soneyeoluwasina/Downloads/Skin/Train/basal cell carcinoma/ISIC_0027966.jpg,aa2f3b34ba06b6d9c6bbe3e1180d6cd8,1627,6,1,216889,0.21
/Users/soneyeoluwasina/Downloads/Skin/Train/basal cell carcinoma/ISIC_0027609.jpg,3e0422f6c3eb9cf6da4d3d87f4390629,1628,7,1,413476,0.39
/Users/soneyeoluwasina/Downloads/Skin/Train/basal cell carcinoma/ISIC_0031057.jpg,ca6f4b947571f540effedfc3547819dd,1629,8,1,274234,0.26
/Users/soneyeoluwasina/Downloads/Skin/Train/basal cell carcinoma/ISIC_0030349.jpg,742fa5e3e306340e939b6b6c5d15116f,1630,9,1,286711,0.27
/Users/soneyeoluwasina/Downloads/Skin/Train/basal cell carcinoma/ISIC_0025793.jpg,85eea6cf2cb9f3c97d0911e12fea65ac,1631,10,1,292767,0.28
/Users/soneyeoluwasina/Downloads/Skin/Train/basal cell carcinoma/ISIC_0030177.jpg,b042f5f02edacfe773bf7ad5314adaf5,1632,11,1,233670,0.22
/Users/soneyeoluwasina/Downloads/Skin/Train/basal cell carcinoma/ISIC_0028937.jpg,bd4729879fe4048148e34170be8f519d,1633,12,1,305062,0.29
/Users/soneyeoluwasina/Downloads/Skin/Train/basal cell carcinoma/ISIC_0028978.jpg,472411338305d231aba61a4eefa15895,1634,13,1,290408,0.28
/Users/soneyeoluwasina/Downloads/Skin/Train/basal cell carcinoma/ISIC_0031597.jpg,f7a3cdcc58d7723de243d0bc23b37788,1635,14,1,240239,0.23
/Users/soneyeoluwasina/Downloads/Skin/Train/basal cell carcinoma/ISIC_0025509.jpg,30ee2d2e07b5b8f8f85ee402595fc353,1636,15,1,123813,0.12
/Users/soneyeoluwasina/Downloads/Skin/Train/basal cell carcinoma/ISIC_0026766.jpg,e9fc8e163637adcd497940037e2b9538,1637,16,1,249388,0.24
/Users/soneyeoluwasina/Downloads/Skin/Train/basal cell carcinoma/ISIC_0027478.jpg,dcb5c91dd2c5bc330f2b6344ccb1fffb,1638,17,1,285342,0.27
/Users/soneyeoluwasina/Downloads/Skin/Train/basal cell carcinoma/ISIC_0030138.jpg,23dd5f9a38bacde1cc366149ff0abc5e,1639,18,1,198912,0.19
/Users/soneyeoluwasina/Downloads/Skin/Train/basal cell carcinoma/ISIC_0029680.jpg,71bd5950935befa1c8e2eb77a4cd9c61,1640,19,1,245569,0.23
/Users/soneyeoluwasina/Downloads/Skin/Train/basal cell carcinoma/ISIC_0027120.jpg,ba58e4da25100d36bd071be8c3f31ebd,1641,0,1,232140,0.22
/Users/soneyeoluwasina/Downloads/Skin/Train/basal cell carcinoma/ISIC_0027915.jpg,65ac80b4d63843586e00fc9e7a028060,1642,1,1,242540,0.23
/Users/soneyeoluwasina/Downloads/Skin/Train/basal cell carcinoma/ISIC_0030514.jpg,54125fb3ec2c833cf01fbf1cac6b6448,1643,2,1,221219,0.21
/Users/soneyeoluwasina/Downloads/Skin/Train/basal cell carcinoma/ISIC_0030528.jpg,083a8a1dbc870f27f8102464068bd5bd,1644,3,1,298025,0.28
/Users/soneyeoluwasina/Downloads/Skin/Train/basal cell carcinoma/ISIC_0028818.jpg,30bca6e4e082a54247a308de4912945d,1645,4,1,197527,0.19
/Users/soneyeoluwasina/Downloads/Skin/Train/basal cell carcinoma/ISIC_0027281.jpg,95a23c515cea428b2dbe6062f32afe68,1646,5,1,254126,0.24
/Users/soneyeoluwasina/Downloads/Skin/Train/basal cell carcinoma/ISIC_0027525.jpg,55ae516606e46adef730c61a6e68c767,1647,6,1,237810,0.23
/Users/soneyeoluwasina/Downloads/Skin/Train/basal cell carcinoma/ISIC_0027531.jpg,5146f475487a33e3fbf93e33f19f4320,1648,7,1,242367,0.23
/Users/soneyeoluwasina/Downloads/Skin/Train/basal cell carcinoma/ISIC_0031384.jpg,2267ef5207f467d922d636a1e9ac39b7,1649,8,1,223143,0.21
/Users/soneyeoluwasina/Downloads/Skin/Train/basal cell carcinoma/ISIC_0026439.jpg,a8820d42c49be13f5347abb7e9183a9c,1650,9,1,327467,0.31
/Users/soneyeoluwasina/Downloads/Skin/Train/basal cell carcinoma/ISIC_0027135.jpg,06d7460cb17cdbb24abeeac6311ddc32,1651,10,1,239988,0.23
/Users/soneyeoluwasina/Downloads/Skin/Train/basal cell carcinoma/ISIC_0030893.jpg,4b0e127e718fc80d60c40ecfcc8294eb,1652,11,1,299126,0.29
/Users/soneyeoluwasina/Downloads/Skin/Train/basal cell carcinoma/ISIC_0027337.jpg,69b10ea14ab9dcd137ca1dbf7fa934b9,1653,12,1,278011,0.27
/Users/soneyeoluwasina/Downloads/Skin/Train/basal cell carcinoma/ISIC_0031569.jpg,a2b303806fdf7acaee79065ad4954a37,1654,13,1,289088,0.28
/Users/soneyeoluwasina/Downloads/Skin/Train/basal cell carcinoma/ISIC_0025285.jpg,0d0858028a1298ae0674a85aeab3b5c5,1655,14,1,184182,0.18
/Users/soneyeoluwasina/Downloads/Skin/Train/basal cell carcinoma/ISIC_0026798.jpg,625070a2e20a7567586dd19a9c7a5ade,1656,15,1,280916,0.27
/Users/soneyeoluwasina/Downloads/Skin/Train/basal cell carcinoma/ISIC_0026940.jpg,5a315d3df80eb037885a60aad479940c,1657,16,1,244316,0.23
/Users/soneyeoluwasina/Downloads/Skin/Train/basal cell carcinoma/ISIC_0026968.jpg,bf769331c9d0313419f169a653504bbb,1658,17,1,208143,0.2
/Users/soneyeoluwasina/Downloads/Skin/Train/basal cell carcinoma/ISIC_0024833.jpg,b9c2ddf69577917724150243e1d1f736,1659,18,1,220179,0.21
/Users/soneyeoluwasina/Downloads/Skin/Train/basal cell carcinoma/ISIC_0026995.jpg,dff59171840b34c66bc3d4a01a63024d,1660,19,1,294684,0.28
/Users/soneyeoluwasina/Downloads/Skin/Train/basal cell carcinoma/ISIC_0031225.jpg,4d724e34764308765bdb0cf0c616f5fe,1661,0,1,246007,0.23
/Users/soneyeoluwasina/Downloads/Skin/Train/basal cell carcinoma/ISIC_0028238.jpg,3a9c435577179eba3d2f4d0a3ea0aa5c,1662,1,1,272448,0.26
/Users/soneyeoluwasina/Downloads/Skin/Train/basal cell carcinoma/ISIC_0025046.jpg,251b237af40c5c00b0aaebf4a49684da,1663,2,1,208608,0.2
/Users/soneyeoluwasina/Downloads/Skin/Train/basal cell carcinoma/ISIC_0030339.jpg,dbd3a3fbc1c1c237aba2deb033b825e8,1664,3,1,199232,0.19
/Users/soneyeoluwasina/Downloads/Skin/Train/basal cell carcinoma/ISIC_0030271.jpg,fb5c2ffcb7a0ef440b1273decf1e1861,1665,4,1,333327,0.32
/Users/soneyeoluwasina/Downloads/Skin/Train/basal cell carcinoma/ISIC_0027057.jpg,e16c998661c1d669c539c2c4b653ae5b,1666,5,1,352900,0.34
/Users/soneyeoluwasina/Downloads/Skin/Train/basal cell carcinoma/ISIC_0031351.jpg,bc4560aba4bcfa63eef1c5237355fce0,1667,6,1,210566,0.2
/Users/soneyeoluwasina/Downloads/Skin/Train/basal cell carcinoma/ISIC_0024984.jpg,d2b7839d6f7f5e18e415962411d36c21,1668,7,1,259589,0.25
/Users/soneyeoluwasina/Downloads/Skin/Train/basal cell carcinoma/ISIC_0029278.jpg,12f907f5c148168b42ad88c0a4fd78a3,1669,8,1,220505,0.21
/Users/soneyeoluwasina/Downloads/Skin/Train/basal cell carcinoma/ISIC_0027526.jpg,6b06417a3d9e9f4e29ff386d32deb211,1670,9,1,306696,0.29
/Users/soneyeoluwasina/Downloads/Skin/Train/basal cell carcinoma/ISIC_0031378.jpg,90259f0246a9ad75dbf550d644349e26,1671,10,1,182470,0.17
/Users/soneyeoluwasina/Downloads/Skin/Train/basal cell carcinoma/ISIC_0027297.jpg,b2f5ea371655abc212951570c7f3a8f2,1672,11,1,292772,0.28
/Users/soneyeoluwasina/Downloads/Skin/Train/basal cell carcinoma/ISIC_0029053.jpg,95246fb1bcb51347a2fce7e46c5d0b34,1673,12,1,276299,0.26
/Users/soneyeoluwasina/Downloads/Skin/Train/basal cell carcinoma/ISIC_0029669.jpg,d22c323335695504d5acca170318c4df,1674,13,1,231431,0.22
/Users/soneyeoluwasina/Downloads/Skin/Train/basal cell carcinoma/ISIC_0031026.jpg,df15f094671df762c7f7009450f27655,1675,14,1,227182,0.22
/Users/soneyeoluwasina/Downloads/Skin/Train/basal cell carcinoma/ISIC_0028577.jpg,a649d93e49dfdd4e63dda3972f00973f,1676,15,1,191700,0.18
/Users/soneyeoluwasina/Downloads/Skin/Train/basal cell carcinoma/ISIC_0029655.jpg,35ff0ea869e7a8eede8692182a567663,1677,16,1,233242,0.22
/Users/soneyeoluwasina/Downloads/Skin/Train/basal cell carcinoma/ISIC_0029899.jpg,c68171c65cf52f5bb0ee8dc72e8c58c9,1678,17,1,274835,0.26
/Users/soneyeoluwasina/Downloads/Skin/Train/basal cell carcinoma/ISIC_0029331.jpg,545a9da59eda223d777710a3266a3054,1679,18,1,225827,0.22
/Users/soneyeoluwasina/Downloads/Skin/Train/basal cell carcinoma/ISIC_0031585.jpg,74d435ad8f61fc0e8f1ff5753932f6b9,1680,19,1,269596,0.26
/Users/soneyeoluwasina/Downloads/Skin/Train/basal cell carcinoma/ISIC_0028765.jpg,9c2f971592569b3d0f210d055ebea426,1681,0,1,229427,0.22
/Users/soneyeoluwasina/Downloads/Skin/Train/basal cell carcinoma/ISIC_0031552.jpg,096ed9bb70fbd501290227e21a0bd6f7,1682,1,1,208410,0.2
/Users/soneyeoluwasina/Downloads/Skin/Train/basal cell carcinoma/ISIC_0026760.jpg,ab665d1b6ede8f4922ee07b5ba8edaf0,1683,2,1,278654,0.27
/Users/soneyeoluwasina/Downloads/Skin/Train/basal cell carcinoma/ISIC_0025731.jpg,0337410ce282f12b7127d1f3d1b2b5c6,1684,3,1,257465,0.25
/Users/soneyeoluwasina/Downloads/Skin/Train/basal cell carcinoma/ISIC_0029123.jpg,7d7d978859131544d9cee66c35e8366c,1685,4,1,275595,0.26
/Users/soneyeoluwasina/Downloads/Skin/Train/basal cell carcinoma/ISIC_0030314.jpg,b88de08aa792416a31486c3985b6e611,1686,5,1,290708,0.28
/Users/soneyeoluwasina/Downloads/Skin/Train/basal cell carcinoma/ISIC_0027046.jpg,cb520e462acae4d99f6d70c27a1e638a,1687,6,1,269638,0.26
/Users/soneyeoluwasina/Downloads/Skin/Train/basal cell carcinoma/ISIC_0024573.jpg,0908e9c40b448a76bcc029041eb00765,1688,7,1,143194,0.14
/Users/soneyeoluwasina/Downloads/Skin/Train/basal cell carcinoma/ISIC_0024572.jpg,de5236f949f9b7003a1d3cbc81f440dc,1689,8,1,265064,0.25
/Users/soneyeoluwasina/Downloads/Skin/Train/basal cell carcinoma/ISIC_0030261.jpg,90f52e1643f74e5911e4be1b3ccec833,1690,9,1,244038,0.23
/Users/soneyeoluwasina/Downloads/Skin/Train/basal cell carcinoma/ISIC_0030249.jpg,18959968561efad274f0dc0a8e8c263b,1691,10,1,216799,0.21
/Users/soneyeoluwasina/Downloads/Skin/Train/basal cell carcinoma/ISIC_0025644.jpg,1691249c0a39becb7684647565d36e90,1692,11,1,279060,0.27
/Users/soneyeoluwasina/Downloads/Skin/Train/basal cell carcinoma/ISIC_0025650.jpg,063efa9aaf60ce2e2d7d356d7a0c4ab8,1693,12,1,204381,0.19
/Users/soneyeoluwasina/Downloads/Skin/Train/basal cell carcinoma/ISIC_0027090.jpg,682c38ad7b3c084ae8ad3688edf82b27,1694,13,1,306327,0.29
/Users/soneyeoluwasina/Downloads/Skin/Train/basal cell carcinoma/ISIC_0029917.jpg,5dbe4f86be4d1986f7f378d332522a13,1695,14,1,207437,0.2
/Users/soneyeoluwasina/Downloads/Skin/Train/basal cell carcinoma/ISIC_0025718.jpg,065912cfdadf95ad1303a12542eaa7b1,1696,15,1,315654,0.3
/Users/soneyeoluwasina/Downloads/Skin/Train/basal cell carcinoma/ISIC_0029644.jpg,09515f0fa72db8a28664c51591d37bd5,1697,16,1,230904,0.22
/Users/soneyeoluwasina/Downloads/Skin/Train/basal cell carcinoma/ISIC_0028994.jpg,8f286b3e89b9d817fa14c48afb0b00d8,1698,17,1,305295,0.29
/Users/soneyeoluwasina/Downloads/Skin/Train/basal cell carcinoma/ISIC_0028980.jpg,0850dcb69f5d5804b58b2c744b8960b1,1699,18,1,221539,0.21
/Users/soneyeoluwasina/Downloads/Skin/Train/basal cell carcinoma/ISIC_0030659.jpg,5bd1bc8d25ac66724b067cb23c515778,1700,19,1,257279,0.25
/Users/soneyeoluwasina/Downloads/Skin/Train/basal cell carcinoma/ISIC_0026952.jpg,5a9b4192df6b34c8b4fe37f1c6080610,1701,0,1,264959,0.25
/Users/soneyeoluwasina/Downloads/Skin/Train/basal cell carcinoma/ISIC_0026978.jpg,3e7e793a5e2b13c6c924155c616e6fdc,1702,1,1,271580,0.26
/Users/soneyeoluwasina/Downloads/Skin/Train/basal cell carcinoma/ISIC_0030868.jpg,a9db8fd96d10cf9ddd3b2047c0c53a10,1703,2,1,280961,0.27
/Users/soneyeoluwasina/Downloads/Skin/Train/basal cell carcinoma/ISIC_0025530.jpg,d874ebe8842fa9db181a8b5e368cac8f,1704,3,1,260201,0.25
/Users/soneyeoluwasina/Downloads/Skin/Train/basal cell carcinoma/ISIC_0027858.jpg,847a2192f53a6518bd31fa29abc6c7dc,1705,4,1,383700,0.37
/Users/soneyeoluwasina/Downloads/Skin/Train/basal cell carcinoma/ISIC_0028570.jpg,001fcef48551be9f47aea81679da7c15,1706,5,1,295208,0.28
/Users/soneyeoluwasina/Downloads/Skin/Train/basal cell carcinoma/ISIC_0031009.jpg,76c1ef05ff880cfe261c4d318b0442a2,1707,6,1,263712,0.25
/Users/soneyeoluwasina/Downloads/Skin/Train/basal cell carcinoma/ISIC_0026213.jpg,b7f125d89d7dc1209d92e4213f810b9f,1708,7,1,210104,0.2
/Users/soneyeoluwasina/Downloads/Skin/Train/basal cell carcinoma/ISIC_0025691.jpg,4217fb55f83172eadfdea78bb16d2d7c,1709,8,1,217746,0.21
/Users/soneyeoluwasina/Downloads/Skin/Train/basal cell carcinoma/ISIC_0029083.jpg,a77280f67789615e600b15d1f27ca29d,1710,9,1,142276,0.14
/Users/soneyeoluwasina/Downloads/Skin/Train/basal cell carcinoma/ISIC_0024564.jpg,bba6c9c2667be64661e936f746177453,1711,10,1,226423,0.22
/Users/soneyeoluwasina/Downloads/Skin/Train/basal cell carcinoma/ISIC_0030511.jpg,c1814f50aaa9098c7cc6ab64405c3ed9,1712,11,1,284602,0.27
/Users/soneyeoluwasina/Downloads/Skin/Train/basal cell carcinoma/ISIC_0031169.jpg,19ce8750066c8519d069e0b7f0608c9f,1713,12,1,248150,0.24
/Users/soneyeoluwasina/Downloads/Skin/Train/basal cell carcinoma/ISIC_0024799.jpg,020252553ff7ffc795f45666b7198682,1714,13,1,271654,0.26
/Users/soneyeoluwasina/Downloads/Skin/Train/basal cell carcinoma/ISIC_0025322.jpg,9f5eb0a5dd95eaecd8a0d57a5dbf88b6,1715,14,1,196686,0.19
/Users/soneyeoluwasina/Downloads/Skin/Train/basal cell carcinoma/ISIC_0029524.jpg,3fec0884961a0bc4a7150d58fd339536,1716,15,1,243413,0.23
/Users/soneyeoluwasina/Downloads/Skin/Train/basal cell carcinoma/ISIC_0030712.jpg,5c5730cc2aaa7985775e530eec3dca3b,1717,16,1,278618,0.27
/Users/soneyeoluwasina/Downloads/Skin/Train/basal cell carcinoma/ISIC_0026831.jpg,dcfe10982a82f4ec876922fd95ef3c89,1718,17,1,278031,0.27
/Users/soneyeoluwasina/Downloads/Skin/Train/basal cell carcinoma/ISIC_0027291.jpg,bda65690a85cc30a49fa6d2a241da9ee,1719,18,1,250248,0.24
/Users/soneyeoluwasina/Downloads/Skin/Train/basal cell carcinoma/ISIC_0027722.jpg,beafcbf7a16fe5fc2d47202f8bdbba1b,1720,19,1,254181,0.24
/Users/soneyeoluwasina/Downloads/Skin/Train/basal cell carcinoma/ISIC_0031140.jpg,e9f53813f920690b1fc8d6d5daf77873,1721,0,1,222674,0.21
/Users/soneyeoluwasina/Downloads/Skin/Train/basal cell carcinoma/ISIC_0031154.jpg,8cf2692d88aee5da0de0d971023a9383,1722,1,1,246914,0.24
/Users/soneyeoluwasina/Downloads/Skin/Train/basal cell carcinoma/ISIC_0029082.jpg,418b0d7a43d0e463d5f47abb9053208e,1723,9,1,198756,0.19
/Users/soneyeoluwasina/Downloads/Skin/Train/basal cell carcinoma/ISIC_0027093.jpg,d78f4944cfbc354bfe405c97b0e3493a,1724,2,1,132231,0.13
/Users/soneyeoluwasina/Downloads/Skin/Train/basal cell carcinoma/ISIC_0026574.jpg,22ea0f1eb6a2cab1fa1509f70af6a669,1725,3,1,295793,0.28
/Users/soneyeoluwasina/Downloads/Skin/Train/basal cell carcinoma/ISIC_0029647.jpg,2b128d6ae5b201bcb99e2b33ec9d20c3,1726,4,1,353335,0.34
/Users/soneyeoluwasina/Downloads/Skin/Train/basal cell carcinoma/ISIC_0027865.jpg,5dc143ca67ea1a784081a04d666bb1c1,1727,5,1,324741,0.31
/Users/soneyeoluwasina/Downloads/Skin/Train/basal cell carcinoma/ISIC_0029323.jpg,cca56330d5b8f9c77f1817eb2008cbdf,1728,6,1,233506,0.22
/Users/soneyeoluwasina/Downloads/Skin/Train/basal cell carcinoma/ISIC_0030114.jpg,c62385a0d7de702d9fb75bcd26469eb9,1729,7,1,187255,0.18
/Users/soneyeoluwasina/Downloads/Skin/Train/basal cell carcinoma/ISIC_0029337.jpg,8219a4a153095cca5b88e7a16a7bd176,1730,8,1,236383,0.23
/Users/soneyeoluwasina/Downloads/Skin/Train/basal cell carcinoma/ISIC_0031236.jpg,2d6270feede5a4960dde0e6fa160b861,1731,10,1,234846,0.22
/Users/soneyeoluwasina/Downloads/Skin/Train/actinic keratosis/ISIC_0029460.jpg,822bf40ab11ea40b21307071803acedd,1017,0,1,303601,0.29
/Users/soneyeoluwasina/Downloads/Skin/Train/actinic keratosis/ISIC_0031993.jpg,849fd6c26e92e21ffa357fbb9cfc0921,1732,11,1,271815,0.26
/Users/soneyeoluwasina/Downloads/Skin/Train/actinic keratosis/ISIC_0029500.jpg,bb792f0cd76e07c4b4f151358f38a553,1733,12,1,282682,0.27
/Users/soneyeoluwasina/Downloads/Skin/Train/actinic keratosis/ISIC_0026626.jpg,9055a85fd28db6a491ccf372b35ad3a0,1027,10,1,290951,0.28
/Users/soneyeoluwasina/Downloads/Skin/Train/actinic keratosis/ISIC_0032135.jpg,8dc496247822d2e6d3139ab4616f60bd,1734,13,1,246223,0.23
/Users/soneyeoluwasina/Downloads/Skin/Train/actinic keratosis/ISIC_0029930.jpg,8d01c862119e825112711b03a22d8e06,1735,14,1,272562,0.26
/Users/soneyeoluwasina/Downloads/Skin/Train/actinic keratosis/ISIC_0027896.jpg,eb86a4f7ca2a31f9c9ad1fa9272ebcce,1033,19,1,291117,0.28
/Users/soneyeoluwasina/Downloads/Skin/Train/actinic keratosis/ISIC_0033413.jpg,1ed3f076700abb467143cfb77696ddb8,1736,15,1,322234,0.31
/Users/soneyeoluwasina/Downloads/Skin/Train/actinic keratosis/ISIC_0028190.jpg,8681d41f0af5108602eaf45b30ebe423,1049,12,1,252138,0.24
/Users/soneyeoluwasina/Downloads/Skin/Train/actinic keratosis/ISIC_0026625.jpg,dbb6c03925507d948dfc3e9966763bc7,1050,13,1,301284,0.29
/Users/soneyeoluwasina/Downloads/Skin/Train/actinic keratosis/ISIC_0026194.jpg,20404f1c9b230af91d3d85633a051556,1051,14,1,252103,0.24
/Users/soneyeoluwasina/Downloads/Skin/Train/actinic keratosis/ISIC_0028393.jpg,0f3b2b7c571b5d7b5c359c55d7729240,1055,18,1,137807,0.13
/Users/soneyeoluwasina/Downloads/Skin/Train/actinic keratosis/ISIC_0030655.jpg,42b19db2ee5a9aa86f929b457a442633,1737,16,1,283459,0.27
/Users/soneyeoluwasina/Downloads/Skin/Train/actinic keratosis/ISIC_0030133.jpg,f3e0d5f9259cc8d98ac07be1a83d1ec3,1738,17,1,251863,0.24
/Users/soneyeoluwasina/Downloads/Skin/Train/actinic keratosis/ISIC_0033358.jpg,cadb59ea5bf620e30fffe4760f95d81b,1739,1,1,305637,0.29
/Users/soneyeoluwasina/Downloads/Skin/Train/actinic keratosis/ISIC_0030730.jpg,525ee2d6416c7739783b228285d2b81a,1740,2,1,221172,0.21
/Users/soneyeoluwasina/Downloads/Skin/Train/actinic keratosis/ISIC_0031823.jpg,9033db243a638d6b03f508de58349e70,1741,3,1,285743,0.27
/Users/soneyeoluwasina/Downloads/Skin/Train/actinic keratosis/ISIC_0027884.jpg,e1101ece28eeb792657b85fcdb21e342,1084,6,1,241430,0.23
/Users/soneyeoluwasina/Downloads/Skin/Train/actinic keratosis/ISIC_0029659.jpg,0c269b8c4389561dde5a2ac188015d66,1742,4,1,267913,0.26
/Users/soneyeoluwasina/Downloads/Skin/Train/actinic keratosis/ISIC_0030491.jpg,ee903962767418258f0246e6353fed06,1743,13,1,275039,0.26
/Users/soneyeoluwasina/Downloads/Skin/Train/actinic keratosis/ISIC_0031228.jpg,70cf3b8b24b2a3c130195bfe8649bda4,1744,5,1,262459,0.25
/Users/soneyeoluwasina/Downloads/Skin/Train/actinic keratosis/ISIC_0030877.jpg,f9c156d0cee76597442761e9df7e6ca5,1745,7,1,162950,0.16
/Users/soneyeoluwasina/Downloads/Skin/Train/actinic keratosis/ISIC_0029840.jpg,5e4d7b3418ddeccd5f7b2081d9b97828,1746,8,1,262902,0.25
/Users/soneyeoluwasina/Downloads/Skin/Train/actinic keratosis/ISIC_0029713.jpg,e3f5c8cb3a3339b399bd70a636c739ef,1747,9,1,261148,0.25
/Users/soneyeoluwasina/Downloads/Skin/Train/actinic keratosis/ISIC_0030242.jpg,ceeeab3172faa8b521184a4e23513c30,1748,11,1,261845,0.25
/Users/soneyeoluwasina/Downloads/Skin/Train/actinic keratosis/ISIC_0030344.jpg,7eda1d4899bfea7e614222badbadf091,1749,15,1,260862,0.25
/Users/soneyeoluwasina/Downloads/Skin/Train/actinic keratosis/ISIC_0033705.jpg,0ac2a8894450780356a91dfa1e8313eb,1750,16,1,315550,0.3
/Users/soneyeoluwasina/Downloads/Skin/Train/actinic keratosis/ISIC_0026650.jpg,ff881d607cef4ed5b0101916ffb9d93a,1122,8,1,252523,0.24
/Users/soneyeoluwasina/Downloads/Skin/Train/actinic keratosis/ISIC_0029210.jpg,4a9d999da13b01ec91337995b4348b6f,1123,9,1,272519,0.26
/Users/soneyeoluwasina/Downloads/Skin/Train/actinic keratosis/ISIC_0029827.jpg,8939143deda106fdae9c8f43540a33ca,1751,17,1,230800,0.22
/Users/soneyeoluwasina/Downloads/Skin/Train/actinic keratosis/ISIC_0025953.jpg,5b56a7feeeafa1152c0623898048f4b6,1132,18,1,273040,0.26
/Users/soneyeoluwasina/Downloads/Skin/Train/actinic keratosis/ISIC_0026525.jpg,9dcccbb73dc7fe64c66c1bee95ba2f58,1144,11,1,273790,0.26
/Users/soneyeoluwasina/Downloads/Skin/Train/actinic keratosis/ISIC_0025992.jpg,0aff80c88427c39d62340d3339ff9438,1145,12,1,249077,0.24
/Users/soneyeoluwasina/Downloads/Skin/Train/actinic keratosis/ISIC_0025825.jpg,b58f533def130ad88a399ac54537b0f3,1149,16,1,294418,0.28
/Users/soneyeoluwasina/Downloads/Skin/Train/actinic keratosis/ISIC_0026848.jpg,16879939742626f3f4670e00e029d5af,1151,18,1,235871,0.22
/Users/soneyeoluwasina/Downloads/Skin/Train/actinic keratosis/ISIC_0030408.jpg,b6e4ce9a5205c612bcd2af41192b4c7a,1752,19,1,310815,0.3
/Users/soneyeoluwasina/Downloads/Skin/Train/actinic keratosis/ISIC_0029830.jpg,53e7d28acfd31db0db3bff0081a5c172,1753,0,1,259931,0.25
/Users/soneyeoluwasina/Downloads/Skin/Train/actinic keratosis/ISIC_0026040.jpg,f483cae644a4d471ed7018e6a1924220,1160,7,1,245057,0.23
/Users/soneyeoluwasina/Downloads/Skin/Train/actinic keratosis/ISIC_0026905.jpg,ace359c2e89d51ce988d917fca02eb4e,1165,13,1,286887,0.27
/Users/soneyeoluwasina/Downloads/Skin/Train/actinic keratosis/ISIC_0026468.jpg,0f96baf7dbdc076ee1a97eb238e85632,1174,2,1,155738,0.15
/Users/soneyeoluwasina/Downloads/Skin/Train/actinic keratosis/ISIC_0027950.jpg,d77ce0d37ffd974ebb136d101880ce60,1179,7,1,166916,0.16
/Users/soneyeoluwasina/Downloads/Skin/Train/actinic keratosis/ISIC_0030586.jpg,d8e87017be5e2c29aaedb5f48a47c2db,1754,1,1,295806,0.28
/Users/soneyeoluwasina/Downloads/Skin/Train/actinic keratosis/ISIC_0026709.jpg,a6e5bc3f62cb97a59f9c0716611bda20,1190,18,1,301437,0.29
/Users/soneyeoluwasina/Downloads/Skin/Train/actinic keratosis/ISIC_0030143.jpg,dffeac3f66423e78573b592e056c51fc,1755,3,1,243545,0.23
/Users/soneyeoluwasina/Downloads/Skin/Train/actinic keratosis/ISIC_0031922.jpg,5bb86d31188406d3ebceec9eea3a060e,1756,4,1,243237,0.23
/Users/soneyeoluwasina/Downloads/Skin/Train/actinic keratosis/ISIC_0025957.jpg,5477723c5163e6a8c4d9e02342656e34,1195,3,1,260619,0.25
/Users/soneyeoluwasina/Downloads/Skin/Train/actinic keratosis/ISIC_0027615.jpg,37a6cdcf1f5067c1d0cf7fc810015c9f,1196,4,1,263206,0.25
/Users/soneyeoluwasina/Downloads/Skin/Train/actinic keratosis/ISIC_0026457.jpg,eb80c506e5eb36871454a3f05a141c33,1201,10,1,271535,0.26
/Users/soneyeoluwasina/Downloads/Skin/Train/actinic keratosis/ISIC_0032422.jpg,669509a7e06a8092bf7a84474d5f3c4e,1757,5,1,255767,0.24
/Users/soneyeoluwasina/Downloads/Skin/Train/actinic keratosis/ISIC_0030036.jpg,91dc7341ea7156ad96f3a67e91eb5062,1758,6,1,232843,0.22
/Users/soneyeoluwasina/Downloads/Skin/Train/actinic keratosis/ISIC_0027562.jpg,a2c9e899ab41efe11cdab35aae083ed4,1203,11,1,248041,0.24
/Users/soneyeoluwasina/Downloads/Skin/Train/actinic keratosis/ISIC_0032437.jpg,0e184afbb6d668499f86f368f15bfc02,1759,14,1,285451,0.27
/Users/soneyeoluwasina/Downloads/Skin/Train/actinic keratosis/ISIC_0027172.jpg,757cdd12ddf122fe17282632df0a60c4,1209,16,1,254845,0.24
/Users/soneyeoluwasina/Downloads/Skin/Train/actinic keratosis/ISIC_0030142.jpg,ffc321bae2a5bd0754967f321898b1d5,1760,15,1,251334,0.24
/Users/soneyeoluwasina/Downloads/Skin/Train/actinic keratosis/ISIC_0031506.jpg,a036342a2a6c35866ff096dc93759aa0,1761,17,1,301886,0.29
/Users/soneyeoluwasina/Downloads/Skin/Train/actinic keratosis/ISIC_0030826.jpg,f645594cf662c160749ff60e4bb72a1f,1762,19,1,262754,0.25
/Users/soneyeoluwasina/Downloads/Skin/Train/actinic keratosis/ISIC_0031292.jpg,d5c64189b3b638180ae2b09fc825cb80,1763,0,1,257636,0.25
/Users/soneyeoluwasina/Downloads/Skin/Train/actinic keratosis/ISIC_0027802.jpg,d25ce924279dba206ad3d07b789b8977,1219,6,1,229911,0.22
/Users/soneyeoluwasina/Downloads/Skin/Train/actinic keratosis/ISIC_0026857.jpg,cf3b612f90845fa7893941cfd5b499ab,1226,17,1,277681,0.26
/Users/soneyeoluwasina/Downloads/Skin/Train/actinic keratosis/ISIC_0028517.jpg,e67c0593ea5ebc6aa972b094f4bb5a9b,1230,1,1,291607,0.28
/Users/soneyeoluwasina/Downloads/Skin/Train/actinic keratosis/ISIC_0030825.jpg,62f6561f2379e44c25fbba42de782784,1764,2,1,244429,0.23
/Users/soneyeoluwasina/Downloads/Skin/Train/actinic keratosis/ISIC_0025780.jpg,ba2381d69596ee6568e929fde28f8db0,1242,13,1,260942,0.25
/Users/soneyeoluwasina/Downloads/Skin/Train/actinic keratosis/ISIC_0027829.jpg,4f3a2edf3c26f589c0a2d976060bbc58,1244,15,1,222294,0.21
/Users/soneyeoluwasina/Downloads/Skin/Train/actinic keratosis/ISIC_0029025.jpg,39a60e04dbbd4aee97aa585955f7ec72,1248,19,1,265155,0.25
/Users/soneyeoluwasina/Downloads/Skin/Train/actinic keratosis/ISIC_0032404.jpg,bb25ca9e851bf8252e79d580ef24c57f,1765,5,1,265171,0.25
/Users/soneyeoluwasina/Downloads/Skin/Train/actinic keratosis/ISIC_0029781.jpg,8a79b4abf7f6237104200b0018ebd0d7,1766,8,1,237050,0.23
/Users/soneyeoluwasina/Downloads/Skin/Train/actinic keratosis/ISIC_0032206.jpg,699dcad57ac694ceaddb381d128493ef,1767,9,1,264786,0.25
/Users/soneyeoluwasina/Downloads/Skin/Train/actinic keratosis/ISIC_0027958.jpg,6a4a1fb4ee412d2612832a4969b79e20,1263,14,1,304406,0.29
/Users/soneyeoluwasina/Downloads/Skin/Train/actinic keratosis/ISIC_0028854.jpg,30137718fd63cf9f5746a758681c41cf,1267,18,1,277851,0.26
/Users/soneyeoluwasina/Downloads/Skin/Train/actinic keratosis/ISIC_0031108.jpg,8165e131bb4c7a5eb562236a4e158896,1768,10,1,136952,0.13
/Users/soneyeoluwasina/Downloads/Skin/Train/actinic keratosis/ISIC_0029141.jpg,5a4f819c4083faf013091d3576a6ebeb,1272,3,1,236726,0.23
/Users/soneyeoluwasina/Downloads/Skin/Train/actinic keratosis/ISIC_0031040.jpg,fd8a1e93b886731e591dc144c1cb5831,1769,12,1,254051,0.24
/Users/soneyeoluwasina/Downloads/Skin/Train/actinic keratosis/ISIC_0026702.jpg,e851ddf91a303cd70b16eedc1d540a44,1277,6,1,279799,0.27
/Users/soneyeoluwasina/Downloads/Skin/Train/actinic keratosis/ISIC_0033494.jpg,f2e2f5d90941b95d9e9fcb4a5a9c0ac7,1770,0,1,323345,0.31
/Users/soneyeoluwasina/Downloads/Skin/Train/actinic keratosis/ISIC_0028063.jpg,10d023f1d9584349ad664dd00b79ce4d,1281,11,1,265530,0.25
/Users/soneyeoluwasina/Downloads/Skin/Train/actinic keratosis/ISIC_0033866.jpg,761f836de0484c1d72b2b748ac7471f8,1771,1,1,339114,0.32
/Users/soneyeoluwasina/Downloads/Skin/Train/actinic keratosis/ISIC_0031335.jpg,ee06418787edba9820004afbf4c48346,1772,2,1,281890,0.27
/Users/soneyeoluwasina/Downloads/Skin/Train/actinic keratosis/ISIC_0027580.jpg,9070fcc4b8b1b861c84ad008b03a2539,1288,1,1,237879,0.23
/Users/soneyeoluwasina/Downloads/Skin/Train/actinic keratosis/ISIC_0032199.jpg,f921c40e6bf38e7c16a3dcd37123878d,1773,4,1,279119,0.27
/Users/soneyeoluwasina/Downloads/Skin/Train/actinic keratosis/ISIC_0028314.jpg,4133728e571d97738a9fce9b8ffa2629,1289,2,1,277914,0.27
/Users/soneyeoluwasina/Downloads/Skin/Train/actinic keratosis/ISIC_0025803.jpg,8ed19d8653ada4bb450a66916ca67885,1294,8,1,312743,0.3
/Users/soneyeoluwasina/Downloads/Skin/Train/actinic keratosis/ISIC_0026729.jpg,d22e17826f8e63143b894c10cdc5cafd,1299,13,1,246442,0.24
/Users/soneyeoluwasina/Downloads/Skin/Train/actinic keratosis/ISIC_0028076.jpg,0ca2ca99e96f4e859c76de2593a7f4cf,1300,15,1,256847,0.24
/Users/soneyeoluwasina/Downloads/Skin/Train/actinic keratosis/ISIC_0033456.jpg,e423f061bc33f3a2850e08a9e0e4128b,1774,5,1,311131,0.3
/Users/soneyeoluwasina/Downloads/Skin/Train/actinic keratosis/ISIC_0032854.jpg,15ebed1d303dcdddc5b8ebe1855f512a,1775,7,1,212240,0.2
/Users/soneyeoluwasina/Downloads/Skin/Train/actinic keratosis/ISIC_0026149.jpg,a89c6226beba02368141c4c98b1777ae,1305,2,1,231529,0.22
/Users/soneyeoluwasina/Downloads/Skin/Train/actinic keratosis/ISIC_0026765.jpg,b7481e5655d9ca8a5d4c0b4b0304c4fd,1309,5,1,265203,0.25
/Users/soneyeoluwasina/Downloads/Skin/Train/actinic keratosis/ISIC_0028990.jpg,8f56942e016f1b9ee8de34c2af89340c,1310,6,1,272750,0.26
/Users/soneyeoluwasina/Downloads/Skin/Train/actinic keratosis/ISIC_0027447.jpg,8af7322448773fdde01a486f2eaf6104,1311,7,1,282606,0.27
/Users/soneyeoluwasina/Downloads/Skin/Train/actinic keratosis/ISIC_0030463.jpg,2f61dc0cb36cae7498a73e551788191c,1776,9,1,273219,0.26
/Users/soneyeoluwasina/Downloads/Skin/Train/actinic keratosis/ISIC_0031609.jpg,b6c298039e336c30253c405359301d4d,1777,10,1,236977,0.23
/Users/soneyeoluwasina/Downloads/Skin/Train/actinic keratosis/ISIC_0028370.jpg,648f94d4d732f2bf2be6a788dc140fd6,1317,13,1,276804,0.26
/Users/soneyeoluwasina/Downloads/Skin/Train/actinic keratosis/ISIC_0027254.jpg,6be5b72353f573c93ec48c09bfacc483,1318,14,1,313807,0.3
/Users/soneyeoluwasina/Downloads/Skin/Train/actinic keratosis/ISIC_0027650.jpg,536d74596e3129107cecc776f9310038,1323,0,1,245792,0.23
/Users/soneyeoluwasina/Downloads/Skin/Train/actinic keratosis/ISIC_0029133.jpg,ebfcaf0bafa5e589bf27885743ca398b,1324,2,1,299092,0.29
/Users/soneyeoluwasina/Downloads/Skin/Train/actinic keratosis/ISIC_0027334.jpg,a0fb29e4a426f23123380580257de60b,1326,4,1,204831,0.2
/Users/soneyeoluwasina/Downloads/Skin/Train/actinic keratosis/ISIC_0027452.jpg,e9aaa1cb88d4e03db656cf5fab7ca25d,1327,5,1,291471,0.28
/Users/soneyeoluwasina/Downloads/Skin/Train/actinic keratosis/ISIC_0029309.jpg,648d43d51ed10ca78d81a05a0b97180f,1328,6,1,151314,0.14
/Users/soneyeoluwasina/Downloads/Skin/Train/actinic keratosis/ISIC_0026984.jpg,91511f5adad41ee044773f5448a0495f,1329,7,1,258050,0.25
/Users/soneyeoluwasina/Downloads/Skin/Train/actinic keratosis/ISIC_0027668.jpg,4bb94021360da47962bf04e7f70e4837,1331,9,1,321848,0.31
/Users/soneyeoluwasina/Downloads/Skin/Train/actinic keratosis/ISIC_0027536.jpg,fb058adb30a9a7ef4f034bfe050f99fa,1335,13,1,281851,0.27
/Users/soneyeoluwasina/Downloads/Skin/Train/actinic keratosis/ISIC_0028941.jpg,1fdc4e420e813d6027b6195a61a0ece6,1341,9,1,344641,0.33
/Users/soneyeoluwasina/Downloads/Skin/Train/actinic keratosis/ISIC_0033811.jpg,100e192b7588405513b319f011c25bc8,1778,12,1,299715,0.29
/Users/soneyeoluwasina/Downloads/Skin/Train/actinic keratosis/ISIC_0028558.jpg,6fcaaec91260717f04a7c8a8db2fd25a,1342,0,1,202086,0.19
/Users/soneyeoluwasina/Downloads/Skin/Train/actinic keratosis/ISIC_0026575.jpg,9d98ba0666104be648d7cf423256076a,1343,1,1,274739,0.26
/Users/soneyeoluwasina/Downloads/Skin/Train/actinic keratosis/ISIC_0029915.jpg,52a48e94fa261848ca120efb5d0badf1,1779,16,1,250862,0.24
/Users/soneyeoluwasina/Downloads/Skin/Train/actinic keratosis/ISIC_0026171.jpg,9feac2440ece090955547eab3fdfe597,1348,6,1,321683,0.31
/Users/soneyeoluwasina/Downloads/Skin/Train/actinic keratosis/ISIC_0031430.jpg,65dd423492b0867f35c2ddbf283c2d2b,1780,17,1,198820,0.19
/Users/soneyeoluwasina/Downloads/Skin/Train/actinic keratosis/ISIC_0028820.jpg,2c6f50cb2c33c3f1d45e2b0029755c6a,1349,7,1,264410,0.25
/Users/soneyeoluwasina/Downloads/Skin/Train/actinic keratosis/ISIC_0031381.jpg,3ed4f4e8a7e00ba6128bf61b6d2c2694,1781,19,1,246713,0.24
/Users/soneyeoluwasina/Downloads/Skin/Train/actinic keratosis/ISIC_0029041.jpg,83d854dabfffc837b252ccd9ffcd79a9,1350,8,1,284761,0.27
/Users/soneyeoluwasina/Downloads/Skin/Train/actinic keratosis/ISIC_0029900.jpg,c81f820a2d2b248f5f749098ad1dcd66,1782,3,1,283866,0.27
/Users/soneyeoluwasina/Downloads/Skin/Train/actinic keratosis/ISIC_0026212.jpg,62ff45d19e6b588077627209c0a53966,1354,13,1,298308,0.28
/Users/soneyeoluwasina/Downloads/Skin/Train/actinic keratosis/ISIC_0033151.jpg,ed28a651890795a8c6827b2735a1531e,1783,10,1,291736,0.28
/Users/soneyeoluwasina/Downloads/Skin/Train/squamous cell carcinoma/ISIC_0028795.jpg,16d1ee667ff5b86d9d30bcdc67f72c2b,1784,11,1,228741,0.22
/Users/soneyeoluwasina/Downloads/Skin/Train/squamous cell carcinoma/ISIC_0027303.jpg,83429d1aeed256b2f2e00b3b3e4d2fed,1785,12,1,260272,0.25
/Users/soneyeoluwasina/Downloads/Skin/Train/squamous cell carcinoma/ISIC_0029851.jpg,ebabb97d492690103d59bceceb7736af,1786,14,1,296593,0.28
/Users/soneyeoluwasina/Downloads/Skin/Train/squamous cell carcinoma/ISIC_0028232.jpg,1ea22111cdbafc265411ad6a70cf2092,1787,15,1,221697,0.21
/Users/soneyeoluwasina/Downloads/Skin/Train/squamous cell carcinoma/ISIC_0033000.jpg,c68a04f92c9a501663a922197508b43a,1788,16,1,326525,0.31
/Users/soneyeoluwasina/Downloads/Skin/Train/squamous cell carcinoma/ISIC_0029059.jpg,5009b20f51357d966e913e1f300ee597,1789,17,1,243588,0.23
/Users/soneyeoluwasina/Downloads/Skin/Train/squamous cell carcinoma/ISIC_0031012.jpg,cc6ef5ad07f7a87fd0b6bede4295bccf,1790,18,1,245247,0.23
/Users/soneyeoluwasina/Downloads/Skin/Train/squamous cell carcinoma/ISIC_0028231.jpg,edf4a64c44a1b37864925f8f2776aad8,1791,19,1,285520,0.27
/Users/soneyeoluwasina/Downloads/Skin/Train/squamous cell carcinoma/ISIC_0029932.jpg,78e9eb48e4d4a1182e2609a94974f675,1792,3,1,315124,0.3
/Users/soneyeoluwasina/Downloads/Skin/Train/squamous cell carcinoma/ISIC_0029715.jpg,f95b15e093454d9d295a5e57e31f29c4,1793,4,1,263691,0.25
/Users/soneyeoluwasina/Downloads/Skin/Train/squamous cell carcinoma/ISIC_0029067.jpg,86b607e33e1251e010128bb86f07750a,1794,8,1,280100,0.27
/Users/soneyeoluwasina/Downloads/Skin/Train/squamous cell carcinoma/ISIC_0027506.jpg,3a29e06fb3642c39d298dc16ae6606a3,1795,10,1,276600,0.26
/Users/soneyeoluwasina/Downloads/Skin/Train/squamous cell carcinoma/ISIC_0030245.jpg,e9751a7beaa514d781d73d15cf03c247,1796,11,1,204712,0.2
/Users/soneyeoluwasina/Downloads/Skin/Train/squamous cell carcinoma/ISIC_0031198.jpg,780759dfc708f0c560ebc4ae930fdd5d,1797,12,1,250944,0.24
/Users/soneyeoluwasina/Downloads/Skin/Train/squamous cell carcinoma/ISIC_0028224.jpg,8382675e584bcac374764230c27cfa7f,1798,14,1,248778,0.24
/Users/soneyeoluwasina/Downloads/Skin/Train/squamous cell carcinoma/ISIC_0025264.jpg,6a1d8af14a4019f4e9633fd2d6d2646c,1799,15,1,228328,0.22
/Users/soneyeoluwasina/Downloads/Skin/Train/squamous cell carcinoma/ISIC_0031211.jpg,4fa9474bf13cb56ec58d4d87a7b81f30,1800,16,1,264258,0.25
/Users/soneyeoluwasina/Downloads/Skin/Train/squamous cell carcinoma/ISIC_0029462.jpg,8c2b6fd71a3e6df9687241180dab8213,1801,1,1,245527,0.23
/Users/soneyeoluwasina/Downloads/Skin/Train/squamous cell carcinoma/ISIC_0025089.jpg,c7a7e3ec3a4aa0ff19afa8d38b6506fd,1802,17,1,269907,0.26
/Users/soneyeoluwasina/Downloads/Skin/Train/squamous cell carcinoma/ISIC_0026152.jpg,a2681438bdf48d8ad3166cecba66d3be,1803,18,1,300412,0.29
/Users/soneyeoluwasina/Downloads/Skin/Train/squamous cell carcinoma/ISIC_0028816.jpg,128aeb7bafcf1ce138adde6fbb5203c6,1804,19,1,225887,0.22
/Users/soneyeoluwasina/Downloads/Skin/Train/squamous cell carcinoma/ISIC_0027700.jpg,50679dd5aaee5f5cabd01952593b7b84,1805,0,1,278044,0.27
/Users/soneyeoluwasina/Downloads/Skin/Train/squamous cell carcinoma/ISIC_0030297.jpg,667a5d7eeaf05da55fabd0aaae6f6e7e,1806,3,1,275915,0.26
/Users/soneyeoluwasina/Downloads/Skin/Train/squamous cell carcinoma/ISIC_0029315.jpg,0417dd471f63af26b673d29718901611,1807,4,1,215051,0.21
/Users/soneyeoluwasina/Downloads/Skin/Train/squamous cell carcinoma/ISIC_0031570.jpg,40d0554aa0697608cb299d5e3ddaf306,1808,5,1,285497,0.27
/Users/soneyeoluwasina/Downloads/Skin/Train/squamous cell carcinoma/ISIC_0025539.jpg,707086625f2e2f3f3f1a9e6b99bc3fa0,1809,8,1,295390,0.28
/Users/soneyeoluwasina/Downloads/Skin/Train/squamous cell carcinoma/ISIC_0030487.jpg,869467ec020257e47c78f502d33fe1d7,1810,9,1,275887,0.26
/Users/soneyeoluwasina/Downloads/Skin/Train/squamous cell carcinoma/ISIC_0032455.jpg,2385a010b2a9bada71f13c097d54d7fb,1811,10,1,286557,0.27
/Users/soneyeoluwasina/Downloads/Skin/Train/squamous cell carcinoma/ISIC_0025471.jpg,4c1b6690c2f6e794ceaf047a30dbd9ac,1812,11,1,216552,0.21
/Users/soneyeoluwasina/Downloads/Skin/Train/squamous cell carcinoma/ISIC_0026178.jpg,7f8afd54204ade8524e03eda902969e0,1813,12,1,293681,0.28
/Users/soneyeoluwasina/Downloads/Skin/Train/squamous cell carcinoma/ISIC_0027529.jpg,220e3bc416e43629e28e3f3d086caa19,1814,14,1,235340,0.22
/Users/soneyeoluwasina/Downloads/Skin/Train/squamous cell carcinoma/ISIC_0030280.jpg,335f3300d35847e002eb927c9fbf360f,1815,0,1,265658,0.25
/Users/soneyeoluwasina/Downloads/Skin/Train/squamous cell carcinoma/ISIC_0027930.jpg,194528ff2bf150b0b3dd89e79b392ebf,1816,15,1,369675,0.35
/Users/soneyeoluwasina/Downloads/Skin/Train/squamous cell carcinoma/ISIC_0028381.jpg,a54a86ac33b1ffe315e47464e82f49e3,1817,16,1,273211,0.26
/Users/soneyeoluwasina/Downloads/Skin/Train/squamous cell carcinoma/ISIC_0025712.jpg,820b5ba21afc6c28bd761c10fec6f725,1818,17,1,260099,0.25
/Users/soneyeoluwasina/Downloads/Skin/Train/squamous cell carcinoma/ISIC_0031940.jpg,faf7758f4b1ef6d2a39dc10ed9d322f0,1819,18,1,243545,0.23
/Users/soneyeoluwasina/Downloads/Skin/Train/squamous cell carcinoma/ISIC_0030191.jpg,3f2712bdd29cdf648d9e62a6533b9d1e,1820,19,1,249751,0.24
/Users/soneyeoluwasina/Downloads/Skin/Train/squamous cell carcinoma/ISIC_0029371.jpg,ed14605b262cfa29ed49a773f95b9a93,1821,1,1,200901,0.19
/Users/soneyeoluwasina/Downloads/Skin/Train/squamous cell carcinoma/ISIC_0025577.jpg,0ce837c5bac08c8e1f9f9be80dc0a6bf,1822,2,1,238473,0.23
/Users/soneyeoluwasina/Downloads/Skin/Train/squamous cell carcinoma/ISIC_0031927.jpg,5e25f7db35bf64f7f9aa1e1c4fd75789,1823,3,1,262723,0.25
/Users/soneyeoluwasina/Downloads/Skin/Train/squamous cell carcinoma/ISIC_0030387.jpg,e087411cd267b9b8ee767041d90aace1,1824,4,1,208594,0.2
/Users/soneyeoluwasina/Downloads/Skin/Train/squamous cell carcinoma/ISIC_0028872.jpg,ef9264d863aa417b54282b040c8bab00,1825,5,1,234757,0.22
/Users/soneyeoluwasina/Downloads/Skin/Train/squamous cell carcinoma/ISIC_0029563.jpg,f3d6ed3346a5335dc4a9133ee8c3e82c,1826,6,1,277921,0.27
/Users/soneyeoluwasina/Downloads/Skin/Train/squamous cell carcinoma/ISIC_0028132.jpg,326e228d4ed7b509a9d5b3f0245b7475,1827,7,1,254847,0.24
/Users/soneyeoluwasina/Downloads/Skin/Train/squamous cell carcinoma/ISIC_0026645.jpg,34f38567e46f8b1594445faf367e036e,1828,8,1,296803,0.28
/Users/soneyeoluwasina/Downloads/Skin/Train/squamous cell carcinoma/ISIC_0025358.jpg,dd3a15a612afc68f96d4c9524f376942,1829,9,1,228572,0.22
/Users/soneyeoluwasina/Downloads/Skin/Train/squamous cell carcinoma/ISIC_0032397.jpg,c2c5ae9a7e9ccbdf069fd8b339780bc7,1830,10,1,242158,0.23
/Users/soneyeoluwasina/Downloads/Skin/Train/squamous cell carcinoma/ISIC_0031852.jpg,fdd76e126252210198ed55adb90a6279,1831,11,1,263646,0.25
/Users/soneyeoluwasina/Downloads/Skin/Train/squamous cell carcinoma/ISIC_0033869.jpg,21cb5a3a9dca8e4c3e1ab7ee30680abc,1832,12,1,300826,0.29
/Users/soneyeoluwasina/Downloads/Skin/Train/squamous cell carcinoma/ISIC_0031918.jpg,d49c35cc5241ef1516fe5e38512edf14,1833,14,1,276566,0.26
/Users/soneyeoluwasina/Downloads/Skin/Train/squamous cell carcinoma/ISIC_0025831.jpg,d9602765d9cf8db792484e5b1f70fbe8,1834,15,1,210171,0.2
/Users/soneyeoluwasina/Downloads/Skin/Train/squamous cell carcinoma/ISIC_0026492.jpg,2f1f94426e99c5813edbed09137d37f3,1835,16,1,275333,0.26
/Users/soneyeoluwasina/Downloads/Skin/Train/squamous cell carcinoma/ISIC_0032356.jpg,c4e14d9a99d5e61a921a2d957984b031,1836,17,1,237622,0.23
/Users/soneyeoluwasina/Downloads/Skin/Train/squamous cell carcinoma/ISIC_0027767.jpg,c288e7ce0e2a7ab96ca9e74290e823ce,1837,18,1,294972,0.28
/Users/soneyeoluwasina/Downloads/Skin/Train/squamous cell carcinoma/ISIC_0030794.jpg,14dd61c2183b490fbf537cca8664dcf1,1838,19,1,270393,0.26
/Users/soneyeoluwasina/Downloads/Skin/Train/squamous cell carcinoma/ISIC_0032154.jpg,693dd20bd480ca32a29493c5307fa3fa,1839,0,1,227531,0.22
/Users/soneyeoluwasina/Downloads/Skin/Train/squamous cell carcinoma/ISIC_0029549.jpg,0861d93e5b92f7962b09f7e8c73af190,1840,1,1,260942,0.25
/Users/soneyeoluwasina/Downloads/Skin/Train/squamous cell carcinoma/ISIC_0026083.jpg,9c0551076074b8163df007b517e67083,1841,2,1,246340,0.23
/Users/soneyeoluwasina/Downloads/Skin/Train/squamous cell carcinoma/ISIC_0025029.jpg,eceb1f6524f8b41fff887efff19ec2e4,1842,3,1,241591,0.23
/Users/soneyeoluwasina/Downloads/Skin/Train/squamous cell carcinoma/ISIC_0025808.jpg,697ad6987daa08e9d1df825c9a50b0cb,1843,4,1,255832,0.24
/Users/soneyeoluwasina/Downloads/Skin/Train/squamous cell carcinoma/ISIC_0031672.jpg,d87f3a78f8f2bb7a97ad548d8562ab78,1844,5,1,140467,0.13
/Users/soneyeoluwasina/Downloads/Skin/Train/squamous cell carcinoma/ISIC_0030785.jpg,17bce4b9ec2f1909ae5a4755a50907b2,1845,6,1,256927,0.25
/Users/soneyeoluwasina/Downloads/Skin/Train/squamous cell carcinoma/ISIC_0025411.jpg,deccf1f806f09b4e71cdbb851889b8f2,1846,7,1,277038,0.26
/Users/soneyeoluwasina/Downloads/Skin/Train/squamous cell carcinoma/ISIC_0026327.jpg,bcc52f15b30287af8d7383d0337039c5,1847,8,1,282853,0.27
/Users/soneyeoluwasina/Downloads/Skin/Train/squamous cell carcinoma/ISIC_0029362.jpg,32a6cf70c1a2ca906e176532b592d304,1848,9,1,253631,0.24
/Users/soneyeoluwasina/Downloads/Skin/Train/squamous cell carcinoma/ISIC_0028730.jpg,65a2a63c1398a0e44724520b7e25cc5f,1849,10,1,272722,0.26
/Users/soneyeoluwasina/Downloads/Skin/Train/squamous cell carcinoma/ISIC_0029638.jpg,3d5c3e3186769589f59d374859cdf05d,1850,11,1,236056,0.23
/Users/soneyeoluwasina/Downloads/Skin/Train/squamous cell carcinoma/ISIC_0030341.jpg,85ac3792a6dfe9f324a8e6410c5ee0e4,1851,12,1,262729,0.25
/Users/soneyeoluwasina/Downloads/Skin/Train/squamous cell carcinoma/ISIC_0029610.jpg,2073cbcc58eb24a47b693324c274201b,1852,13,1,256969,0.25
/Users/soneyeoluwasina/Downloads/Skin/Train/squamous cell carcinoma/ISIC_0026319.jpg,fa3c33288279f1beed062cf5455c29c8,1853,14,1,261042,0.25
/Users/soneyeoluwasina/Downloads/Skin/Train/squamous cell carcinoma/ISIC_0029002.jpg,35c90abda7e8f43c61214fd77df38c53,1854,15,1,264118,0.25
/Users/soneyeoluwasina/Downloads/Skin/Train/squamous cell carcinoma/ISIC_0031659.jpg,63fc19efd0a23ee4d8e3bc5944f88b13,1855,16,1,209196,0.2
/Users/soneyeoluwasina/Downloads/Skin/Train/squamous cell carcinoma/ISIC_0026872.jpg,d2191a5e89b996bb223473a397a05587,1856,17,1,249932,0.24
/Users/soneyeoluwasina/Downloads/Skin/Train/squamous cell carcinoma/ISIC_0027577.jpg,6908ccc9021e1d1687fe0df1cc19c5c5,1857,18,1,289765,0.28
/Users/soneyeoluwasina/Downloads/Skin/Train/squamous cell carcinoma/ISIC_0028644.jpg,a97927fd8105b0a471db497cdbff9544,1858,19,1,250225,0.24
/Users/soneyeoluwasina/Downloads/Skin/Train/squamous cell carcinoma/ISIC_0029573.jpg,59f1a47a9019c066d2d448c13203605f,1859,0,1,298792,0.28
/Users/soneyeoluwasina/Downloads/Skin/Train/squamous cell carcinoma/ISIC_0026132.jpg,c53f73376c3e0a5750010930a9d14f66,1860,1,1,241201,0.23
/Users/soneyeoluwasina/Downloads/Skin/Train/squamous cell carcinoma/ISIC_0029567.jpg,36f1077125198f0a53d85b2745967d15,1861,2,1,234493,0.22
/Users/soneyeoluwasina/Downloads/Skin/Train/squamous cell carcinoma/ISIC_0029598.jpg,76a07a3baeb1a9dd27eb3a7629191976,1862,3,1,251414,0.24
/Users/soneyeoluwasina/Downloads/Skin/Train/squamous cell carcinoma/ISIC_0028335.jpg,a4babece0522b06696b907aca36d1ea0,1863,4,1,239788,0.23
/Users/soneyeoluwasina/Downloads/Skin/Train/squamous cell carcinoma/ISIC_0030591.jpg,38a4bc3bdda4e240b90cde6eed92b392,1864,5,1,241702,0.23
/Users/soneyeoluwasina/Downloads/Skin/Train/squamous cell carcinoma/ISIC_0026522.jpg,6b71fe83db66f38dd989536e3a1cabf9,1865,6,1,300657,0.29
/Users/soneyeoluwasina/Downloads/Skin/Train/squamous cell carcinoma/ISIC_0031738.jpg,352c24402c9faef8657f6c1706922131,1866,7,1,341113,0.33
/Users/soneyeoluwasina/Downloads/Skin/Train/squamous cell carcinoma/ISIC_0026720.jpg,efa126779028a5d70a5cffbc401d7227,1867,8,1,269559,0.26
/Users/soneyeoluwasina/Downloads/Skin/Train/squamous cell carcinoma/ISIC_0030803.jpg,0a2b56a5c39730f8e55433a8807f2543,1868,9,1,227852,0.22
/Users/soneyeoluwasina/Downloads/Skin/Train/squamous cell carcinoma/ISIC_0031286.jpg,7a06ba746a7b358497caabe17513ec67,1869,10,1,276429,0.26
/Users/soneyeoluwasina/Downloads/Skin/Train/squamous cell carcinoma/ISIC_0029634.jpg,720a223ab8f0af44e0f43ec61d86c3db,1870,11,1,307705,0.29
/Users/soneyeoluwasina/Downloads/Skin/Train/squamous cell carcinoma/ISIC_0030991.jpg,d8748abbe646f40806c35028cf7f4259,1871,3,1,277380,0.26
/Users/soneyeoluwasina/Downloads/Skin/Train/squamous cell carcinoma/ISIC_0025350.jpg,a7a54cdbd441edc3d86968c15c1b898b,1872,12,1,261883,0.25
/Users/soneyeoluwasina/Downloads/Skin/Train/squamous cell carcinoma/ISIC_0030953.jpg,2a1387fa603180c48c2eb3f638dfd7b4,1873,13,1,262889,0.25
/Users/soneyeoluwasina/Downloads/Skin/Train/squamous cell carcinoma/ISIC_0032349.jpg,da1ea8b7140cc9fe6eceb641e09f0a79,1874,14,1,316166,0.3
/Users/soneyeoluwasina/Downloads/Skin/Train/squamous cell carcinoma/ISIC_0026466.jpg,c642b3775389a47e79a3ee41dc98985c,1875,15,1,229436,0.22
/Users/soneyeoluwasina/Downloads/Skin/Train/squamous cell carcinoma/ISIC_0030827.jpg,68d6ac12a20ef4345952445057d24ace,1876,16,1,292535,0.28
/Users/soneyeoluwasina/Downloads/Skin/Train/squamous cell carcinoma/ISIC_0030602.jpg,a62fbad574732f7bc4c1bfdae097f885,1877,17,1,272259,0.26
/Users/soneyeoluwasina/Downloads/Skin/Train/squamous cell carcinoma/ISIC_0030158.jpg,6d9fb9f45697ebbca06fc2f21e8d18be,1878,18,1,255272,0.24
/Users/soneyeoluwasina/Downloads/Skin/Train/squamous cell carcinoma/ISIC_0032203.jpg,d41baf0b7b03ca07f43026339b3bef43,1879,19,1,190046,0.18
/Users/soneyeoluwasina/Downloads/Skin/Train/squamous cell carcinoma/ISIC_0031044.jpg,71c317541ce023ae343453e3872270fe,1880,0,1,287052,0.27
/Users/soneyeoluwasina/Downloads/Skin/Train/squamous cell carcinoma/ISIC_0025637.jpg,81ae14f97a98d2810eee5e16fa37f5da,1881,1,1,254279,0.24
/Users/soneyeoluwasina/Downloads/Skin/Train/squamous cell carcinoma/ISIC_0029582.jpg,3b7722565208e8f74b1d0b1b5782fed0,1882,2,1,214755,0.2
/Users/soneyeoluwasina/Downloads/Skin/Train/squamous cell carcinoma/ISIC_0026100.jpg,61094d297f60ba3e2c93b44f7430d5f0,1883,4,1,236736,0.23
/Users/soneyeoluwasina/Downloads/Skin/Train/squamous cell carcinoma/ISIC_0029541.jpg,7b572fe851ca736fe2479d311a17568d,1884,5,1,249152,0.24
/Users/soneyeoluwasina/Downloads/Skin/Train/squamous cell carcinoma/ISIC_0030986.jpg,7dfbb5628932cc016c89e47717b3997f,1885,2,1,239696,0.23
/Users/soneyeoluwasina/Downloads/Skin/Train/squamous cell carcinoma/ISIC_0027550.jpg,c3814c8ed60fa5f9ca1b517b3b6d6883,1886,6,1,322733,0.31
/Users/soneyeoluwasina/Downloads/Skin/Train/squamous cell carcinoma/ISIC_0024925.jpg,581c26858ce6af383c41c2bfdfaee43b,1887,7,1,227077,0.22
/Users/soneyeoluwasina/Downloads/Skin/Train/squamous cell carcinoma/ISIC_0033295.jpg,32dec9faee0b3b6ca938df5cc88ac7c6,1888,8,1,343364,0.33
/Users/soneyeoluwasina/Downloads/Skin/Train/squamous cell carcinoma/ISIC_0027753.jpg,97d9abcda4933e946cbce0bd0080aa03,1889,9,1,271108,0.26
/Users/soneyeoluwasina/Downloads/Skin/Train/squamous cell carcinoma/ISIC_0030549.jpg,1cbd3a7fc0247e11288007f1cb22d4c9,1890,10,1,204523,0.2
/Users/soneyeoluwasina/Downloads/Skin/Train/squamous cell carcinoma/ISIC_0025178.jpg,03ce5277cfc253bba8270377d96893ff,1891,11,1,260416,0.25
/Users/soneyeoluwasina/Downloads/Skin/Train/squamous cell carcinoma/ISIC_0031119.jpg,7624b2d7870bd5297b31ada2a4256f05,1892,12,1,276004,0.26
/Users/soneyeoluwasina/Downloads/Skin/Train/squamous cell carcinoma/ISIC_0025811.jpg,8d76825ca6045b0a2daa05fe261e1953,1893,13,1,247140,0.24
/Users/soneyeoluwasina/Downloads/Skin/Train/squamous cell carcinoma/ISIC_0029811.jpg,b5446f9ccc3ec90be42ee6c339382a7a,1894,14,1,241944,0.23
/Users/soneyeoluwasina/Downloads/Skin/Train/squamous cell carcinoma/ISIC_0027343.jpg,81d1b2ea31b5b2bc25f8706e564fc16b,1895,15,1,198191,0.19
/Users/soneyeoluwasina/Downloads/Skin/Train/squamous cell carcinoma/ISIC_0032014.jpg,773446b4b6b76ebebe9cc6bf4cd3b515,1896,16,1,258562,0.25
/Users/soneyeoluwasina/Downloads/Skin/Train/squamous cell carcinoma/ISIC_0030175.jpg,ebf4f9a4cc6f7df5378fa8d319a56f42,1897,17,1,247563,0.24
/Users/soneyeoluwasina/Downloads/Skin/Train/squamous cell carcinoma/ISIC_0031874.jpg,0fc8320b759e557e12b730efa08fed70,1898,18,1,227825,0.22
/Users/soneyeoluwasina/Downloads/Skin/Train/squamous cell carcinoma/ISIC_0026138.jpg,ebfda46692fe5d65dd455f9fb74f7fc4,1899,19,1,282695,0.27
/Users/soneyeoluwasina/Downloads/Skin/Train/squamous cell carcinoma/ISIC_0027795.jpg,10b9f3112761168ed89215f597824c5f,1900,0,1,279422,0.27
/Users/soneyeoluwasina/Downloads/Skin/Train/squamous cell carcinoma/ISIC_0025182.jpg,c19102e36f1d2a49651c2cabb3e4aea5,1901,1,1,239924,0.23
/Users/soneyeoluwasina/Downloads/Skin/Train/squamous cell carcinoma/ISIC_0025196.jpg,11acef6c9aaca797f7370ecd330340f4,1902,3,1,247833,0.24
/Users/soneyeoluwasina/Downloads/Skin/Train/squamous cell carcinoma/ISIC_0027178.jpg,8502231619540b33abbc5d59e843ccc6,1903,4,1,277041,0.26
/Users/soneyeoluwasina/Downloads/Skin/Train/squamous cell carcinoma/ISIC_0025948.jpg,ddce63692568b70ed94d3f5588fec5c5,1904,5,1,245472,0.23
/Users/soneyeoluwasina/Downloads/Skin/Train/squamous cell carcinoma/ISIC_0025790.jpg,83629c04a7dc9fdac68346f4d9c93e15,1905,6,1,231865,0.22
/Users/soneyeoluwasina/Downloads/Skin/Train/squamous cell carcinoma/ISIC_0031929.jpg,c3fcda75afeffbf424eb345401582f59,1906,7,1,316502,0.3
/Users/soneyeoluwasina/Downloads/Skin/Train/squamous cell carcinoma/ISIC_0030821.jpg,a07ef68692accba4b25c7aac3bfbb413,1907,8,1,238740,0.23
/Users/soneyeoluwasina/Downloads/Skin/Train/squamous cell carcinoma/ISIC_0026927.jpg,9e6e7666e51f92f1d21d2c111b65b2ef,1908,9,1,249210,0.24
/Users/soneyeoluwasina/Downloads/Skin/Train/squamous cell carcinoma/ISIC_0033084.jpg,5d54896e51c1e36c025c6eb7bb5029c9,1909,10,1,345424,0.33
/Users/soneyeoluwasina/Downloads/Skin/Train/squamous cell carcinoma/ISIC_0032371.jpg,07625c81ed2fa4a09b35938812fb809d,1910,11,1,288114,0.27
/Users/soneyeoluwasina/Downloads/Skin/Train/squamous cell carcinoma/ISIC_0028659.jpg,278de241e1a2e88dbb36b2588792185f,1911,12,1,300921,0.29
/Users/soneyeoluwasina/Downloads/Skin/Train/squamous cell carcinoma/ISIC_0032173.jpg,5358141d7a3754147aabf6158863188d,1912,13,1,261675,0.25
/Users/soneyeoluwasina/Downloads/Skin/Train/squamous cell carcinoma/ISIC_0024710.jpg,7e8720c88bd88e97cff0c915f1fe9ffc,1913,14,1,278974,0.27
/Users/soneyeoluwasina/Downloads/Skin/Train/squamous cell carcinoma/ISIC_0033536.jpg,0e1606ea1df353b7efc01980a9c563e8,1914,15,1,353108,0.34
/Users/soneyeoluwasina/Downloads/Skin/Train/squamous cell carcinoma/ISIC_0027231.jpg,88dc1aaf352dabf97818f13879c757b0,1915,16,1,262257,0.25
/Users/soneyeoluwasina/Downloads/Skin/Train/squamous cell carcinoma/ISIC_0024923.jpg,083cdbd6fb50ce29c9e92b4cc488c398,1916,17,1,210169,0.2
/Users/soneyeoluwasina/Downloads/Skin/Train/squamous cell carcinoma/ISIC_0028499.jpg,fce2f0dc907aa448ce97e1455cbafcb0,1917,18,1,227221,0.22
/Users/soneyeoluwasina/Downloads/Skin/Train/squamous cell carcinoma/ISIC_0031692.jpg,f07e1beaccfb95b9381e1046ece97465,1918,19,1,259660,0.25
/Users/soneyeoluwasina/Downloads/Skin/Train/squamous cell carcinoma/ISIC_0030375.jpg,46be897c2d946e8965726771295a1632,1919,0,1,266829,0.25
/Users/soneyeoluwasina/Downloads/Skin/Train/squamous cell carcinoma/ISIC_0032238.jpg,fe006503013c051fa1bde11ef74ddbeb,1920,1,1,278243,0.27
/Users/soneyeoluwasina/Downloads/Skin/Train/squamous cell carcinoma/ISIC_0031043.jpg,2de483b7358731f28fd24198cccd939e,1921,2,1,253637,0.24
/Users/soneyeoluwasina/Downloads/Skin/Train/squamous cell carcinoma/ISIC_0027184.jpg,bd388f41d4fbc3556994454b1757f480,1922,3,1,262592,0.25
/Users/soneyeoluwasina/Downloads/Skin/Train/squamous cell carcinoma/ISIC_0032947.jpg,7b75eb9ab24ffd6d5cebcf7d59049b50,1923,4,1,338120,0.32
/Users/soneyeoluwasina/Downloads/Skin/Train/squamous cell carcinoma/ISIC_0024843.jpg,da49a62b154afc8ea438814ff6fa0650,1924,5,1,246018,0.23
/Users/soneyeoluwasina/Downloads/Skin/Train/squamous cell carcinoma/ISIC_0025247.jpg,b06376e5ad9b4097965f87d64d33ffd9,1925,6,1,233525,0.22
/Users/soneyeoluwasina/Downloads/Skin/Train/squamous cell carcinoma/ISIC_0028763.jpg,506f6f6f05cc2f38b3a12bba504f0572,1926,7,1,257702,0.25
/Users/soneyeoluwasina/Downloads/Skin/Train/squamous cell carcinoma/ISIC_0032277.jpg,5a96dc1777cc3b0c0fd18fa5868870fc,1927,8,1,276310,0.26
/Users/soneyeoluwasina/Downloads/Skin/Train/squamous cell carcinoma/ISIC_0026362.jpg,5633bbd6035f608a27765e8030d487f9,1928,9,1,264008,0.25
/Users/soneyeoluwasina/Downloads/Skin/Train/squamous cell carcinoma/ISIC_0032897.jpg,3554a175cfabd67e222c732c900962b6,1929,10,1,305489,0.29
/Users/soneyeoluwasina/Downloads/Skin/Train/squamous cell carcinoma/ISIC_0031421.jpg,3d3cba34300956a0c9280dc34bcd847b,1930,11,1,228656,0.22
/Users/soneyeoluwasina/Downloads/Skin/Train/squamous cell carcinoma/ISIC_0028158.jpg,8bbcdd119e3feb24cbac5deebab0941c,1931,12,1,209289,0.2
/Users/soneyeoluwasina/Downloads/Skin/Train/squamous cell carcinoma/ISIC_0027294.jpg,07e8299260faf00a87891521e60f9738,1932,13,1,219829,0.21
/Users/soneyeoluwasina/Downloads/Skin/Train/squamous cell carcinoma/ISIC_0028372.jpg,ab857301458f92d67d91323f6a6e2c45,1933,19,1,265666,0.25
/Users/soneyeoluwasina/Downloads/Skin/Train/squamous cell carcinoma/ISIC_0025130.jpg,433b0240ee925a28d88f58d0b33bc49f,1934,14,1,278052,0.27
/Users/soneyeoluwasina/Downloads/Skin/Train/squamous cell carcinoma/ISIC_0026411.jpg,504866c56e701d60f114b629c2244827,1935,15,1,316243,0.3
/Users/soneyeoluwasina/Downloads/Skin/Train/squamous cell carcinoma/ISIC_0026388.jpg,e932eda10f79364370a71416d4800b3a,1936,16,1,235060,0.22
/Users/soneyeoluwasina/Downloads/Skin/Train/squamous cell carcinoma/ISIC_0031743.jpg,0a51966f04b4a65c7bf6f7beb33441a4,1937,17,1,280118,0.27
/Users/soneyeoluwasina/Downloads/Skin/Train/squamous cell carcinoma/ISIC_0026203.jpg,4e4100d9da4ff8b877334e64f6c4e091,1938,18,1,214863,0.2
/Users/soneyeoluwasina/Downloads/Skin/Train/squamous cell carcinoma/ISIC_0030844.jpg,fe2d87877ad21b9ad3c7c7de25cc6cc1,1939,0,1,266713,0.25
/Users/soneyeoluwasina/Downloads/Skin/Train/squamous cell carcinoma/ISIC_0026981.jpg,d751bf25c5c208e6c33d46bbfbb64394,1940,1,1,259420,0.25
/Users/soneyeoluwasina/Downloads/Skin/Train/squamous cell carcinoma/ISIC_0027719.jpg,14d8ce652c371aca333a129a3d6893bd,1941,2,1,222489,0.21
/Users/soneyeoluwasina/Downloads/Skin/Train/squamous cell carcinoma/ISIC_0029279.jpg,83aeaa1140c1759fac314e330e6c6d25,1942,3,1,275596,0.26
/Users/soneyeoluwasina/Downloads/Skin/Train/squamous cell carcinoma/ISIC_0025331.jpg,00d28c20fd82a1723be0609106e85295,1943,4,1,242362,0.23
/Users/soneyeoluwasina/Downloads/Skin/Train/squamous cell carcinoma/ISIC_0030714.jpg,69eda4d9c652605adf9c2980b3d79599,1944,5,1,221320,0.21
/Users/soneyeoluwasina/Downloads/Skin/Train/squamous cell carcinoma/ISIC_0024946.jpg,4a17b367a2551f0d57f5eb74824c8ca2,1945,6,1,200903,0.19
/Users/soneyeoluwasina/Downloads/Skin/Train/squamous cell carcinoma/ISIC_0032329.jpg,79ff74fa3788a24f632d879127ea6c29,1946,7,1,298971,0.29
/Users/soneyeoluwasina/Downloads/Skin/Train/squamous cell carcinoma/ISIC_0031191.jpg,4188978f8e05ad797335f490af1bfb7b,1947,8,1,291212,0.28
/Users/soneyeoluwasina/Downloads/Skin/Train/squamous cell carcinoma/ISIC_0025696.jpg,57bb63433f9e74811029926cfb692f99,1948,9,1,273851,0.26
/Users/soneyeoluwasina/Downloads/Skin/Train/squamous cell carcinoma/ISIC_0027678.jpg,eb827a03a3128ff8165000db6f31c39a,1949,10,1,273359,0.26
/Users/soneyeoluwasina/Downloads/Skin/Train/squamous cell carcinoma/ISIC_0027708.jpg,c535c5d6f2b332e00a283e1c437f033b,1950,11,1,263985,0.25
/Users/soneyeoluwasina/Downloads/Skin/Train/squamous cell carcinoma/ISIC_0029043.jpg,8bba70f22e0fd1ea9722baffac5da613,1951,12,1,229625,0.22
/Users/soneyeoluwasina/Downloads/Skin/Train/squamous cell carcinoma/ISIC_0029533.jpg,45457f7b8ace56f3243de78cca8f0e32,1952,13,1,231461,0.22
/Users/soneyeoluwasina/Downloads/Skin/Train/squamous cell carcinoma/ISIC_0030076.jpg,7cacf0b7fc68a436c45bc598f39d7c84,1953,14,1,269233,0.26
/Users/soneyeoluwasina/Downloads/Skin/Train/squamous cell carcinoma/ISIC_0029268.jpg,b19f18e5bb47b1f03a4939094a6a86a9,1954,15,1,272901,0.26
/Users/soneyeoluwasina/Downloads/Skin/Train/squamous cell carcinoma/ISIC_0027047.jpg,e449d2da12ee74377f1141481ee3c225,1955,13,1,192148,0.18
/Users/soneyeoluwasina/Downloads/Skin/Train/squamous cell carcinoma/ISIC_0027084.jpg,c5159e51079417e28ca830233b4785be,1956,16,1,238143,0.23
/Users/soneyeoluwasina/Downloads/Skin/Train/squamous cell carcinoma/ISIC_0026549.jpg,489f2019f9546e2854cc4781580598c1,1957,17,1,230687,0.22
/Users/soneyeoluwasina/Downloads/Skin/Train/squamous cell carcinoma/ISIC_0031431.jpg,e2ec1d606b893b4bdbbefb12409605bb,1958,18,1,144295,0.14
/Users/soneyeoluwasina/Downloads/Skin/Train/squamous cell carcinoma/ISIC_0030707.jpg,7b3469e08e90d3bd9354cbbf29df857a,1959,19,1,307168,0.29
/Users/soneyeoluwasina/Downloads/Skin/Train/squamous cell carcinoma/ISIC_0026206.jpg,999a4cee121fbc990b67493943bcd2e0,1960,0,1,240745,0.23
/Users/soneyeoluwasina/Downloads/Skin/Train/squamous cell carcinoma/ISIC_0025069.jpg,bef9743fb7ded0bfca98b0a06d1586d2,1961,1,1,277504,0.26
/Users/soneyeoluwasina/Downloads/Skin/Train/squamous cell carcinoma/ISIC_0029860.jpg,c013b19d0a1077066adbbaf5419799f3,1962,2,1,243250,0.23
/Users/soneyeoluwasina/Downloads/Skin/Train/squamous cell carcinoma/ISIC_0031578.jpg,5e9184c9bac63faddad5f71428896408,1963,3,1,268936,0.26
/Users/soneyeoluwasina/Downloads/Skin/Train/squamous cell carcinoma/ISIC_0026992.jpg,81405e60ae0ecd88e991a2f181d2aebc,1964,4,1,299630,0.29
/Users/soneyeoluwasina/Downloads/Skin/Train/vascular lesion/ISIC_0029448.jpg,dd8c95c0e9cd85a7d0768b6f98f62088,1965,5,1,270124,0.26
/Users/soneyeoluwasina/Downloads/Skin/Train/vascular lesion/ISIC_0031950.jpg,6bf0a2bf2147812d43a591d9aff7d5dd,1966,6,1,268064,0.26
/Users/soneyeoluwasina/Downloads/Skin/Train/vascular lesion/ISIC_0034196.jpg,4671a20586befaf91005ca069ac54da6,1967,7,1,271385,0.26
/Users/soneyeoluwasina/Downloads/Skin/Train/vascular lesion/ISIC_0033969.jpg,7c4773b7faaf32632dfba50ecdf9b720,1968,8,1,265586,0.25
/Users/soneyeoluwasina/Downloads/Skin/Train/vascular lesion/ISIC_0029514.jpg,d123b87e86ea4162c031f54d10f60528,1969,9,1,264340,0.25
/Users/soneyeoluwasina/Downloads/Skin/Train/vascular lesion/ISIC_0033565.jpg,32b05515cb78e5d4ebf3ae1b6a1501b1,1970,10,1,333875,0.32
/Users/soneyeoluwasina/Downloads/Skin/Train/vascular lesion/ISIC_0030722.jpg,87f69d510066ca847f679a2d16f11968,1971,11,1,237174,0.23
/Users/soneyeoluwasina/Downloads/Skin/Train/vascular lesion/ISIC_0025677.jpg,e2acdd7911f02b087806baed47dea8f0,1972,10,1,310235,0.3
/Users/soneyeoluwasina/Downloads/Skin/Train/vascular lesion/ISIC_0027672.jpg,44b9f4a46654a36bfb20699a6407f5e2,1973,12,1,229887,0.22
/Users/soneyeoluwasina/Downloads/Skin/Train/vascular lesion/ISIC_0025924.jpg,a9bdbd64c4aa0c09c34d07d942a7fd83,1974,14,1,219862,0.21
/Users/soneyeoluwasina/Downloads/Skin/Train/vascular lesion/ISIC_0032057.jpg,3595adb69d1cdac93f3e42101ebc1d48,1975,15,1,277567,0.26
/Users/soneyeoluwasina/Downloads/Skin/Train/vascular lesion/ISIC_0033349.jpg,2c17570a76df2634386027b6d9e0b37a,1976,16,1,273436,0.26
/Users/soneyeoluwasina/Downloads/Skin/Train/vascular lesion/ISIC_0027937.jpg,02de03f4743e1fe5623fe4d361a66b45,1977,17,1,277970,0.27
/Users/soneyeoluwasina/Downloads/Skin/Train/vascular lesion/ISIC_0032692.jpg,d74042ac563c25d0a9593668de3f8a50,1978,18,1,285065,0.27
/Users/soneyeoluwasina/Downloads/Skin/Train/vascular lesion/ISIC_0028146.jpg,191bba27e826bf937a381f17f0e86c31,1979,19,1,161132,0.15
/Users/soneyeoluwasina/Downloads/Skin/Train/vascular lesion/ISIC_0029099.jpg,847cc30ac22f6102ddee5d97eae0d7d2,1980,0,1,220522,0.21
/Users/soneyeoluwasina/Downloads/Skin/Train/vascular lesion/ISIC_0027665.jpg,cc97eaee8f9b4260ae5fb50993ea1f87,1981,1,1,280531,0.27
/Users/soneyeoluwasina/Downloads/Skin/Train/vascular lesion/ISIC_0032240.jpg,5cb7a26c0aa5783a250749f3f1df1f19,1982,2,1,255538,0.24
/Users/soneyeoluwasina/Downloads/Skin/Train/vascular lesion/ISIC_0027856.jpg,9ec38887ff773fee941766fa9eeb82e3,1983,3,1,304578,0.29
/Users/soneyeoluwasina/Downloads/Skin/Train/vascular lesion/ISIC_0031215.jpg,17f4d32e25884ed5f4edc760c58beff3,1984,4,1,349860,0.33
/Users/soneyeoluwasina/Downloads/Skin/Train/vascular lesion/ISIC_0031201.jpg,ca46390bf6fb6d8eb1c2bc1a4654dd50,1985,5,1,299813,0.29
/Users/soneyeoluwasina/Downloads/Skin/Train/vascular lesion/ISIC_0031759.jpg,2ca68f4a2c49c37fb6727bdc39d02d28,1986,6,1,214939,0.2
/Users/soneyeoluwasina/Downloads/Skin/Train/vascular lesion/ISIC_0032867.jpg,891314ebda254f3362ea8c7a87af03ed,1987,7,1,300010,0.29
/Users/soneyeoluwasina/Downloads/Skin/Train/vascular lesion/ISIC_0032866.jpg,95f117873fcfcaae594ff40b533e1d9f,1988,8,1,280734,0.27
/Users/soneyeoluwasina/Downloads/Skin/Train/vascular lesion/ISIC_0033991.jpg,dbd57ab0820bca5df8cbcf3d136a9c70,1989,9,1,241667,0.23
/Users/soneyeoluwasina/Downloads/Skin/Train/vascular lesion/ISIC_0033749.jpg,fd8fbc75e664d520393e94a8ce7b3593,1990,11,1,279723,0.27
/Users/soneyeoluwasina/Downloads/Skin/Train/vascular lesion/ISIC_0026393.jpg,5d61f52f09ece1c41d5d14308c3b6faf,1991,12,1,305403,0.29
/Users/soneyeoluwasina/Downloads/Skin/Train/vascular lesion/ISIC_0030283.jpg,1a92567ff0a8fa05b69db56cf5f7de0b,1992,13,1,303389,0.29
/Users/soneyeoluwasina/Downloads/Skin/Train/vascular lesion/ISIC_0025249.jpg,abc8bf0b2db69146ebeca8dffb82f3ba,1993,14,1,317264,0.3
/Users/soneyeoluwasina/Downloads/Skin/Train/vascular lesion/ISIC_0031955.jpg,d791b7f9d887b39ee49d3899a7daf9e4,1994,1,1,329324,0.31
/Users/soneyeoluwasina/Downloads/Skin/Train/vascular lesion/ISIC_0025707.jpg,641988023e14f2f1500795eb90bb88e3,1995,15,1,305013,0.29
/Users/soneyeoluwasina/Downloads/Skin/Train/vascular lesion/ISIC_0031996.jpg,c6831644d47e6bd9ff28d5c8c1487281,1996,16,1,274915,0.26
/Users/soneyeoluwasina/Downloads/Skin/Train/vascular lesion/ISIC_0028431.jpg,01dfd564220a5eec5f64d20bece4c0fb,1997,17,1,356963,0.34
/Users/soneyeoluwasina/Downloads/Skin/Train/vascular lesion/ISIC_0024747.jpg,a32307f30a5cfc7008c3ba2391ab16fd,1998,18,1,247264,0.24
/Users/soneyeoluwasina/Downloads/Skin/Train/vascular lesion/ISIC_0033762.jpg,9d25b28dc5eef311f85a19fb551e3ffe,1999,19,1,340483,0.32
/Users/soneyeoluwasina/Downloads/Skin/Train/vascular lesion/ISIC_0033158.jpg,e299a5067d8ddc34e6f05156faa131b4,2000,0,1,289894,0.28
/Users/soneyeoluwasina/Downloads/Skin/Train/vascular lesion/ISIC_0031217.jpg,ff5e73d5a4f58a44c46925e37494be12,2001,2,1,209729,0.2
/Users/soneyeoluwasina/Downloads/Skin/Train/vascular lesion/ISIC_0032745.jpg,46ca52bfc6a8d340eb6cea61af22c9af,2002,3,1,321399,0.31
/Users/soneyeoluwasina/Downloads/Skin/Train/vascular lesion/ISIC_0024669.jpg,19d0c9ce64d5320a452ede13011b1cc7,2003,4,1,278519,0.27
/Users/soneyeoluwasina/Downloads/Skin/Train/vascular lesion/ISIC_0031270.jpg,51b7768d1acbeb09f512635d5af6e2d3,2004,5,1,214822,0.2
/Users/soneyeoluwasina/Downloads/Skin/Train/vascular lesion/ISIC_0031648.jpg,3d99161e0eee4c1dc5bf29463abd56da,2005,18,1,410096,0.39
/Users/soneyeoluwasina/Downloads/Skin/Train/vascular lesion/ISIC_0026693.jpg,84a52e5383fe9b088f13d8065b557231,2006,6,1,280670,0.27
/Users/soneyeoluwasina/Downloads/Skin/Train/vascular lesion/ISIC_0026876.jpg,218fb860415f12473fde977228f2915d,2007,7,1,211022,0.2
/Users/soneyeoluwasina/Downloads/Skin/Train/vascular lesion/ISIC_0025628.jpg,2c1076efb8606b7c0118ca6c8c447d00,2008,8,1,311953,0.3
/Users/soneyeoluwasina/Downloads/Skin/Train/vascular lesion/ISIC_0026490.jpg,aade7b28a6f710241d0d283f70002794,2009,9,1,316923,0.3
/Users/soneyeoluwasina/Downloads/Skin/Train/vascular lesion/ISIC_0024867.jpg,aff538ce1fa790958ec9f4c6454341ca,2010,10,1,310701,0.3
/Users/soneyeoluwasina/Downloads/Skin/Train/vascular lesion/ISIC_0033458.jpg,9ac132be68f4438b53e2a00c3719817e,2011,11,1,306421,0.29
/Users/soneyeoluwasina/Downloads/Skin/Train/vascular lesion/ISIC_0031065.jpg,5669493d0c5c673c6094d68c1c5d289a,2012,12,1,308179,0.29
/Users/soneyeoluwasina/Downloads/Skin/Train/vascular lesion/ISIC_0027983.jpg,c0ec9560907cc16b6eabde273897c3cc,2013,13,1,251905,0.24
/Users/soneyeoluwasina/Downloads/Skin/Train/vascular lesion/ISIC_0024904.jpg,bdef76593a47773f7be0bbb1900dd4c0,2014,14,1,223403,0.21
/Users/soneyeoluwasina/Downloads/Skin/Train/vascular lesion/ISIC_0028680.jpg,a5e29d690a632d13dcc2fe91a8b88c69,2015,15,1,316434,0.3
/Users/soneyeoluwasina/Downloads/Skin/Train/vascular lesion/ISIC_0026336.jpg,9af5f0dc4ac8a91833da3f80bfc52a6e,2016,16,1,294840,0.28
/Users/soneyeoluwasina/Downloads/Skin/Train/vascular lesion/ISIC_0032545.jpg,7cd2ce4ffbe8bfb4eef7a08610442047,2017,17,1,334943,0.32
/Users/soneyeoluwasina/Downloads/Skin/Train/vascular lesion/ISIC_0026068.jpg,f33a6e15c570e1fb96c1893347af4828,2018,19,1,264583,0.25
/Users/soneyeoluwasina/Downloads/Skin/Train/vascular lesion/ISIC_0031276.jpg,267beccd1fccbd0bfd30bb570e773480,2019,0,1,308438,0.29
/Users/soneyeoluwasina/Downloads/Skin/Train/vascular lesion/ISIC_0029439.jpg,6efadeb520d525939e95ddb2acfa8024,2020,1,1,297285,0.28
/Users/soneyeoluwasina/Downloads/Skin/Train/vascular lesion/ISIC_0033844.jpg,bc7f3befed168602f83567d212f6ac82,2021,2,1,270199,0.26
/Users/soneyeoluwasina/Downloads/Skin/Train/vascular lesion/ISIC_0031706.jpg,c9b5d0122e38a4f346528e02b60968b3,2022,3,1,331436,0.32
/Users/soneyeoluwasina/Downloads/Skin/Train/vascular lesion/ISIC_0032409.jpg,c69cb2e750399c490ce82974dda9e875,2023,4,1,319273,0.3
/Users/soneyeoluwasina/Downloads/Skin/Train/vascular lesion/ISIC_0032839.jpg,524a921561cb69e95c1de8da07e10fe9,2024,5,1,330165,0.31
/Users/soneyeoluwasina/Downloads/Skin/Train/vascular lesion/ISIC_0025606.jpg,e906fdbc010c613cd5a68cc1a021aa29,2025,6,1,323667,0.31
/Users/soneyeoluwasina/Downloads/Skin/Train/vascular lesion/ISIC_0025612.jpg,aa238429caed2c9e7d9cde5c27ff5309,2026,7,1,319530,0.3
/Users/soneyeoluwasina/Downloads/Skin/Train/vascular lesion/ISIC_0027159.jpg,a19b100c7c9152b71cee0df0dbf8ebda,2027,8,1,235058,0.22
/Users/soneyeoluwasina/Downloads/Skin/Train/vascular lesion/ISIC_0029404.jpg,fd8d93cbf4d8ea21f9cd7f8d3fcbbab3,2028,9,1,249660,0.24
/Users/soneyeoluwasina/Downloads/Skin/Train/vascular lesion/ISIC_0026092.jpg,d0ed57f909fdc1b662434af3da4d265d,2029,10,1,294168,0.28
/Users/soneyeoluwasina/Downloads/Skin/Train/vascular lesion/ISIC_0025599.jpg,0caf1711e4abe35afffd7cfb0bee01be,2030,11,1,206312,0.2
/Users/soneyeoluwasina/Downloads/Skin/Train/vascular lesion/ISIC_0031103.jpg,9d1bdb42ecb87bfb7d6c84527ce2a39e,2031,12,1,309759,0.3
/Users/soneyeoluwasina/Downloads/Skin/Train/vascular lesion/ISIC_0027563.jpg,6190f0e002d44e53f8854e39f23ff1a9,2032,13,1,331810,0.32
/Users/soneyeoluwasina/Downloads/Skin/Train/vascular lesion/ISIC_0027210.jpg,f5a38c953d1a1ba7d1549735b5daa150,2033,14,1,208154,0.2
/Users/soneyeoluwasina/Downloads/Skin/Train/vascular lesion/ISIC_0026456.jpg,538dc2beace2e44e76c37a93d797215a,2034,15,1,225949,0.22
/Users/soneyeoluwasina/Downloads/Skin/Train/vascular lesion/ISIC_0032557.jpg,ad4278349fddeb6d8064b9f7062710ac,2035,16,1,319293,0.3
/Users/soneyeoluwasina/Downloads/Skin/Train/vascular lesion/ISIC_0028714.jpg,38c18b4a356fca2472367d9b06a23942,2036,17,1,263183,0.25
/Users/soneyeoluwasina/Downloads/Skin/Train/vascular lesion/ISIC_0031090.jpg,bb26de0939f6a3e01d259e74cd8c4861,2037,18,1,272521,0.26
/Users/soneyeoluwasina/Downloads/Skin/Train/vascular lesion/ISIC_0029608.jpg,a38ad0c509363e538b516de699ba5465,2038,19,1,219575,0.21
/Users/soneyeoluwasina/Downloads/Skin/Train/vascular lesion/ISIC_0025807.jpg,4d51543b48e6ebaf319468b4fad6d68b,2039,0,1,218604,0.21
/Users/soneyeoluwasina/Downloads/Skin/Train/vascular lesion/ISIC_0026467.jpg,a577110355712a15a25c7ba0e427ae0f,2040,1,1,284485,0.27
/Users/soneyeoluwasina/Downloads/Skin/Train/vascular lesion/ISIC_0033254.jpg,3fd3d7161fc322ec0484e50e5c87da9d,2041,2,1,299812,0.29
/Users/soneyeoluwasina/Downloads/Skin/Train/vascular lesion/ISIC_0028885.jpg,38c475849760d8fcff407de73bf687dd,2042,3,1,313142,0.3
/Users/soneyeoluwasina/Downloads/Skin/Train/vascular lesion/ISIC_0033123.jpg,b79a284e201be720dc0b4bcd27ad2c0c,2043,4,1,234657,0.22
/Users/soneyeoluwasina/Downloads/Skin/Train/vascular lesion/ISIC_0025596.jpg,fc3fc16e5ba225ebb175f89de444c56f,2044,5,1,316201,0.3
/Users/soneyeoluwasina/Downloads/Skin/Train/vascular lesion/ISIC_0031093.jpg,d057faa7de93b81eaf184b3a558e6433,2045,6,1,252108,0.24
/Users/soneyeoluwasina/Downloads/Skin/Train/vascular lesion/ISIC_0024475.jpg,3789f38325b1a920e2c6fd53fab94f54,2046,7,1,345778,0.33
/Users/soneyeoluwasina/Downloads/Skin/Train/vascular lesion/ISIC_0033135.jpg,4e5ba3b0c9e8d14f3b389c5430a6e887,2047,8,1,267430,0.26
/Users/soneyeoluwasina/Downloads/Skin/Train/vascular lesion/ISIC_0029742.jpg,6965fdadc0ef7bfa51d1fa1f28d6954d,2048,9,1,315205,0.3
/Users/soneyeoluwasina/Downloads/Skin/Train/vascular lesion/ISIC_0027790.jpg,445127fd78a16ca152c687c711f91f6c,2049,10,1,419999,0.4
/Users/soneyeoluwasina/Downloads/Skin/Train/vascular lesion/ISIC_0033450.jpg,9eb4c8d1d9139c6e5ee39137a8685fc0,2050,11,1,293418,0.28
/Users/soneyeoluwasina/Downloads/Skin/Train/vascular lesion/ISIC_0026713.jpg,1d6929354ad21f725c08ed081177387f,2051,12,1,307837,0.29
/Users/soneyeoluwasina/Downloads/Skin/Train/vascular lesion/ISIC_0024662.jpg,6c572782fbb882d8d9392fa92a8d20c1,2052,13,1,340087,0.32
/Users/soneyeoluwasina/Downloads/Skin/Train/vascular lesion/ISIC_0025578.jpg,3fc80deffb3133c751143ebcdf6b8396,2053,14,1,253654,0.24
/Users/soneyeoluwasina/Downloads/Skin/Train/vascular lesion/ISIC_0025197.jpg,c30c667222262f5ceedde2a6d6964e66,2054,15,1,218515,0.21
/Users/soneyeoluwasina/Downloads/Skin/Train/vascular lesion/ISIC_0024706.jpg,6ae68b177ba66f849074cbb50f42d608,2055,16,1,268668,0.26
/Users/soneyeoluwasina/Downloads/Skin/Train/vascular lesion/ISIC_0025425.jpg,08431960bfad1bb7be48ec0005f63b36,2056,17,1,281532,0.27
/Users/soneyeoluwasina/Downloads/Skin/Train/vascular lesion/ISIC_0033092.jpg,9e02ab97e31af1e0610402288910cfa2,2057,18,1,329103,0.31
/Users/soneyeoluwasina/Downloads/Skin/Train/vascular lesion/ISIC_0031901.jpg,dab43e8c908bca1f601daa4bbf4adcb0,2058,19,1,301787,0.29
/Users/soneyeoluwasina/Downloads/Skin/Train/vascular lesion/ISIC_0030606.jpg,51564bd3128b808bf1a6d8c6edd88a35,2059,0,1,206816,0.2
/Users/soneyeoluwasina/Downloads/Skin/Train/vascular lesion/ISIC_0027385.jpg,e28bdac537133375943c3c4397dae15c,2060,1,1,261022,0.25
/Users/soneyeoluwasina/Downloads/Skin/Train/vascular lesion/ISIC_0032775.jpg,f5cf270724f0dd6b5bbbb8e941a99e67,2061,2,1,311462,0.3
/Users/soneyeoluwasina/Downloads/Skin/Train/vascular lesion/ISIC_0030770.jpg,08a6bdad02ecc857f3cfece3c536b004,2062,3,1,258147,0.25
/Users/soneyeoluwasina/Downloads/Skin/Train/vascular lesion/ISIC_0032614.jpg,e659e38528f165c4ce911fb21e5f6cde,2063,4,1,275150,0.26
/Users/soneyeoluwasina/Downloads/Skin/Train/vascular lesion/ISIC_0030956.jpg,ab675218b9751dadfff4744417a770e0,2064,5,1,264566,0.25
/Users/soneyeoluwasina/Downloads/Skin/Train/vascular lesion/ISIC_0031719.jpg,a6e25d7abdb6cc3bd964b80cec772b71,2065,6,1,213710,0.2
/Users/soneyeoluwasina/Downloads/Skin/Train/vascular lesion/ISIC_0030104.jpg,367c72ed0cf11fd6ceb5c68d94726f7f,2066,2,1,310675,0.3
/Users/soneyeoluwasina/Downloads/Skin/Train/vascular lesion/ISIC_0025680.jpg,20a3666b0e9d479d14e5536ab20b4f46,2067,7,1,264592,0.25
/Users/soneyeoluwasina/Downloads/Skin/Train/vascular lesion/ISIC_0030070.jpg,64392bb8bae318d9bc27fc439661c648,2068,8,1,204815,0.2
/Users/soneyeoluwasina/Downloads/Skin/Train/vascular lesion/ISIC_0027256.jpg,f3ffc50c6377f568e2e43cc5066b9762,2069,9,1,239509,0.23
/Users/soneyeoluwasina/Downloads/Skin/Train/vascular lesion/ISIC_0031346.jpg,6016b204e520e751962ec93e26b2000e,2070,10,1,273377,0.26
/Users/soneyeoluwasina/Downloads/Skin/Train/vascular lesion/ISIC_0032538.jpg,da476850c815e4cbd8f0995f4e8d403a,2071,11,1,285930,0.27
/Users/soneyeoluwasina/Downloads/Skin/Train/vascular lesion/ISIC_0032076.jpg,d6f18c4c9e401be25e85f4447fefb044,2072,12,1,263060,0.25
/Users/soneyeoluwasina/Downloads/Skin/Train/vascular lesion/ISIC_0025244.jpg,8744e186640ec9a614aa9c01ebd83f99,2073,13,1,310905,0.3
/Users/soneyeoluwasina/Downloads/Skin/Train/vascular lesion/ISIC_0025250.jpg,7bfe3e8e40c051ca5bb0ae46820482bd,2074,14,1,319053,0.3
/Users/soneyeoluwasina/Downloads/Skin/Train/vascular lesion/ISIC_0033817.jpg,675998ac80f5a650b20072aea86893b6,2075,15,1,272243,0.26
/Users/soneyeoluwasina/Downloads/Skin/Train/vascular lesion/ISIC_0025873.jpg,5154ea59ed66ffd0581e4adf9ff0fa36,2076,16,1,198085,0.19
/Users/soneyeoluwasina/Downloads/Skin/Train/vascular lesion/ISIC_0026349.jpg,47239ad7ff201a33595b095659cc2f80,2077,17,1,258387,0.25
/Users/soneyeoluwasina/Downloads/Skin/Train/vascular lesion/ISIC_0033591.jpg,582c48e4e8a947e806d2ccc0fc29b704,2078,18,1,277394,0.26
/Users/soneyeoluwasina/Downloads/Skin/Train/vascular lesion/ISIC_0026163.jpg,8faf803b5da07aeeaf83f94a09159b95,2079,19,1,207775,0.2
/Users/soneyeoluwasina/Downloads/Skin/Train/vascular lesion/ISIC_0027269.jpg,c263a396ef718266d47de78713b171c8,2080,0,1,268159,0.26
/Users/soneyeoluwasina/Downloads/Skin/Train/vascular lesion/ISIC_0034214.jpg,5f4cdcfedf945df94daf019b453c3ed0,2081,1,1,328454,0.31
/Users/soneyeoluwasina/Downloads/Skin/Train/vascular lesion/ISIC_0027903.jpg,607b800eb45d2fa92fbc607812671d2b,2082,3,1,210731,0.2
/Users/soneyeoluwasina/Downloads/Skin/Train/vascular lesion/ISIC_0027888.jpg,86c337d73171561c00a0268c8b643d9b,2083,4,1,311578,0.3
/Users/soneyeoluwasina/Downloads/Skin/Train/vascular lesion/ISIC_0032932.jpg,c185ca6466ffc829b6fb88084a9beaab,2084,5,1,316590,0.3
/Users/soneyeoluwasina/Downloads/Skin/Train/vascular lesion/ISIC_0032715.jpg,a8462e0381b92b4a766516f684f45d27,2085,6,1,238648,0.23
/Users/soneyeoluwasina/Downloads/Skin/Train/vascular lesion/ISIC_0029889.jpg,8cbd455a8e6b1dc558c23849648ac9e9,2086,7,1,224232,0.21
/Users/soneyeoluwasina/Downloads/Skin/Train/vascular lesion/ISIC_0028188.jpg,e0695f030056ddbea2dccd2a27a560a6,2087,8,1,207272,0.2
/Users/soneyeoluwasina/Downloads/Skin/Train/vascular lesion/ISIC_0027522.jpg,d00d90601cddecc612d07553580c9095,2088,9,1,323722,0.31
/Users/soneyeoluwasina/Downloads/Skin/Train/vascular lesion/ISIC_0028163.jpg,0bd9f9afc7868e92372bf6770232a7a3,2089,10,1,269548,0.26
/Users/soneyeoluwasina/Downloads/Skin/Train/vascular lesion/ISIC_0025321.jpg,98c77f46bded4c0a9cd75942e4dc75ff,2090,11,1,262455,0.25
/Users/soneyeoluwasina/Downloads/Skin/Train/vascular lesion/ISIC_0032890.jpg,bb0095f20e08056b1b05170fca35c9ed,2091,12,1,263773,0.25
/Users/soneyeoluwasina/Downloads/Skin/Train/vascular lesion/ISIC_0025452.jpg,7308f898f97fceacf0e51d4ff2787b83,2092,13,1,268274,0.26
/Users/soneyeoluwasina/Downloads/Skin/Train/vascular lesion/ISIC_0033230.jpg,accf6e81e69611192755dc1c3b089687,2093,14,1,336415,0.32
/Users/soneyeoluwasina/Downloads/Skin/Train/vascular lesion/ISIC_0030275.jpg,284efd3bcab9451c0e9c1653fa3c0892,2094,15,1,231360,0.22
/Users/soneyeoluwasina/Downloads/Skin/Train/vascular lesion/ISIC_0028406.jpg,3ed37d8f115665b2e388b84b14d617ec,2095,16,1,312053,0.3
/Users/soneyeoluwasina/Downloads/Skin/Train/vascular lesion/ISIC_0033608.jpg,f442a51e45cf78a14cc32ba2a7a75c3f,2096,17,1,264116,0.25
/Users/soneyeoluwasina/Downloads/Skin/Train/vascular lesion/ISIC_0032270.jpg,4537abded4ae0f329cd44957e5a930d3,2097,18,1,305510,0.29
/Users/soneyeoluwasina/Downloads/Skin/Train/vascular lesion/ISIC_0029877.jpg,665efbb4b7d618e68e3584a5154ce09d,2098,19,1,344812,0.33
/Users/soneyeoluwasina/Downloads/Skin/Train/vascular lesion/ISIC_0032919.jpg,969d926f704926a35eff3533ce768d6d,2099,0,1,283241,0.27
/Users/soneyeoluwasina/Downloads/Skin/Train/vascular lesion/ISIC_0033031.jpg,8c4bbf15a0197821a59b3d36d98dbaf7,2100,1,1,308421,0.29
/Users/soneyeoluwasina/Downloads/Skin/Train/vascular lesion/ISIC_0031197.jpg,6b615129bdd0224d032dc5fc391f9736,2101,2,1,215557,0.21
/Users/soneyeoluwasina/Downloads/Skin/Train/vascular lesion/ISIC_0030882.jpg,527ebe67478920100ce863a3ad2fe01f,2102,3,1,267330,0.25
/Users/soneyeoluwasina/Downloads/Skin/Train/vascular lesion/ISIC_0029486.jpg,d044cbb966f9df9a84183a251b2bc554,2103,4,1,281680,0.27
/Users/soneyeoluwasina/Downloads/Skin/Train/seborrheic keratosis/ISIC_0011128.jpg,298981c01f56f9ac3fd699fd45933845,120,19,1,172168,0.16
/Users/soneyeoluwasina/Downloads/Skin/Train/seborrheic keratosis/ISIC_0011077.jpg,96a6ee86c712c1198928b1de0e80bfd7,159,17,1,230189,0.22
/Users/soneyeoluwasina/Downloads/Skin/Train/seborrheic keratosis/ISIC_0010977.jpg,721ba2f6424f744a1527532989ce99f4,168,6,1,181421,0.17
/Users/soneyeoluwasina/Downloads/Skin/Train/seborrheic keratosis/ISIC_0011112.jpg,2512a5ed173df2637254804b111ed34d,175,14,1,196660,0.19
/Users/soneyeoluwasina/Downloads/Skin/Train/seborrheic keratosis/ISIC_0011099.jpg,f5041d7a60ae22f485e3ebc239c248fb,187,6,1,231164,0.22
/Users/soneyeoluwasina/Downloads/Skin/Train/seborrheic keratosis/ISIC_0010812.jpg,c77ad5e0aa02376b1bd7dd1e3b83e480,193,13,1,234772,0.22
/Users/soneyeoluwasina/Downloads/Skin/Train/seborrheic keratosis/ISIC_0011139.jpg,a22296d84093e9c8a00d9f91f79f8f52,209,9,1,192380,0.18
/Users/soneyeoluwasina/Downloads/Skin/Train/seborrheic keratosis/ISIC_0010810.jpg,760957534ac17540daf56ef66ac1f133,215,15,1,159089,0.15
/Users/soneyeoluwasina/Downloads/Skin/Train/seborrheic keratosis/ISIC_0010965.jpg,ddeaebc9605497cddd6dc71537006f80,225,5,1,180382,0.17
/Users/soneyeoluwasina/Downloads/Skin/Train/seborrheic keratosis/ISIC_0010971.jpg,94e4f9566a1f25607bacc37a0ee17e69,226,6,1,38917,0.04
/Users/soneyeoluwasina/Downloads/Skin/Train/seborrheic keratosis/ISIC_0011138.jpg,2a820468dc7e600f35311b35b62c3d3d,233,13,1,196164,0.19
/Users/soneyeoluwasina/Downloads/Skin/Train/seborrheic keratosis/ISIC_0011163.jpg,b72b9e87d8ac6870fe46eea2b1209d01,238,18,1,135398,0.13
/Users/soneyeoluwasina/Downloads/Skin/Train/seborrheic keratosis/ISIC_0010862.jpg,63e517480453a5418d9dfd69ea920a7d,246,6,1,165423,0.16
/Users/soneyeoluwasina/Downloads/Skin/Train/seborrheic keratosis/ISIC_0010876.jpg,91b3ae51911b2d4fca8d8428e3024883,247,7,1,164468,0.16
/Users/soneyeoluwasina/Downloads/Skin/Train/seborrheic keratosis/ISIC_0010863.jpg,bab16e71da2e2ba98977529db3047832,250,10,1,187724,0.18
/Users/soneyeoluwasina/Downloads/Skin/Train/seborrheic keratosis/ISIC_0010917.jpg,94fbd086e4164bfa0655f8bf8baefc2d,252,12,1,63265,0.06
/Users/soneyeoluwasina/Downloads/Skin/Train/seborrheic keratosis/ISIC_0011176.jpg,5a2a943757f49591dcb7b53b87d9e66c,259,19,1,156698,0.15
/Users/soneyeoluwasina/Downloads/Skin/Train/seborrheic keratosis/ISIC_0011174.jpg,b743844c484701c0459b65d224ee84f7,262,2,1,194129,0.19
/Users/soneyeoluwasina/Downloads/Skin/Train/seborrheic keratosis/ISIC_0010860.jpg,d5e19e891301c5273fd719d68c435fd6,279,19,1,190344,0.18
/Users/soneyeoluwasina/Downloads/Skin/Train/seborrheic keratosis/ISIC_0010900.jpg,b8b2cfa12ebe0af268bf47aa07a413de,283,3,1,220006,0.21
/Users/soneyeoluwasina/Downloads/Skin/Train/seborrheic keratosis/ISIC_0011161.jpg,70bbd3d798e42182860180b8dff96f66,288,8,1,170118,0.16
/Users/soneyeoluwasina/Downloads/Skin/Train/seborrheic keratosis/ISIC_0010938.jpg,dea4f4d6363ad135312defebac34bbbd,294,14,1,191954,0.18
/Users/soneyeoluwasina/Downloads/Skin/Train/seborrheic keratosis/ISIC_0011039.jpg,a61104433dad20a335fb5f289dd77621,302,2,1,232984,0.22
/Users/soneyeoluwasina/Downloads/Skin/Train/seborrheic keratosis/ISIC_0011158.jpg,795f69c6fbddbdaebac4efcd29a2fcdf,313,13,1,192562,0.18
/Users/soneyeoluwasina/Downloads/Skin/Train/seborrheic keratosis/ISIC_0011166.jpg,5286f0d6aa444711949c607a43a79969,315,16,1,214523,0.2
/Users/soneyeoluwasina/Downloads/Skin/Train/seborrheic keratosis/ISIC_0010898.jpg,cc11b61ffb96a6842b19c8564d347921,320,7,1,253862,0.24
/Users/soneyeoluwasina/Downloads/Skin/Train/seborrheic keratosis/ISIC_0011012.jpg,a63fcea682d9f624f18e083455ed9f1c,322,2,1,63303,0.06
/Users/soneyeoluwasina/Downloads/Skin/Train/seborrheic keratosis/ISIC_0011013.jpg,25e34bbc40cc485c8614809006019b5d,323,3,1,72118,0.07
/Users/soneyeoluwasina/Downloads/Skin/Train/seborrheic keratosis/ISIC_0011007.jpg,984e9216cb105b1cec0b228fe28092a2,326,6,1,147669,0.14
/Users/soneyeoluwasina/Downloads/Skin/Train/seborrheic keratosis/ISIC_0010872.jpg,d783422f97a91c2e24d9989435bef174,327,8,1,190351,0.18
/Users/soneyeoluwasina/Downloads/Skin/Train/seborrheic keratosis/ISIC_0010866.jpg,15556f6b82f9c80022f0451d2b1d0f3d,328,9,1,189528,0.18
/Users/soneyeoluwasina/Downloads/Skin/Train/seborrheic keratosis/ISIC_0010912.jpg,08384d70d12cb71612eadd69af7e5e1b,333,14,1,178011,0.17
/Users/soneyeoluwasina/Downloads/Skin/Train/seborrheic keratosis/ISIC_0011181.jpg,a5233bb520eb260d2289640ee533a946,339,0,1,202271,0.19
/Users/soneyeoluwasina/Downloads/Skin/Train/seborrheic keratosis/ISIC_0010923.jpg,9013cf572c572897dbdf9d5c8c478873,343,4,1,166835,0.16
/Users/soneyeoluwasina/Downloads/Skin/Train/seborrheic keratosis/ISIC_0011169.jpg,9912bfb44e7530954d39433078ca1c88,355,16,1,139489,0.13
/Users/soneyeoluwasina/Downloads/Skin/Train/seborrheic keratosis/ISIC_0010934.jpg,f5fd1005aa2370d5f12f070864f6d85b,360,1,1,76235,0.07
/Users/soneyeoluwasina/Downloads/Skin/Train/seborrheic keratosis/ISIC_0010883.jpg,4b59cb4e47360f1e166e41200dd4d105,363,4,1,153471,0.15
/Users/soneyeoluwasina/Downloads/Skin/Train/seborrheic keratosis/ISIC_0010909.jpg,a4c00a905c2cd52ef8edd84d916bbc29,370,11,1,208357,0.2
/Users/soneyeoluwasina/Downloads/Skin/Train/seborrheic keratosis/ISIC_0011140.jpg,8d295e7a202395cdf46be926f107b27d,373,14,1,176219,0.17
/Users/soneyeoluwasina/Downloads/Skin/Train/seborrheic keratosis/ISIC_0011178.jpg,76c31695ef57d86759c99e9ef1991342,374,15,1,192520,0.18
/Users/soneyeoluwasina/Downloads/Skin/Train/seborrheic keratosis/ISIC_0011187.jpg,46b6306c0a072beb9ee9b1844907ff04,376,17,1,167983,0.16
/Users/soneyeoluwasina/Downloads/Skin/Train/seborrheic keratosis/ISIC_0011193.jpg,ce3643b5d9e186724915d0fc020d4e3b,379,0,1,197051,0.19
/Users/soneyeoluwasina/Downloads/Skin/Train/seborrheic keratosis/ISIC_0010925.jpg,1dc6b8efaa6a68c0abeb465f3361eed6,383,4,1,191337,0.18
/Users/soneyeoluwasina/Downloads/Skin/Train/seborrheic keratosis/ISIC_0011030.jpg,9b8ca0b2591f0d3ae3a4f1a09cd15673,386,7,1,61052,0.06
/Users/soneyeoluwasina/Downloads/Skin/Train/seborrheic keratosis/ISIC_0011031.jpg,a33f0110fc128688e46ba1e3beff2a60,388,9,1,171992,0.16
/Users/soneyeoluwasina/Downloads/Skin/Train/seborrheic keratosis/ISIC_0010878.jpg,1ad81666133d84d55c2d6f9205607d23,389,10,1,164284,0.16
/Users/soneyeoluwasina/Downloads/Skin/Train/seborrheic keratosis/ISIC_0011151.jpg,578ec49707828246ac060be71213c9ca,397,18,1,193997,0.19
/Users/soneyeoluwasina/Downloads/Skin/Train/seborrheic keratosis/ISIC_0010852.jpg,b7748a7e0cb3366e4d88533b813c6ce3,408,9,1,165785,0.16
/Users/soneyeoluwasina/Downloads/Skin/Train/seborrheic keratosis/ISIC_0011032.jpg,6d08d14dba0327cba260324a124068ae,411,12,1,268153,0.26
/Users/soneyeoluwasina/Downloads/Skin/Train/seborrheic keratosis/ISIC_0010890.jpg,5f39cade0af93256b43817e1c745a55c,415,16,1,180954,0.17
/Users/soneyeoluwasina/Downloads/Skin/Train/seborrheic keratosis/ISIC_0011185.jpg,6638e66d39709c9d56f3f4f026cf8089,421,2,1,67281,0.06
/Users/soneyeoluwasina/Downloads/Skin/Train/seborrheic keratosis/ISIC_0011135.jpg,dce38eefbf80983e62312efc99f82907,424,5,1,186854,0.18
/Users/soneyeoluwasina/Downloads/Skin/Train/seborrheic keratosis/ISIC_0011121.jpg,c97cb8a7f1c244fef28a6cc4ab87adbd,425,6,1,188024,0.18
/Users/soneyeoluwasina/Downloads/Skin/Train/seborrheic keratosis/ISIC_0010834.jpg,1fecbed40c940d2f4538e708a19adc09,436,17,1,165788,0.16
/Users/soneyeoluwasina/Downloads/Skin/Train/seborrheic keratosis/ISIC_0011040.jpg,51ad46c34f3fd120b4cc362fd33f2c6c,443,5,1,181454,0.17
/Users/soneyeoluwasina/Downloads/Skin/Train/seborrheic keratosis/ISIC_0010982.jpg,072afbd645cef562dd881a186c65e77c,454,16,1,169227,0.16
/Users/soneyeoluwasina/Downloads/Skin/Train/seborrheic keratosis/ISIC_0011136.jpg,0931ce2176fe447f890a67c3db5c3b1e,464,7,1,173821,0.17
/Users/soneyeoluwasina/Downloads/Skin/Train/seborrheic keratosis/ISIC_0011056.jpg,473a9acd3272a893ac6cddc8d1939113,475,18,1,210271,0.2
/Users/soneyeoluwasina/Downloads/Skin/Train/seborrheic keratosis/ISIC_0011042.jpg,3de9021bacd936a8de201435b312e056,476,19,1,152615,0.15
/Users/soneyeoluwasina/Downloads/Skin/Train/seborrheic keratosis/ISIC_0011095.jpg,ae3daeb598c9aeb3b0124b6fb69257e4,477,0,1,218383,0.21
/Users/soneyeoluwasina/Downloads/Skin/Train/seborrheic keratosis/ISIC_0011094.jpg,b09d672af8b127256c6479c500d5e191,478,1,1,270435,0.26
/Users/soneyeoluwasina/Downloads/Skin/Train/seborrheic keratosis/ISIC_0011043.jpg,e9a8ddb5fa798259bb7a902b1b1faabf,479,2,1,172869,0.16
/Users/soneyeoluwasina/Downloads/Skin/Train/seborrheic keratosis/ISIC_0011057.jpg,5b1d7d6fadcd5e8cb75a7fe50b23fe2c,481,4,1,175244,0.17
/Users/soneyeoluwasina/Downloads/Skin/Train/seborrheic keratosis/ISIC_0010942.jpg,c228e21efd01c4e4e868d64b4086c269,488,7,1,210245,0.2
/Users/soneyeoluwasina/Downloads/Skin/Train/seborrheic keratosis/ISIC_0010995.jpg,3105ce58ecaf8232ffde046b718e50e2,489,11,1,174427,0.17
/Users/soneyeoluwasina/Downloads/Skin/Train/seborrheic keratosis/ISIC_0011137.jpg,37d004627aecf530ea55ca75f3016c55,494,16,1,181060,0.17
/Users/soneyeoluwasina/Downloads/Skin/Train/seborrheic keratosis/ISIC_0011052.jpg,ac436325f594443d2c942f126973ce77,509,12,1,167118,0.16
/Users/soneyeoluwasina/Downloads/Skin/Train/seborrheic keratosis/ISIC_0010990.jpg,9d0ff0b17d786a49b95d82086d384a54,511,14,1,173656,0.17
/Users/soneyeoluwasina/Downloads/Skin/Train/seborrheic keratosis/ISIC_0011132.jpg,7fa42b433951b3faf01a671e6bb2355a,515,18,1,154909,0.15
/Users/soneyeoluwasina/Downloads/Skin/Train/seborrheic keratosis/ISIC_0011126.jpg,5ef6e5cb4fb0be29efa77c6d5c8a3958,2104,8,1,77091,0.07
/Users/soneyeoluwasina/Downloads/Skin/Train/seborrheic keratosis/ISIC_0011130.jpg,9c64b4e0bc400bc8d2edf64fe5685a2c,516,19,1,149624,0.14
/Users/soneyeoluwasina/Downloads/Skin/Train/seborrheic keratosis/ISIC_0011118.jpg,e1131a6292bc0e7e5ff4da1611d3f5a3,2105,10,1,168275,0.16
/Users/soneyeoluwasina/Downloads/Skin/Train/seborrheic keratosis/ISIC_0010979.jpg,4181378ec46c60537a7be0dc901cdb5a,521,4,1,143169,0.14
/Users/soneyeoluwasina/Downloads/Skin/Train/seborrheic keratosis/ISIC_0011045.jpg,64e1d4c8a28de6fd8be9a42026056da3,538,1,1,159711,0.15
/Users/soneyeoluwasina/Downloads/Skin/Train/seborrheic keratosis/ISIC_0010978.jpg,141dcd57f5d1de96993578ec8eefd2d8,543,6,1,74323,0.07
/Users/soneyeoluwasina/Downloads/Skin/Train/seborrheic keratosis/ISIC_0010993.jpg,fbd2afcf564f4ece0822fde61f15245f,549,12,1,207468,0.2
/Users/soneyeoluwasina/Downloads/Skin/Train/seborrheic keratosis/ISIC_0011125.jpg,100b10c91cf01153f1d25d8955f14340,552,15,1,214485,0.2
/Users/soneyeoluwasina/Downloads/Skin/Train/dermatofibroma/ISIC_0030870.jpg,632acde70d17dd399ff915ecccc32970,2106,11,1,349011,0.33
/Users/soneyeoluwasina/Downloads/Skin/Train/dermatofibroma/ISIC_0028346.jpg,8a668d77554d6a8f481ad6a4950a8697,2107,3,1,220920,0.21
/Users/soneyeoluwasina/Downloads/Skin/Train/dermatofibroma/ISIC_0031429.jpg,e6e879897e2065045a88b1be34279584,2108,5,1,253320,0.24
/Users/soneyeoluwasina/Downloads/Skin/Train/dermatofibroma/ISIC_0031372.jpg,3cb51b485b7150f2ef78ca6beff8c284,2109,8,1,331574,0.32
/Users/soneyeoluwasina/Downloads/Skin/Train/dermatofibroma/ISIC_0033808.jpg,19f286057c42c3d8becebf6ca909e54a,2110,10,1,303390,0.29
/Users/soneyeoluwasina/Downloads/Skin/Train/dermatofibroma/ISIC_0030442.jpg,9fd43078d1eef3eddc995523e82bb792,2111,11,1,296630,0.28
/Users/soneyeoluwasina/Downloads/Skin/Train/dermatofibroma/ISIC_0029891.jpg,69466a75415226a614d7cd6fb0bb8cfc,2112,13,1,245921,0.23
/Users/soneyeoluwasina/Downloads/Skin/Train/dermatofibroma/ISIC_0031827.jpg,e1161f7a12342a2c265e37f6b112bbdf,2113,15,1,244655,0.23
/Users/soneyeoluwasina/Downloads/Skin/Train/dermatofibroma/ISIC_0031358.jpg,2a0bcd2cfb9450b8c87d36722a47f96a,2114,17,1,262462,0.25
/Users/soneyeoluwasina/Downloads/Skin/Train/dermatofibroma/ISIC_0027488.jpg,7cb7ed5d948721c4f8f74b483f3d7ccd,2115,0,1,319261,0.3
/Users/soneyeoluwasina/Downloads/Skin/Train/dermatofibroma/ISIC_0027107.jpg,b8aa32264391dbefb193fddf86b4eee4,2116,1,1,294356,0.28
/Users/soneyeoluwasina/Downloads/Skin/Train/dermatofibroma/ISIC_0030321.jpg,2d1594b15f430f18592ce87ba5230141,2117,3,1,137509,0.13
/Users/soneyeoluwasina/Downloads/Skin/Train/dermatofibroma/ISIC_0025314.jpg,fc85b13a536d506d6281c6f255b797c8,2118,5,1,343292,0.33
/Users/soneyeoluwasina/Downloads/Skin/Train/dermatofibroma/ISIC_0029248.jpg,946fdf28bfb9a256ff756a5a5926660c,2119,8,1,293657,0.28
/Users/soneyeoluwasina/Downloads/Skin/Train/dermatofibroma/ISIC_0027648.jpg,6d9354252fa6e86049782c20b7b4dcec,2120,9,1,162906,0.16
/Users/soneyeoluwasina/Downloads/Skin/Train/dermatofibroma/ISIC_0028790.jpg,654d42165271da01d8eba2b8577fa2d4,2121,10,1,304499,0.29
/Users/soneyeoluwasina/Downloads/Skin/Train/dermatofibroma/ISIC_0031799.jpg,f6218460c2486b26be4830f030c6c1dd,2122,11,1,334827,0.32
/Users/soneyeoluwasina/Downloads/Skin/Train/dermatofibroma/ISIC_0032247.jpg,36cd4fe326cdc887ee863fd3fb837010,2123,12,1,241392,0.23
/Users/soneyeoluwasina/Downloads/Skin/Train/dermatofibroma/ISIC_0033005.jpg,60ccc9f9435cfc03d0cb069bee5e43e1,2124,13,1,345068,0.33
/Users/soneyeoluwasina/Downloads/Skin/Train/dermatofibroma/ISIC_0032642.jpg,bc4526f94f80abf1947f5c7f61cea7f2,2125,6,1,286294,0.27
/Users/soneyeoluwasina/Downloads/Skin/Train/dermatofibroma/ISIC_0025302.jpg,2897521aaa40dc0836e3a01469e6c6a5,2126,15,1,217044,0.21
/Users/soneyeoluwasina/Downloads/Skin/Train/dermatofibroma/ISIC_0032468.jpg,9deb3fa47e608558b7b06c852a5aa688,2127,17,1,293279,0.28
/Users/soneyeoluwasina/Downloads/Skin/Train/dermatofibroma/ISIC_0025504.jpg,bd50ccdd0a67cc58fe09e548d6ff66c5,2128,18,1,179479,0.17
/Users/soneyeoluwasina/Downloads/Skin/Train/dermatofibroma/ISIC_0028735.jpg,1a3232300ec5bbab9266335c840ba968,2129,0,1,299391,0.29
/Users/soneyeoluwasina/Downloads/Skin/Train/dermatofibroma/ISIC_0026254.jpg,d9068b9367870399dcfe126f3980f7f2,2130,1,1,357112,0.34
/Users/soneyeoluwasina/Downloads/Skin/Train/dermatofibroma/ISIC_0027598.jpg,b38d1dcea1ab9533336b8fa7a061dace,2131,3,1,318810,0.3
/Users/soneyeoluwasina/Downloads/Skin/Train/dermatofibroma/ISIC_0031271.jpg,8e01a44e2c0a61caeeaaac9e494aa5af,2132,5,1,349959,0.33
/Users/soneyeoluwasina/Downloads/Skin/Train/dermatofibroma/ISIC_0034135.jpg,f18328f0fe10c9dd1dd6e355ea2aa2be,2133,7,1,279340,0.27
/Users/soneyeoluwasina/Downloads/Skin/Train/dermatofibroma/ISIC_0027613.jpg,03df21365d9477ce961ac4f1adcf5a84,2134,8,1,294564,0.28
/Users/soneyeoluwasina/Downloads/Skin/Train/dermatofibroma/ISIC_0030555.jpg,cc64a9db25566b951a7e770bf127e6c4,2135,9,1,257750,0.25
/Users/soneyeoluwasina/Downloads/Skin/Train/dermatofibroma/ISIC_0030757.jpg,e0a3e33002f9ef38a664d07d97fb2372,2136,10,1,256591,0.24
/Users/soneyeoluwasina/Downloads/Skin/Train/dermatofibroma/ISIC_0027216.jpg,7fbd5ea6528a723dbabda6c5fbf47956,2137,11,1,298079,0.28
/Users/soneyeoluwasina/Downloads/Skin/Train/dermatofibroma/ISIC_0025373.jpg,9ab897cf1fd3ad8e42131aaf337be190,2138,12,1,244600,0.23
/Users/soneyeoluwasina/Downloads/Skin/Train/dermatofibroma/ISIC_0029039.jpg,948b1369d2c9243401b0a090ae05548e,2139,13,1,157020,0.15
/Users/soneyeoluwasina/Downloads/Skin/Train/dermatofibroma/ISIC_0029824.jpg,51084ed9962df364fd978461d789c4a2,2140,14,1,310586,0.3
/Users/soneyeoluwasina/Downloads/Skin/Train/dermatofibroma/ISIC_0025954.jpg,91efbeaae6e595f4a411c1791bd808d4,2141,15,1,232653,0.22
/Users/soneyeoluwasina/Downloads/Skin/Train/dermatofibroma/ISIC_0030021.jpg,7f87154bd73fcbd34d524bca5b97b349,2142,16,1,263101,0.25
/Users/soneyeoluwasina/Downloads/Skin/Train/dermatofibroma/ISIC_0030579.jpg,09496c9bd7e20ebb4c4ef52b95fbcd7f,2143,17,1,254939,0.24
/Users/soneyeoluwasina/Downloads/Skin/Train/dermatofibroma/ISIC_0033847.jpg,5367ca5e46f545ab92b9e0d315daabb9,2144,18,1,288050,0.27
/Users/soneyeoluwasina/Downloads/Skin/Train/dermatofibroma/ISIC_0030427.jpg,e754aad3db7ac8a8bfe2251e4da63aa8,2145,19,1,314319,0.3
/Users/soneyeoluwasina/Downloads/Skin/Train/dermatofibroma/ISIC_0025980.jpg,780c03604c8bce24c9879e912d77fe8c,2146,0,1,354740,0.34
/Users/soneyeoluwasina/Downloads/Skin/Train/dermatofibroma/ISIC_0028651.jpg,fee32e4d544e4507b9e4181bb131289c,2147,1,1,334792,0.32
/Users/soneyeoluwasina/Downloads/Skin/Train/dermatofibroma/ISIC_0033891.jpg,002253e01ec845b28900d41c54a7ab1a,2148,2,1,281035,0.27
/Users/soneyeoluwasina/Downloads/Skin/Train/dermatofibroma/ISIC_0029177.jpg,6502c820380c7861d425347883104edf,2149,3,1,332030,0.32
/Users/soneyeoluwasina/Downloads/Skin/Train/dermatofibroma/ISIC_0033675.jpg,ca3cccd1a5194ef6f9eca009be91fc1c,2150,4,1,288500,0.28
/Users/soneyeoluwasina/Downloads/Skin/Train/dermatofibroma/ISIC_0025771.jpg,420708164c20f95153c8b600418d7fc0,2151,7,1,266859,0.25
/Users/soneyeoluwasina/Downloads/Skin/Train/dermatofibroma/ISIC_0031735.jpg,60cf22ac737b56b60f8a63c4efa74275,2152,5,1,274277,0.26
/Users/soneyeoluwasina/Downloads/Skin/Train/dermatofibroma/ISIC_0029783.jpg,9b19a0b3b1eb3e51c96ba9413d35287d,2153,2,1,217103,0.21
/Users/soneyeoluwasina/Downloads/Skin/Train/dermatofibroma/ISIC_0029967.jpg,fa7253a584418871b4373aa283866203,2154,8,1,222495,0.21
/Users/soneyeoluwasina/Downloads/Skin/Train/dermatofibroma/ISIC_0029973.jpg,cb5d74eb50e5537ca858471691320eb5,2155,9,1,322482,0.31
/Users/soneyeoluwasina/Downloads/Skin/Train/dermatofibroma/ISIC_0026473.jpg,734733aa2e791b04ceb720052021c0de,2156,10,1,282796,0.27
/Users/soneyeoluwasina/Downloads/Skin/Train/dermatofibroma/ISIC_0027745.jpg,fd83471cf160d0ab11573dbcaa17b6cf,2157,11,1,333596,0.32
/Users/soneyeoluwasina/Downloads/Skin/Train/dermatofibroma/ISIC_0031457.jpg,393fccae3091b4d3bd72ea9b875c035d,2158,12,1,245270,0.23
/Users/soneyeoluwasina/Downloads/Skin/Train/dermatofibroma/ISIC_0031443.jpg,fa7cd9faccf11eed6921cf06597f516d,2159,13,1,357906,0.34
/Users/soneyeoluwasina/Downloads/Skin/Train/dermatofibroma/ISIC_0025594.jpg,6be14467c6140094cc27ae3eb13bcba3,2160,14,1,364582,0.35
/Users/soneyeoluwasina/Downloads/Skin/Train/dermatofibroma/ISIC_0028926.jpg,cd783744cb174bd8e91504cd59848f40,2161,15,1,237603,0.23
/Users/soneyeoluwasina/Downloads/Skin/Train/dermatofibroma/ISIC_0033860.jpg,368e81137812658c39fe5d11f2cc848e,2162,16,1,308859,0.29
/Users/soneyeoluwasina/Downloads/Skin/Train/dermatofibroma/ISIC_0027626.jpg,fffbca78908b04e20bd71e7a691702a7,2163,17,1,327037,0.31
/Users/soneyeoluwasina/Downloads/Skin/Train/dermatofibroma/ISIC_0027008.jpg,09072fdffb73e71d283cefb5a4930385,2164,18,1,312035,0.3
/Users/soneyeoluwasina/Downloads/Skin/Train/dermatofibroma/ISIC_0032613.jpg,8b5bbc15b40db5944f32945c115de156,2165,19,1,332003,0.32
/Users/soneyeoluwasina/Downloads/Skin/Train/dermatofibroma/ISIC_0030011.jpg,15280d8ba52df1005c9a57554a6dcbc1,2166,0,1,325502,0.31
/Users/soneyeoluwasina/Downloads/Skin/Train/dermatofibroma/ISIC_0025622.jpg,44a689473eefb428938fe41f21978b82,2167,1,1,333001,0.32
/Users/soneyeoluwasina/Downloads/Skin/Train/dermatofibroma/ISIC_0026471.jpg,94cad0ca2cff46362c0bcb59a9da32fb,2168,3,1,379194,0.36
/Users/soneyeoluwasina/Downloads/Skin/Train/dermatofibroma/ISIC_0027141.jpg,2feb3dbbb1f999ed3efa096be05cdd38,2169,4,1,318661,0.3
/Users/soneyeoluwasina/Downloads/Skin/Train/dermatofibroma/ISIC_0032941.jpg,92a00c1defa5dbb0b0fc132d85e3f0c9,2170,5,1,281965,0.27
/Users/soneyeoluwasina/Downloads/Skin/Train/dermatofibroma/ISIC_0030830.jpg,1d24bb845f24c1715a6d7e60e9527cbf,2171,7,1,370080,0.35
/Users/soneyeoluwasina/Downloads/Skin/Train/dermatofibroma/ISIC_0031257.jpg,61f7ddf6491730057fddaa6aa5ea08db,2172,8,1,367199,0.35
/Users/soneyeoluwasina/Downloads/Skin/Train/dermatofibroma/ISIC_0033695.jpg,4dc8fb22f5f89a7bd4c0dcfdb56c995b,2173,9,1,339893,0.32
/Users/soneyeoluwasina/Downloads/Skin/Train/dermatofibroma/ISIC_0026313.jpg,98be580b9a9c74f2e40ef256fde232e0,2174,10,1,303315,0.29
/Users/soneyeoluwasina/Downloads/Skin/Train/dermatofibroma/ISIC_0029578.jpg,c33804e0709a69ab35a42760251d026c,2175,11,1,279866,0.27
/Users/soneyeoluwasina/Downloads/Skin/Train/dermatofibroma/ISIC_0030015.jpg,cb46aca1e6ba90f9169fd5df1615a4a4,2176,12,1,239142,0.23
/Users/soneyeoluwasina/Downloads/Skin/Train/dermatofibroma/ISIC_0025223.jpg,7d10e306608ce0bf62ebb76156b9a116,2177,13,1,330789,0.32
/Users/soneyeoluwasina/Downloads/Skin/Train/dermatofibroma/ISIC_0029962.jpg,afde534900ed3deef7ac959862286895,2178,14,1,230239,0.22
/Users/soneyeoluwasina/Downloads/Skin/Train/dermatofibroma/ISIC_0028880.jpg,81b374eb9bed4852d13621e2069add6f,2179,15,1,319887,0.31
/Users/soneyeoluwasina/Downloads/Skin/Train/dermatofibroma/ISIC_0031309.jpg,38e539ccd1b5cc6353f7de5e08078126,2180,16,1,302238,0.29
/Users/soneyeoluwasina/Downloads/Skin/Train/dermatofibroma/ISIC_0033790.jpg,770663f5853e4fbf8b07f99f6c95d2b6,2181,17,1,287111,0.27
/Users/soneyeoluwasina/Downloads/Skin/Train/dermatofibroma/ISIC_0032114.jpg,cef837853887e0af1c758f6387c21ab3,2182,18,1,295862,0.28
/Users/soneyeoluwasina/Downloads/Skin/Train/dermatofibroma/ISIC_0033626.jpg,e5a9137a212e6db8c95b3e33c0b43268,2183,19,1,271845,0.26
/Users/soneyeoluwasina/Downloads/Skin/Train/dermatofibroma/ISIC_0029130.jpg,791fcf454e2799ade1475a1f18a3c92c,2184,0,1,323790,0.31
/Users/soneyeoluwasina/Downloads/Skin/Train/dermatofibroma/ISIC_0025911.jpg,9d0187876821993d363c5e11d7834f45,2185,1,1,349847,0.33
/Users/soneyeoluwasina/Downloads/Skin/Train/dermatofibroma/ISIC_0027876.jpg,8550996b1d5d63b2171465adea421ec4,2186,2,1,207304,0.2
/Users/soneyeoluwasina/Downloads/Skin/Train/dermatofibroma/ISIC_0029052.jpg,5f7e7ce9f336dccd32e8c3522c77a9d5,2187,3,1,321469,0.31
/Users/soneyeoluwasina/Downloads/Skin/Train/dermatofibroma/ISIC_0025668.jpg,8944a11654dbe483ac0be41b3c29dd07,2188,4,1,300497,0.29
/Users/soneyeoluwasina/Downloads/Skin/Train/dermatofibroma/ISIC_0031344.jpg,81968d9bb48034077c83ed7f523a204e,2189,5,1,222540,0.21
/Users/soneyeoluwasina/Downloads/Skin/Train/dermatofibroma/ISIC_0026629.jpg,f384b79cebac15d8b1191fae26d2c7fb,2190,6,1,327524,0.31
/Users/soneyeoluwasina/Downloads/Skin/Train/dermatofibroma/ISIC_0029297.jpg,a5c8cb1f661fe17568d6ac91a5af6601,2191,7,1,335814,0.32
/Users/soneyeoluwasina/Downloads/Skin/Train/dermatofibroma/ISIC_0026417.jpg,3c6e16e8a9546146ab7095388f4cef71,2192,8,1,297661,0.28
/Users/soneyeoluwasina/Downloads/Skin/Train/dermatofibroma/ISIC_0025903.jpg,4e4c60b0ddafd3791dbb6d5b0b88d2bb,2193,9,1,348980,0.33
/Users/soneyeoluwasina/Downloads/Skin/Train/dermatofibroma/ISIC_0030665.jpg,759e74bb098db2f484ffae81b1bc2baf,2194,10,1,339732,0.32
/Users/soneyeoluwasina/Downloads/Skin/Train/dermatofibroma/ISIC_0032138.jpg,3049231aae4ed99918fc58109f3b118f,2195,11,1,237475,0.23
/Users/soneyeoluwasina/Downloads/Skin/Train/dermatofibroma/ISIC_0033554.jpg,a901d4edcf0918be16be1af42b3f853d,2196,12,1,271465,0.26
/Users/soneyeoluwasina/Downloads/Skin/Train/dermatofibroma/ISIC_0027044.jpg,566498d760bcbb7424991204cd838a7e,2197,13,1,338021,0.32
/Users/soneyeoluwasina/Downloads/Skin/Train/dermatofibroma/ISIC_0033780.jpg,dc5444d567fd77532d5556083be19868,2198,14,1,287052,0.27
/Users/soneyeoluwasina/Downloads/Skin/Train/dermatofibroma/ISIC_0033810.jpg,2dcde733773481b7afc53dfff969c592,2199,15,1,275568,0.26
/Users/soneyeoluwasina/Downloads/Skin/Train/dermatofibroma/ISIC_0026789.jpg,132a17ecef9e26d57eaddded7ecb0bce,2200,16,1,259967,0.25
