file_index,file_path,time_per_file,cumulative_time,file_size_mb,files_per_second,time_per_file_ms,moving_avg,speed_moving_avg
1,/Users/soneyeoluwasina/Downloads/Skin/Test/melanoma/ISIC_0000031.jpg,0.0028028488159179688,0.002969980239868164,0.10195446014404297,336.7025768644136,2.8028488159179688,,
2,/Users/soneyeoluwasina/Downloads/Skin/Test/melanoma/ISIC_0000030.jpg,0.0005168914794921875,0.0034890174865722656,0.0906982421875,573.227278939456,0.5168914794921875,,
3,/Users/soneyeoluwasina/Downloads/Skin/Test/melanoma/ISIC_0000026.jpg,0.0008630752563476562,0.004354000091552734,0.06780147552490234,689.02157485489,0.8630752563476562,,
4,/Users/soneyeoluwasina/Downloads/Skin/Test/melanoma/ISIC_0000022.jpg,0.0004868507385253906,0.004841804504394531,0.09489917755126953,826.1382706322631,0.4868507385253906,,
5,/Users/soneyeoluwasina/Downloads/Skin/Test/melanoma/ISIC_0000036.jpg,0.0014629364013671875,0.0063059329986572266,0.09615802764892578,792.9040795493213,1.4629364013671875,,
6,/Users/soneyeoluwasina/Downloads/Skin/Test/melanoma/ISIC_0000035.jpg,0.00047326087951660156,0.006780147552490234,0.08849143981933594,884.9364934242915,0.47326087951660156,,
7,/Users/soneyeoluwasina/Downloads/Skin/Test/melanoma/ISIC_0000046.jpg,0.0008339881896972656,0.0076141357421875,0.08025360107421875,919.3426853707415,0.8339881896972656,,
8,/Users/soneyeoluwasina/Downloads/Skin/Test/melanoma/ISIC_0000054.jpg,0.00119781494140625,0.00881195068359375,0.0804901123046875,907.8580086580087,1.19781494140625,,
9,/Users/soneyeoluwasina/Downloads/Skin/Test/melanoma/ISIC_0000040.jpg,0.0005910396575927734,0.009402990341186523,0.06853485107421875,957.142321052765,0.5910396575927734,,
10,/Users/soneyeoluwasina/Downloads/Skin/Test/melanoma/ISIC_0000043.jpg,0.001954793930053711,0.011358976364135742,0.13529586791992188,880.3610184077409,1.954793930053711,,
11,/Users/soneyeoluwasina/Downloads/Skin/Test/melanoma/ISIC_0000056.jpg,0.0004839897155761719,0.01184391975402832,0.08826446533203125,928.7465829257001,0.4839897155761719,,
12,/Users/soneyeoluwasina/Downloads/Skin/Test/melanoma/ISIC_0000049.jpg,0.0011248588562011719,0.012969970703125,0.1144266128540039,925.2141176470589,1.1248588562011719,,
13,/Users/soneyeoluwasina/Downloads/Skin/Test/melanoma/ISIC_0000004.jpg,0.0008161067962646484,0.013787031173706055,0.047095298767089844,942.9151088591834,0.8161067962646484,,
14,/Users/soneyeoluwasina/Downloads/Skin/Test/melanoma/ISIC_0000013.jpg,0.0006558895111083984,0.01444387435913086,0.03329944610595703,969.2690238024496,0.6558895111083984,,
15,/Users/soneyeoluwasina/Downloads/Skin/Test/melanoma/ISIC_0000002.jpg,0.0008740425109863281,0.015317916870117188,0.05517578125,979.2454239820695,0.8740425109863281,,
16,/Users/soneyeoluwasina/Downloads/Skin/Test/melanoma/ISIC_0000029.jpg,0.0009601116180419922,0.016278982162475586,0.10110950469970703,982.8624320801417,0.9601116180419922,,
17,/Users/soneyeoluwasina/Downloads/Skin/Test/pigmented benign keratosis/ISIC_0024420.jpg,0.0018780231475830078,0.018157958984375,0.29701805114746094,936.2285714285714,1.8780231475830078,,
18,/Users/soneyeoluwasina/Downloads/Skin/Test/pigmented benign keratosis/ISIC_0024408.jpg,0.0013561248779296875,0.019515037536621094,0.2815256118774414,922.3656355373113,1.3561248779296875,,
19,/Users/soneyeoluwasina/Downloads/Skin/Test/pigmented benign keratosis/ISIC_0024409.jpg,0.0014879703521728516,0.02100396156311035,0.2541627883911133,904.5912573640419,1.4879703521728516,,
20,/Users/soneyeoluwasina/Downloads/Skin/Test/pigmented benign keratosis/ISIC_0024422.jpg,0.0010571479797363281,0.022062063217163086,0.17752838134765625,906.5335278543254,1.0571479797363281,,
21,/Users/soneyeoluwasina/Downloads/Skin/Test/pigmented benign keratosis/ISIC_0024383.jpg,0.0015180110931396484,0.023580074310302734,0.3016014099121094,890.5824351378131,1.5180110931396484,,
22,/Users/soneyeoluwasina/Downloads/Skin/Test/pigmented benign keratosis/ISIC_0024426.jpg,0.0014729499816894531,0.025053977966308594,0.2771883010864258,878.1040691256519,1.4729499816894531,,
23,/Users/soneyeoluwasina/Downloads/Skin/Test/pigmented benign keratosis/ISIC_0024382.jpg,0.0014660358428955078,0.0265200138092041,0.29329490661621094,867.2695333219458,1.4660358428955078,,
24,/Users/soneyeoluwasina/Downloads/Skin/Test/pigmented benign keratosis/ISIC_0024381.jpg,0.001291036605834961,0.027811050415039062,0.247833251953125,862.966326040738,1.291036605834961,,
25,/Users/soneyeoluwasina/Downloads/Skin/Test/pigmented benign keratosis/ISIC_0024324.jpg,0.0017621517181396484,0.029574155807495117,0.22767353057861328,845.3326668977693,1.7621517181396484,,
26,/Users/soneyeoluwasina/Downloads/Skin/Test/pigmented benign keratosis/ISIC_0024337.jpg,0.0016977787017822266,0.03127288818359375,0.29458045959472656,831.391070992925,1.6977787017822266,1.0991144180297852,853.5494615495722
27,/Users/soneyeoluwasina/Downloads/Skin/Test/pigmented benign keratosis/ISIC_0024336.jpg,0.0015931129455566406,0.0328669548034668,0.24773406982421875,821.4938122941663,1.5931129455566406,1.0616588592529297,864.9994271498949
28,/Users/soneyeoluwasina/Downloads/Skin/Test/pigmented benign keratosis/ISIC_0024338.jpg,0.0015039443969726562,0.03437304496765137,0.20091629028320312,814.5917833683612,1.5039443969726562,1.0843372344970703,871.545402636689
29,/Users/soneyeoluwasina/Downloads/Skin/Test/pigmented benign keratosis/ISIC_0024312.jpg,0.0022199153900146484,0.03659510612487793,0.24584674835205078,792.4556879556457,2.2199153900146484,1.0982751846313477,875.6386891537664
30,/Users/soneyeoluwasina/Downloads/Skin/Test/pigmented benign keratosis/ISIC_0024358.jpg,0.001322031021118164,0.0379178524017334,0.2283916473388672,791.1840491954804,1.322031021118164,1.1147212982177734,876.9332772445315
31,/Users/soneyeoluwasina/Downloads/Skin/Test/pigmented benign keratosis/ISIC_0024371.jpg,0.0011992454528808594,0.039118051528930664,0.2193136215209961,792.4730089655214,1.1992454528808594,1.109299659729004,878.8725563698009
32,/Users/soneyeoluwasina/Downloads/Skin/Test/pigmented benign keratosis/ISIC_0024412.jpg,0.001711130142211914,0.040830135345458984,0.23296070098876953,783.7348499889054,1.711130142211914,1.122274398803711,878.971349043634
33,/Users/soneyeoluwasina/Downloads/Skin/Test/nevus/ISIC_0000018.jpg,0.0008990764617919922,0.04172992706298828,0.07584571838378906,790.7993692437782,0.8990764617919922,1.1327314376831055,878.3174885604931
34,/Users/soneyeoluwasina/Downloads/Skin/Test/nevus/ISIC_0000008.jpg,0.0007417201995849609,0.042473793029785156,0.04101371765136719,800.4936120528998,0.7417201995849609,1.1275959014892578,877.9438462059666
35,/Users/soneyeoluwasina/Downloads/Skin/Test/nevus/ISIC_0000009.jpg,0.0006430149078369141,0.04311800003051758,0.04655933380126953,811.7259607409455,0.6430149078369141,1.140894889831543,876.5491286802071
36,/Users/soneyeoluwasina/Downloads/Skin/Test/nevus/ISIC_0000010.jpg,0.0007979869842529297,0.04391598701477051,0.04088592529296875,819.7470317106141,0.7979869842529297,1.127457618713379,876.6488571736098
37,/Users/soneyeoluwasina/Downloads/Skin/Test/nevus/ISIC_0000011.jpg,0.000698089599609375,0.04461503028869629,0.0398406982421875,829.3169311010051,0.698089599609375,1.1422157287597656,875.7571609240663
38,/Users/soneyeoluwasina/Downloads/Skin/Test/nevus/ISIC_0000005.jpg,0.0007927417755126953,0.04540896415710449,0.05932331085205078,836.8391727353394,0.7927417755126953,1.1490821838378906,874.8514958397027
39,/Users/soneyeoluwasina/Downloads/Skin/Test/nevus/ISIC_0000007.jpg,0.0008649826049804688,0.04627394676208496,0.051682472229003906,842.8068649626199,0.8649826049804688,1.172041893005371,873.3906997938227
40,/Users/soneyeoluwasina/Downloads/Skin/Test/nevus/ISIC_0000006.jpg,0.0004220008850097656,0.04669690132141113,0.055873870849609375,856.5878863071259,0.4220008850097656,1.1926841735839844,871.276268579802
41,/Users/soneyeoluwasina/Downloads/Skin/Test/nevus/ISIC_0000012.jpg,0.0003650188446044922,0.047061920166015625,0.05491352081298828,871.1926724487315,0.3650188446044922,1.2067842483520508,868.8655373919007
42,/Users/soneyeoluwasina/Downloads/Skin/Test/nevus/ISIC_0000016.jpg,0.0007970333099365234,0.047859907150268555,0.032806396484375,877.5612511769014,0.7970333099365234,1.2140417098999023,866.3464447013889
43,/Users/soneyeoluwasina/Downloads/Skin/Test/nevus/ISIC_0000003.jpg,0.001007080078125,0.04886794090270996,0.043670654296875,879.9224850829646,1.007080078125,1.1928653717041016,864.8364420944318
44,/Users/soneyeoluwasina/Downloads/Skin/Test/nevus/ISIC_0000017.jpg,0.0007197856903076172,0.049588918685913086,0.09801197052001953,887.2950079570751,0.7197856903076172,1.1937618255615234,863.5515405592165
45,/Users/soneyeoluwasina/Downloads/Skin/Test/nevus/ISIC_0000001.jpg,0.0006279945373535156,0.0502169132232666,0.037154197692871094,896.1124272997033,0.6279945373535156,1.191544532775879,862.5768428320964
46,/Users/soneyeoluwasina/Downloads/Skin/Test/nevus/ISIC_0000015.jpg,0.0008351802825927734,0.05105304718017578,0.04348278045654297,901.0235929239908,0.8351802825927734,1.1988639831542969,861.5099624424505
47,/Users/soneyeoluwasina/Downloads/Skin/Test/nevus/ISIC_0000014.jpg,0.0007159709930419922,0.05176901817321777,0.03845691680908203,907.8789140396527,0.7159709930419922,1.1916017532348633,860.7652347137497
48,/Users/soneyeoluwasina/Downloads/Skin/Test/nevus/ISIC_0000000.jpg,0.0007181167602539062,0.05248713493347168,0.04766654968261719,914.5098138970778,0.7181167602539062,1.1863040924072266,860.2625121716134
49,/Users/soneyeoluwasina/Downloads/Skin/Test/basal cell carcinoma/ISIC_0024345.jpg,0.001355886459350586,0.053843021392822266,0.22389984130859375,910.052941541132,1.355886459350586,1.1771583557128906,860.0091587835932
50,/Users/soneyeoluwasina/Downloads/Skin/Test/basal cell carcinoma/ISIC_0024436.jpg,0.0013189315795898438,0.05516195297241211,0.17600727081298828,906.4218597373858,1.3189315795898438,1.2316608428955078,859.2979683891587
51,/Users/soneyeoluwasina/Downloads/Skin/Test/basal cell carcinoma/ISIC_0024432.jpg,0.0009300708770751953,0.05609321594238281,0.13421344757080078,909.2008568805468,0.9300708770751953,1.2315988540649414,858.8393940255406
52,/Users/soneyeoluwasina/Downloads/Skin/Test/basal cell carcinoma/ISIC_0024431.jpg,0.0016508102416992188,0.05774402618408203,0.2891426086425781,900.5260532791623,1.6508102416992188,1.2261009216308594,858.6229023282878
53,/Users/soneyeoluwasina/Downloads/Skin/Test/basal cell carcinoma/ISIC_0024457.jpg,0.0015599727630615234,0.05930495262145996,0.3170652389526367,893.6859007087637,1.5599727630615234,1.224055290222168,858.5568950038054
54,/Users/soneyeoluwasina/Downloads/Skin/Test/basal cell carcinoma/ISIC_0024331.jpg,0.0013091564178466797,0.06061506271362305,0.22411441802978516,890.8676751705095,1.3091564178466797,1.217055320739746,858.6402845512919
55,/Users/soneyeoluwasina/Downloads/Skin/Test/basal cell carcinoma/ISIC_0024443.jpg,0.001191854476928711,0.06180691719055176,0.22324371337890625,889.8680358127891,1.191854476928711,1.2024736404418945,859.1205886793837
56,/Users/soneyeoluwasina/Downloads/Skin/Test/basal cell carcinoma/ISIC_0024332.jpg,0.0011219978332519531,0.06293010711669922,0.2293558120727539,889.876127115947,1.1219978332519531,1.2131929397583008,859.5214743923611
57,/Users/soneyeoluwasina/Downloads/Skin/Test/basal cell carcinoma/ISIC_0024454.jpg,0.0013568401336669922,0.06428694725036621,0.20656490325927734,886.6496612136968,1.3568401336669922,1.2161064147949219,859.878018577728
58,/Users/soneyeoluwasina/Downloads/Skin/Test/basal cell carcinoma/ISIC_0024452.jpg,0.0009410381317138672,0.06522893905639648,0.1217508316040039,889.1758909316861,0.9410381317138672,1.2064456939697266,860.4100985570112
59,/Users/soneyeoluwasina/Downloads/Skin/Test/basal cell carcinoma/ISIC_0024461.jpg,0.0012559890747070312,0.06648588180541992,0.21800899505615234,887.4064447647941,1.2559890747070312,1.2146615982055664,860.788900123697
60,/Users/soneyeoluwasina/Downloads/Skin/Test/basal cell carcinoma/ISIC_0024448.jpg,0.0012829303741455078,0.06777000427246094,0.2100381851196289,885.3474430778757,1.2829303741455078,2.1187448501586914,856.0960501105717
61,/Users/soneyeoluwasina/Downloads/Skin/Test/basal cell carcinoma/ISIC_0024472.jpg,0.0012218952178955078,0.06899189949035645,0.2651252746582031,884.1617704485215,1.2218952178955078,2.1364450454711914,851.1964424619358
62,/Users/soneyeoluwasina/Downloads/Skin/Test/basal cell carcinoma/ISIC_0024403.jpg,0.0014681816101074219,0.07046008110046387,0.27623844146728516,879.9308634288789,1.4681816101074219,2.9240036010742188,843.8467076273253
63,/Users/soneyeoluwasina/Downloads/Skin/Test/basal cell carcinoma/ISIC_0024360.jpg,0.001964092254638672,0.07242417335510254,0.2750368118286133,869.8753065651861,1.9640922546386719,4.229083061218262,834.0542943530962
64,/Users/soneyeoluwasina/Downloads/Skin/Test/basal cell carcinoma/ISIC_0024411.jpg,0.0016880035400390625,0.0741128921508789,0.29413890838623047,863.5474631014116,1.6880035400390625,4.251270294189453,824.1386580414354
65,/Users/soneyeoluwasina/Downloads/Skin/Test/actinic keratosis/ISIC_0024800.jpg,0.0015790462493896484,0.07569503784179688,0.2563648223876953,858.7088645870081,1.5790462493896484,4.258546829223633,814.1484316970368
66,/Users/soneyeoluwasina/Downloads/Skin/Test/actinic keratosis/ISIC_0024948.jpg,0.0013229846954345703,0.07702112197875977,0.26143360137939453,856.9077975545581,1.3229846954345703,5.224146842956543,802.8616651876301
67,/Users/soneyeoluwasina/Downloads/Skin/Test/actinic keratosis/ISIC_0010889.jpg,0.0008192062377929688,0.07784104347229004,0.05314826965332031,860.7284410807102,0.8192062377929688,5.251603126525879,791.3145251477364
68,/Users/soneyeoluwasina/Downloads/Skin/Test/actinic keratosis/ISIC_0024913.jpg,0.0014009475708007812,0.07924294471740723,0.3097953796386719,858.1205587765405,1.4009475708007812,5.258922576904297,779.6823240610009
69,/Users/soneyeoluwasina/Downloads/Skin/Test/actinic keratosis/ISIC_0024654.jpg,0.001377105712890625,0.08062100410461426,0.26697254180908203,855.8563710080467,1.377105712890625,5.274863243103027,768.0326746643534
70,/Users/soneyeoluwasina/Downloads/Skin/Test/actinic keratosis/ISIC_0024468.jpg,0.0014231204986572266,0.08204507827758789,0.2778463363647461,853.1895083720309,1.4231204986572266,6.0303497314453125,755.6403968895191
71,/Users/soneyeoluwasina/Downloads/Skin/Test/actinic keratosis/ISIC_0024646.jpg,0.0011548995971679688,0.08320188522338867,0.22142505645751953,853.3460487027687,1.1548995971679688,6.048426628112793,743.1051920114732
72,/Users/soneyeoluwasina/Downloads/Skin/Test/actinic keratosis/ISIC_0025605.jpg,0.0012080669403076172,0.0844111442565918,0.23771095275878906,852.9679420188337,1.2080669403076172,6.059141159057617,730.5073774832194
73,/Users/soneyeoluwasina/Downloads/Skin/Test/actinic keratosis/ISIC_0010512.jpg,0.001008749008178711,0.08541989326477051,0.1417379379272461,854.6018639209327,1.008749008178711,6.071863174438477,717.8080845241967
74,/Users/soneyeoluwasina/Downloads/Skin/Test/actinic keratosis/ISIC_0024470.jpg,0.00401616096496582,0.08943605422973633,0.2615175247192383,827.4068063190109,4.01616096496582,6.088385581970215,705.0085739578312
75,/Users/soneyeoluwasina/Downloads/Skin/Test/actinic keratosis/ISIC_0024707.jpg,0.0017590522766113281,0.09119606018066406,0.27161502838134766,822.4039487168761,1.7590522766113281,6.091890335083008,692.3305276205409
76,/Users/soneyeoluwasina/Downloads/Skin/Test/actinic keratosis/ISIC_0024511.jpg,0.001422882080078125,0.09261894226074219,0.21100616455078125,820.5664861302745,1.422882080078125,6.086273193359375,679.7647688058635
77,/Users/soneyeoluwasina/Downloads/Skin/Test/actinic keratosis/ISIC_0025427.jpg,0.0014908313751220703,0.09410977363586426,0.27559471130371094,818.1934460700488,1.4908313751220703,6.094527244567871,667.1766327270487
78,/Users/soneyeoluwasina/Downloads/Skin/Test/actinic keratosis/ISIC_0025368.jpg,0.0011539459228515625,0.09526586532592773,0.22468852996826172,818.761260742691,1.1539459228515625,6.085515022277832,654.7986367716952
79,/Users/soneyeoluwasina/Downloads/Skin/Test/actinic keratosis/ISIC_0024763.jpg,0.0014908313751220703,0.09675788879394531,0.22750186920166016,816.4708943602279,1.4908313751220703,6.0936737060546875,642.5819274968053
80,/Users/soneyeoluwasina/Downloads/Skin/Test/actinic keratosis/ISIC_0024771.jpg,0.0018579959869384766,0.09861588478088379,0.25305652618408203,811.2283348443639,1.8579959869384766,6.101632118225098,630.449838649444
81,/Users/soneyeoluwasina/Downloads/Skin/Test/squamous cell carcinoma/ISIC_0024579.jpg,0.001344919204711914,0.09996294975280762,0.22608089447021484,810.3002182338561,1.344919204711914,6.128911972045898,618.3525734520836
82,/Users/soneyeoluwasina/Downloads/Skin/Test/squamous cell carcinoma/ISIC_0024418.jpg,0.0012280941009521484,0.10119223594665527,0.20369625091552734,810.3388489530689,1.2280941009521484,6.137514114379883,606.2852587314487
83,/Users/soneyeoluwasina/Downloads/Skin/Test/squamous cell carcinoma/ISIC_0024522.jpg,0.0013098716735839844,0.10250210762023926,0.19859981536865234,809.7394475780659,1.3098716735839844,6.895112991333008,593.7818942632822
84,/Users/soneyeoluwasina/Downloads/Skin/Test/squamous cell carcinoma/ISIC_0012079.jpg,0.04594588279724121,0.14844894409179688,16.481611251831055,565.8511113966337,45.94588279724121,7.0224761962890625,581.184212250781
85,/Users/soneyeoluwasina/Downloads/Skin/Test/squamous cell carcinoma/ISIC_0024450.jpg,0.001528024673461914,0.1499791145324707,0.27276039123535156,566.7455783091543,1.528024673461914,7.033677101135254,568.6471946996303
86,/Users/soneyeoluwasina/Downloads/Skin/Test/squamous cell carcinoma/ISIC_0011750.jpg,0.0401759147644043,0.1901559829711914,15.620594024658203,452.26028998008957,40.1759147644043,7.038898468017578,556.1797618306457
87,/Users/soneyeoluwasina/Downloads/Skin/Test/squamous cell carcinoma/ISIC_0011751.jpg,0.06595206260681152,0.25611114501953125,16.489455223083496,339.6962673895558,65.95206260681152,7.755379676818848,543.3550065387211
88,/Users/soneyeoluwasina/Downloads/Skin/Test/squamous cell carcinoma/ISIC_0024517.jpg,0.0019021034240722656,0.25802111625671387,0.28699779510498047,341.0573571522954,1.9021034240722656,8.345832824707031,530.3472493001458
89,/Users/soneyeoluwasina/Downloads/Skin/Test/squamous cell carcinoma/ISIC_0024463.jpg,0.0012288093566894531,0.25925183296203613,0.22157764434814453,343.29554774269553,1.2288093566894531,8.337688446044922,517.566831495349
90,/Users/soneyeoluwasina/Downloads/Skin/Test/squamous cell carcinoma/ISIC_0011593.jpg,0.04870200157165527,0.3079559803009033,19.951223373413086,292.249560836783,48.70200157165527,8.329830169677734,504.9415381987516
91,/Users/soneyeoluwasina/Downloads/Skin/Test/squamous cell carcinoma/ISIC_0024539.jpg,0.001737833023071289,0.30969691276550293,0.2432870864868164,293.8356704540468,1.737833023071289,8.512954711914062,492.35344619758456
92,/Users/soneyeoluwasina/Downloads/Skin/Test/squamous cell carcinoma/ISIC_0024329.jpg,0.0011630058288574219,0.31086206436157227,0.19525718688964844,295.9511968401273,1.1630058288574219,9.270358085632324,479.50593588584286
93,/Users/soneyeoluwasina/Downloads/Skin/Test/squamous cell carcinoma/ISIC_0024575.jpg,0.0018041133880615234,0.3126680850982666,0.31067562103271484,297.4400152505862,1.8041133880615234,9.295353889465332,466.6024971628103
94,/Users/soneyeoluwasina/Downloads/Skin/Test/squamous cell carcinoma/ISIC_0011726.jpg,0.038494110107421875,0.3511641025543213,15.981073379516602,267.6811192153652,38.494110107421875,10.138955116271973,453.4648960271879
95,/Users/soneyeoluwasina/Downloads/Skin/Test/squamous cell carcinoma/ISIC_0024372.jpg,0.001531839370727539,0.35269808769226074,0.25413990020751953,269.35218339740544,1.531839370727539,10.139069557189941,440.39712274305026
96,/Users/soneyeoluwasina/Downloads/Skin/Test/squamous cell carcinoma/ISIC_0024562.jpg,0.0013709068298339844,0.35406994819641113,0.28509044647216797,271.13286651129874,1.3709068298339844,10.137948989868164,427.4072324643966
97,/Users/soneyeoluwasina/Downloads/Skin/Test/vascular lesion/ISIC_0024402.jpg,0.001352071762084961,0.3554229736328125,0.2268514633178711,272.91426608852447,1.352071762084961,10.139193534851074,414.43968451364736
98,/Users/soneyeoluwasina/Downloads/Skin/Test/vascular lesion/ISIC_0024370.jpg,0.0015442371368408203,0.3569681644439697,0.29828929901123047,274.53428557879766,1.5442371368408203,10.137953758239746,401.5055640531653
99,/Users/soneyeoluwasina/Downloads/Skin/Test/vascular lesion/ISIC_0024375.jpg,0.0015311241149902344,0.35850000381469727,0.2945556640625,276.15062467662193,1.5311241149902344,10.131721496582031,388.5676756905721
100,/Users/soneyeoluwasina/Downloads/Skin/Test/seborrheic keratosis/ISIC_0010803.jpg,0.0010380744934082031,0.3595390319824219,0.1507415771484375,278.1339190035119,1.0380744934082031,10.080819129943848,376.19707782294626
101,/Users/soneyeoluwasina/Downloads/Skin/Test/seborrheic keratosis/ISIC_0010808.jpg,0.0013427734375,0.3609797954559326,0.18031978607177734,279.7940529398128,1.3427734375,10.074400901794434,363.9500430038513
102,/Users/soneyeoluwasina/Downloads/Skin/Test/seborrheic keratosis/ISIC_0010809.jpg,0.0012001991271972656,0.3621821403503418,0.20618915557861328,281.6262555114798,1.2001991271972656,10.097742080688477,351.7550089440203
103,/Users/soneyeoluwasina/Downloads/Skin/Test/dermatofibroma/ISIC_0024386.jpg,0.001967906951904297,0.3641500473022461,0.3381156921386719,282.8504369642703,1.9679069519042969,10.113883018493652,339.6246069249039
104,/Users/soneyeoluwasina/Downloads/Skin/Test/dermatofibroma/ISIC_0024973.jpg,0.0017070770263671875,0.3658580780029297,0.24898910522460938,284.26323280243986,1.7070770263671875,10.146660804748535,327.4963917684704
105,/Users/soneyeoluwasina/Downloads/Skin/Test/dermatofibroma/ISIC_0024553.jpg,0.00255584716796875,0.36841487884521484,0.35494136810302734,285.0047759447699,2.55584716796875,10.171761512756348,315.4277325041279
106,/Users/soneyeoluwasina/Downloads/Skin/Test/dermatofibroma/ISIC_0024396.jpg,0.0015521049499511719,0.36996912956237793,0.2872171401977539,286.51039108420554,1.5521049499511719,10.224204063415527,303.4653833254499
107,/Users/soneyeoluwasina/Downloads/Skin/Test/dermatofibroma/ISIC_0011677.jpg,0.03923678398132324,0.4092068672180176,13.14670467376709,261.481437805374,39.23678398132324,10.285482406616211,291.52355026836534
108,/Users/soneyeoluwasina/Downloads/Skin/Test/dermatofibroma/ISIC_0001114.jpg,0.0073091983795166016,0.4165191650390625,2.3083314895629883,259.2917903066271,7.309198379516602,10.293002128601074,279.60228565416935
109,/Users/soneyeoluwasina/Downloads/Skin/Test/dermatofibroma/ISIC_0024318.jpg,0.0018160343170166016,0.4183368682861328,0.2842903137207031,260.55556720725485,1.8160343170166016,10.292367935180664,267.71652118987856
110,/Users/soneyeoluwasina/Downloads/Skin/Test/dermatofibroma/ISIC_0024330.jpg,0.0015439987182617188,0.41988611221313477,0.22658920288085938,261.9757996286475,1.5439987182617188,9.45302963256836,260.7131130200316
111,/Users/soneyeoluwasina/Downloads/Skin/Test/dermatofibroma/ISIC_0011410.jpg,0.037045955657958984,0.45693302154541016,13.768224716186523,242.92400585228611,37.045955657958984,9.537572860717773,253.68409835372702
112,/Users/soneyeoluwasina/Downloads/Skin/Test/dermatofibroma/ISIC_0011433.jpg,0.0309908390045166,0.48792600631713867,11.985342979431152,229.54300150011483,30.9908390045166,8.802614212036133,248.95308674171778
113,/Users/soneyeoluwasina/Downloads/Skin/Test/dermatofibroma/ISIC_0024845.jpg,0.0015568733215332031,0.4894859790802002,0.2356252670288086,230.8544163253457,1.5568733215332031,7.544832229614258,246.48404531999822
114,/Users/soneyeoluwasina/Downloads/Skin/Test/dermatofibroma/ISIC_0025154.jpg,0.0012950897216796875,0.4907810688018799,0.2091503143310547,232.28279827154435,1.2950897216796875,7.533550262451172,244.0101563609117
115,/Users/soneyeoluwasina/Downloads/Skin/Test/dermatofibroma/ISIC_0001130.jpg,0.010735273361206055,0.5015170574188232,3.595952033996582,229.304264528658,10.735273361206055,7.533869743347168,241.51442885371642
116,/Users/soneyeoluwasina/Downloads/Skin/Test/dermatofibroma/ISIC_0011478.jpg,0.039193153381347656,0.5407111644744873,15.761171340942383,214.53228196747045,39.193153381347656,6.598811149597168,240.05760950280882
117,/Users/soneyeoluwasina/Downloads/Skin/Test/dermatofibroma/ISIC_0024994.jpg,0.0020689964294433594,0.5427811145782471,0.3141517639160156,215.5565049290847,2.0689964294433594,6.578154563903809,238.59552778653236
118,/Users/soneyeoluwasina/Downloads/Skin/Test/dermatofibroma/ISIC_0011865.jpg,0.04358100891113281,0.5863630771636963,17.531088829040527,201.24050199541756,43.58100891113281,6.593217849731445,237.10914008684512
119,/Users/soneyeoluwasina/Downloads/Skin/Train/melanoma/ISIC_0010550.jpg,0.0013828277587890625,0.5877480506896973,0.1471242904663086,202.4677068011686,1.3828277587890625,6.585440635681152,235.61433506707831
120,/Users/soneyeoluwasina/Downloads/Skin/Train/melanoma/ISIC_0011128.jpg,0.0013670921325683594,0.589116096496582,0.16419219970703125,203.69499443934515,1.3670921325683594,5.837063789367676,234.73835173146327
121,/Users/soneyeoluwasina/Downloads/Skin/Train/melanoma/ISIC_0010587.jpg,0.0012171268463134766,0.5903341770172119,0.14138221740722656,204.96865116530785,1.2171268463134766,5.830726623535156,233.85153434234573
122,/Users/soneyeoluwasina/Downloads/Skin/Train/melanoma/ISIC_0010034.jpg,0.001146078109741211,0.5914809703826904,0.1454610824584961,206.26191899473204,1.146078109741211,5.828766822814941,232.95119962973743
123,/Users/soneyeoluwasina/Downloads/Skin/Train/melanoma/ISIC_0000555.jpg,0.0006971359252929688,0.5921790599822998,0.03966331481933594,207.70744579127208,0.6971359252929688,5.836048126220703,232.03413514242808
124,/Users/soneyeoluwasina/Downloads/Skin/Train/melanoma/ISIC_0010746.jpg,0.0014710426330566406,0.5936510562896729,0.19409465789794922,208.87691293771408,1.4710426330566406,5.846266746520996,231.10108807566834
125,/Users/soneyeoluwasina/Downloads/Skin/Train/melanoma/ISIC_0001105.jpg,0.001438140869140625,0.5950901508331299,0.2884683609008789,210.05220776213358,1.438140869140625,5.940980911254883,230.12260908941116
126,/Users/soneyeoluwasina/Downloads/Skin/Train/melanoma/ISIC_0010791.jpg,0.0025899410247802734,0.5976810455322266,0.1835184097290039,210.81478313872037,2.5899410247802734,6.026778221130371,229.09802729216597
127,/Users/soneyeoluwasina/Downloads/Skin/Train/melanoma/ISIC_0010785.jpg,0.0022978782653808594,0.5999810695648193,0.1874074935913086,211.67334511423192,2.2978782653808594,6.038780212402344,228.05707544151429
128,/Users/soneyeoluwasina/Downloads/Skin/Train/melanoma/ISIC_0010140.jpg,0.002792835235595703,0.6027770042419434,0.18286895751953125,212.3505029210159,2.792835235595703,6.053075790405273,226.99641845054418
129,/Users/soneyeoluwasina/Downloads/Skin/Train/melanoma/ISIC_0000390.jpg,0.0027458667755126953,0.6055259704589844,0.5327854156494141,213.03793114310014,2.7458667755126953,6.060938835144043,225.92504689321447
130,/Users/soneyeoluwasina/Downloads/Skin/Train/melanoma/ISIC_0000151.jpg,0.004480123519897461,0.610011100769043,1.1878395080566406,213.11087591046882,4.480123519897461,6.057000160217285,224.84448648323166
131,/Users/soneyeoluwasina/Downloads/Skin/Train/melanoma/ISIC_0000145.jpg,0.004408836364746094,0.6144218444824219,1.087986946105957,213.20856537962462,4.408836364746094,6.120424270629883,223.73963764928638
132,/Users/soneyeoluwasina/Downloads/Skin/Train/melanoma/ISIC_0010394.jpg,0.0016040802001953125,0.6160290241241455,0.17357158660888672,214.2756182432707,1.6040802001953125,6.130962371826172,222.62008809098654
133,/Users/soneyeoluwasina/Downloads/Skin/Train/melanoma/ISIC_0010380.jpg,0.0012781620025634766,0.6173090934753418,0.20546245574951172,215.45122436352486,1.2781620025634766,5.4416704177856445,221.99816556379992
134,/Users/soneyeoluwasina/Downloads/Skin/Train/melanoma/ISIC_0000144.jpg,0.0039789676666259766,0.6212887763977051,1.0769100189208984,215.68070290428471,3.9789676666259766,5.36224365234375,221.42676815157557
135,/Users/soneyeoluwasina/Downloads/Skin/Train/melanoma/ISIC_0000150.jpg,0.005755186080932617,0.627047061920166,1.4331932067871094,215.29484499392782,5.755186080932617,5.353407859802246,220.84998760167002
136,/Users/soneyeoluwasina/Downloads/Skin/Train/melanoma/ISIC_0000420.jpg,0.0034279823303222656,0.6304769515991211,0.7249555587768555,215.7097093796277,3.4279823303222656,5.348472595214844,220.2651381282583
137,/Users/soneyeoluwasina/Downloads/Skin/Train/melanoma/ISIC_0000434.jpg,0.0030629634857177734,0.6335430145263672,0.5930261611938477,216.2441963035775,3.0629634857177734,4.630112648010254,220.08273762221495
138,/Users/soneyeoluwasina/Downloads/Skin/Train/melanoma/ISIC_0010784.jpg,0.0013380050659179688,0.634882926940918,0.16468048095703125,217.3629091979697,1.3380050659179688,4.115176200866699,220.16143438180032
139,/Users/soneyeoluwasina/Downloads/Skin/Train/melanoma/ISIC_0010790.jpg,0.0012447834014892578,0.6361289024353027,0.16532135009765625,218.5091723829306,1.2447834014892578,4.117259979248047,220.23139875546556
140,/Users/soneyeoluwasina/Downloads/Skin/Train/melanoma/ISIC_0001110.jpg,0.0019490718841552734,0.6380789279937744,0.4193754196166992,219.40859329140227,1.9490718841552734,4.118413925170898,220.2923752083607
141,/Users/soneyeoluwasina/Downloads/Skin/Train/melanoma/ISIC_0000554.jpg,0.0007050037384033203,0.6387848854064941,0.0400390625,220.731584640225,0.7050037384033203,4.095449447631836,220.37734753688915
142,/Users/soneyeoluwasina/Downloads/Skin/Train/melanoma/ISIC_0001138.jpg,0.0019161701202392578,0.6407022476196289,0.28919315338134766,221.63181185576602,1.9161701202392578,3.3350706100463867,220.77825230266137
143,/Users/soneyeoluwasina/Downloads/Skin/Train/melanoma/ISIC_0009955.jpg,0.001415252685546875,0.6421201229095459,0.17232418060302734,222.69976426224554,1.415252685546875,3.3336734771728516,221.17362789043145
144,/Users/soneyeoluwasina/Downloads/Skin/Train/melanoma/ISIC_0010579.jpg,0.0010752677917480469,0.6431961059570312,0.15207290649414062,223.88195243461243,1.0752677917480469,2.5099945068359375,221.8675341381396
145,/Users/soneyeoluwasina/Downloads/Skin/Train/melanoma/ISIC_0010551.jpg,0.0012149810791015625,0.6444120407104492,0.1472034454345703,225.0113139415286,1.2149810791015625,2.5103187561035156,222.5556440686618
146,/Users/soneyeoluwasina/Downloads/Skin/Train/melanoma/ISIC_0010235.jpg,0.0012729167938232422,0.6456859111785889,0.14288711547851562,226.11613088088302,1.2729167938232422,2.506237030029297,223.23947075486765
147,/Users/soneyeoluwasina/Downloads/Skin/Train/melanoma/ISIC_0010209.jpg,0.0017161369323730469,0.6474030017852783,0.2449512481689453,227.06104172305788,1.7161369323730469,2.49631404876709,223.9209748094129
148,/Users/soneyeoluwasina/Downloads/Skin/Train/melanoma/ISIC_0010023.jpg,0.0020551681518554688,0.6494591236114502,0.19073963165283203,227.88193224080948,2.0551681518554688,2.4997329711914062,224.5957202481593
149,/Users/soneyeoluwasina/Downloads/Skin/Train/melanoma/ISIC_0001112.jpg,0.00626683235168457,0.6557328701019287,1.3897027969360352,227.22667536376372,6.26683235168457,2.5257301330566406,225.25602736149605
150,/Users/soneyeoluwasina/Downloads/Skin/Train/melanoma/ISIC_0001106.jpg,0.005327939987182617,0.6610701084136963,0.4375600814819336,226.90482914125397,5.327939987182617,2.5635719299316406,225.89820529241223
151,/Users/soneyeoluwasina/Downloads/Skin/Train/melanoma/ISIC_0010792.jpg,0.0019428730010986328,0.663017988204956,0.17414283752441406,227.74646040722803,1.9428730010986328,2.6112747192382812,226.51902682317552
152,/Users/soneyeoluwasina/Downloads/Skin/Train/melanoma/ISIC_0010631.jpg,0.00191497802734375,0.6649360656738281,0.12594318389892578,228.5934059629738,1.91497802734375,2.603592872619629,227.1374309832744
153,/Users/soneyeoluwasina/Downloads/Skin/Train/melanoma/ISIC_0010143.jpg,0.0023610591888427734,0.6673009395599365,0.2058887481689453,229.28185909778364,2.3610591888427734,2.619295120239258,227.74561294670497
154,/Users/soneyeoluwasina/Downloads/Skin/Train/melanoma/ISIC_0010194.jpg,0.0015101432800292969,0.6688811779022217,0.20999717712402344,230.23521230330093,1.5101432800292969,2.5787782669067383,228.36248914445582
155,/Users/soneyeoluwasina/Downloads/Skin/Train/melanoma/ISIC_0000393.jpg,0.005727052688598633,0.6746101379394531,0.5525140762329102,229.76233424750487,5.727052688598633,2.561640739440918,228.9803446419372
156,/Users/soneyeoluwasina/Downloads/Skin/Train/melanoma/ISIC_0010355.jpg,0.002079010009765625,0.6766929626464844,0.18213748931884766,230.53291316921377,2.079010009765625,2.484579086303711,229.6198012475729
157,/Users/soneyeoluwasina/Downloads/Skin/Train/melanoma/ISIC_0000146.jpg,0.004772186279296875,0.6814670562744141,1.1865453720092773,230.38531144604448,4.772186279296875,2.421865463256836,230.27599974756163
158,/Users/soneyeoluwasina/Downloads/Skin/Train/melanoma/ISIC_0000152.jpg,0.003337860107421875,0.6848070621490479,0.7404918670654297,230.72191969540668,3.337860107421875,2.434720993041992,230.92297150917523
159,/Users/soneyeoluwasina/Downloads/Skin/Train/melanoma/ISIC_0011077.jpg,0.0013742446899414062,0.6861832141876221,0.21952533721923828,231.7165397119797,1.3742446899414062,2.4731016159057617,231.55208425192387
160,/Users/soneyeoluwasina/Downloads/Skin/Train/melanoma/ISIC_0010396.jpg,0.0012972354888916016,0.6874821186065674,0.19736671447753906,232.73332595806014,1.2972354888916016,2.5836610794067383,232.1406861486928
161,/Users/soneyeoluwasina/Downloads/Skin/Train/melanoma/ISIC_0010397.jpg,0.0011279582977294922,0.6886110305786133,0.16103076934814453,233.80398055011972,1.1279582977294922,2.543196678161621,232.73922041863375
162,/Users/soneyeoluwasina/Downloads/Skin/Train/melanoma/ISIC_0000153.jpg,0.005244016647338867,0.6938560009002686,0.7437276840209961,233.47783947938368,5.244016647338867,2.532472610473633,233.33707882838777
163,/Users/soneyeoluwasina/Downloads/Skin/Train/melanoma/ISIC_0010426.jpg,0.001661062240600586,0.695533037185669,0.0672454833984375,234.35263500860563,1.661062240600586,2.4987316131591797,233.94166629452047
164,/Users/soneyeoluwasina/Downloads/Skin/Train/melanoma/ISIC_0010432.jpg,0.0013527870178222656,0.6968889236450195,0.15508079528808594,235.33162091630277,1.3527870178222656,2.521634101867676,234.534061075966
165,/Users/soneyeoluwasina/Downloads/Skin/Train/melanoma/ISIC_0000147.jpg,0.00958704948425293,0.7064781188964844,1.2862739562988281,233.55288095508075,9.58704948425293,2.5264596939086914,235.12011687497133
166,/Users/soneyeoluwasina/Downloads/Skin/Train/melanoma/ISIC_0010803.jpg,0.0011742115020751953,0.7076551914215088,0.1507415771484375,234.57752025608121,1.1742115020751953,2.510800361633301,235.70678271718566
167,/Users/soneyeoluwasina/Downloads/Skin/Train/melanoma/ISIC_0010156.jpg,0.0019991397857666016,0.7096560001373291,0.16272354125976562,235.32528431758908,1.9991397857666016,2.7626991271972656,236.2075656515537
168,/Users/soneyeoluwasina/Downloads/Skin/Train/melanoma/ISIC_0010630.jpg,0.0023970603942871094,0.7120580673217773,0.22181224822998047,235.9358143808252,2.3970603942871094,3.119821548461914,236.59346172730966
169,/Users/soneyeoluwasina/Downloads/Skin/Train/melanoma/ISIC_0010977.jpg,0.0013990402221679688,0.7134618759155273,0.17301654815673828,236.87320332727813,1.3990402221679688,3.7951135635375977,236.77829921070636
170,/Users/soneyeoluwasina/Downloads/Skin/Train/melanoma/ISIC_0010778.jpg,0.0011630058288574219,0.7146270275115967,0.19686603546142578,237.88632874963758,1.1630058288574219,4.659423828125,236.7108294453775
171,/Users/soneyeoluwasina/Downloads/Skin/Train/melanoma/ISIC_0010750.jpg,0.000720977783203125,0.7153499126434326,0.049137115478515625,239.0438538925708,0.720977783203125,5.210590362548828,236.50309967514124
172,/Users/soneyeoluwasina/Downloads/Skin/Train/melanoma/ISIC_0010036.jpg,0.0013170242309570312,0.7166690826416016,0.2079143524169922,239.9991909320516,1.3170242309570312,5.232892036437988,236.28395362005384
173,/Users/soneyeoluwasina/Downloads/Skin/Train/melanoma/ISIC_0010591.jpg,0.0019969940185546875,0.7186689376831055,0.18622779846191406,240.72280145810856,1.9969940185546875,5.241107940673828,236.05775106472487
174,/Users/soneyeoluwasina/Downloads/Skin/Train/melanoma/ISIC_0010208.jpg,0.0033631324768066406,0.722034215927124,0.16958045959472656,240.98580948352463,3.3631324768066406,5.229601860046387,235.82999758938593
175,/Users/soneyeoluwasina/Downloads/Skin/Train/melanoma/ISIC_0010546.jpg,0.0038232803344726562,0.7258601188659668,0.24369144439697266,241.0932843002971,3.8232803344726562,5.167703628540039,235.62216665301028
176,/Users/soneyeoluwasina/Downloads/Skin/Train/melanoma/ISIC_0011112.jpg,0.0022058486938476562,0.7280700206756592,0.18754959106445312,241.73499114366712,2.2058486938476562,5.118823051452637,235.4288737239479
177,/Users/soneyeoluwasina/Downloads/Skin/Train/melanoma/ISIC_0001103.jpg,0.0030829906463623047,0.7311558723449707,0.7081270217895508,242.08244328575762,3.0829906463623047,5.141963958740234,235.22497546468156
178,/Users/soneyeoluwasina/Downloads/Skin/Train/melanoma/ISIC_0000553.jpg,0.0007669925689697266,0.7319250106811523,0.042026519775390625,243.19431280855892,0.7669925689697266,5.213007926940918,235.00002026806314
179,/Users/soneyeoluwasina/Downloads/Skin/Train/melanoma/ISIC_0010754.jpg,0.0018889904022216797,0.7338149547576904,0.22611618041992188,243.93070601716852,1.8889904022216797,5.2053070068359375,234.77352938442792
180,/Users/soneyeoluwasina/Downloads/Skin/Train/melanoma/ISIC_0000547.jpg,0.0006270408630371094,0.734442949295044,0.036070823669433594,245.08370619225528,0.6270408630371094,5.214362144470215,234.5402221453448
181,/Users/soneyeoluwasina/Downloads/Skin/Train/melanoma/ISIC_0010783.jpg,0.0012731552124023438,0.7357170581817627,0.18802928924560547,246.01849037905959,1.2731552124023438,5.127263069152832,234.33134354079314
182,/Users/soneyeoluwasina/Downloads/Skin/Train/melanoma/ISIC_0010797.jpg,0.002246856689453125,0.7379648685455322,0.2176055908203125,246.62420632395003,2.246856689453125,5.114021301269531,234.1217742281126
183,/Users/soneyeoluwasina/Downloads/Skin/Train/melanoma/ISIC_0010608.jpg,0.003197193145751953,0.7411701679229736,0.0749654769897461,246.90686150095877,3.197193145751953,5.090279579162598,233.9196393649874
184,/Users/soneyeoluwasina/Downloads/Skin/Train/melanoma/ISIC_0000143.jpg,0.009506940841674805,0.7506809234619141,0.7764015197753906,245.11079774273134,9.506940841674805,5.101823806762695,233.7136763342769
185,/Users/soneyeoluwasina/Downloads/Skin/Train/melanoma/ISIC_0010350.jpg,0.003731966018676758,0.7544198036193848,0.17560482025146484,245.2215584909739,3.731966018676758,5.113482475280762,233.49983253463807
186,/Users/soneyeoluwasina/Downloads/Skin/Train/melanoma/ISIC_0000157.jpg,0.0028917789459228516,0.7573208808898926,0.040863037109375,245.6026298673292,2.8917789459228516,5.132293701171875,233.27628483036904
187,/Users/soneyeoluwasina/Downloads/Skin/Train/melanoma/ISIC_0010393.jpg,0.0013759136199951172,0.7587020397186279,0.19952678680419922,246.47356961021322,1.3759136199951172,5.148172378540039,233.04339524571458
188,/Users/soneyeoluwasina/Downloads/Skin/Train/melanoma/ISIC_0011099.jpg,0.0024831295013427734,0.7611870765686035,0.22045516967773438,246.98264827024573,2.4831295013427734,5.063791275024414,232.83326034624676
189,/Users/soneyeoluwasina/Downloads/Skin/Train/melanoma/ISIC_0010392.jpg,0.001486063003540039,0.7626750469207764,0.06046485900878906,247.8119623331961,1.486063003540039,5.092253684997559,232.6121633617729
190,/Users/soneyeoluwasina/Downloads/Skin/Train/melanoma/ISIC_0010423.jpg,0.0011661052703857422,0.7638440132141113,0.060454368591308594,248.74188540212012,1.1661052703857422,5.082440376281738,232.38833703152167
191,/Users/soneyeoluwasina/Downloads/Skin/Train/melanoma/ISIC_0000156.jpg,0.013299942016601562,0.7771470546722412,1.441634178161621,245.7707313586275,13.299942016601562,4.933724403381348,232.21090036927154
192,/Users/soneyeoluwasina/Downloads/Skin/Train/melanoma/ISIC_0000142.jpg,0.01977229118347168,0.7969231605529785,1.2847461700439453,240.92661564356186,19.77229118347168,4.935455322265625,232.02792120930124
193,/Users/soneyeoluwasina/Downloads/Skin/Train/melanoma/ISIC_0010379.jpg,0.035179853439331055,0.8321058750152588,0.2070465087890625,231.94163843208156,35.179853439331055,4.9552154541015625,231.83677399518777
194,/Users/soneyeoluwasina/Downloads/Skin/Train/melanoma/ISIC_0010812.jpg,0.044290781021118164,0.8797848224639893,0.22389602661132812,220.50846416816958,44.290781021118164,4.929413795471191,231.64899137324105
195,/Users/soneyeoluwasina/Downloads/Skin/Train/melanoma/ISIC_0000432.jpg,0.02877330780029297,0.908562183380127,0.8401384353637695,214.6248254297145,28.77330780029297,5.014376640319824,231.43668434060885
196,/Users/soneyeoluwasina/Downloads/Skin/Train/melanoma/ISIC_0010609.jpg,0.00238800048828125,0.9109549522399902,0.13506412506103516,215.1588281265131,2.38800048828125,5.01673698425293,231.21873689372956
197,/Users/soneyeoluwasina/Downloads/Skin/Train/melanoma/ISIC_0010796.jpg,0.002126932144165039,0.9130899906158447,0.22118186950683594,215.75091395660897,2.126932144165039,5.025434494018555,230.9928332042022
198,/Users/soneyeoluwasina/Downloads/Skin/Train/melanoma/ISIC_0010782.jpg,0.0014798641204833984,0.9145739078521729,0.17823314666748047,216.4942584738638,1.4798641204833984,5.110278129577637,230.74236501571053
199,/Users/soneyeoluwasina/Downloads/Skin/Train/melanoma/ISIC_0000552.jpg,0.0031719207763671875,0.917747974395752,0.21486759185791016,216.8351285449823,3.1719207763671875,5.147795677185059,230.47983959967917
200,/Users/soneyeoluwasina/Downloads/Skin/Train/melanoma/ISIC_0010741.jpg,0.0028839111328125,0.9206399917602539,0.15716552734375,217.2401826881343,2.8839111328125,5.099554061889648,230.22801907893302
201,/Users/soneyeoluwasina/Downloads/Skin/Train/melanoma/ISIC_0001102.jpg,0.0030999183654785156,0.9239189624786377,0.30132579803466797,217.5515474439106,3.0999183654785156,5.083746910095215,229.9802862718773
202,/Users/soneyeoluwasina/Downloads/Skin/Train/melanoma/ISIC_0001116.jpg,0.00546717643737793,0.9293951988220215,0.9682092666625977,217.34564613205288,5.46717643737793,5.074915885925293,229.73180626963625
203,/Users/soneyeoluwasina/Downloads/Skin/Train/melanoma/ISIC_0010580.jpg,0.00197601318359375,0.9313750267028809,0.1940469741821289,217.95731491602393,1.97601318359375,5.044975280761719,229.48925603359686
204,/Users/soneyeoluwasina/Downloads/Skin/Train/melanoma/ISIC_0010231.jpg,0.001962900161743164,0.9333400726318359,0.20612716674804688,218.56985034914445,1.962900161743164,5.058093070983887,229.2380655116406
205,/Users/soneyeoluwasina/Downloads/Skin/Train/melanoma/ISIC_0010225.jpg,0.0013720989227294922,0.9347140789031982,0.19588375091552734,219.31840401992105,1.3720989227294922,5.02964973449707,228.9901814806941
206,/Users/soneyeoluwasina/Downloads/Skin/Train/melanoma/ISIC_0010543.jpg,0.001416921615600586,0.9361319541931152,0.2283191680908203,220.05444753518597,1.416921615600586,5.048089027404785,228.73217168769975
207,/Users/soneyeoluwasina/Downloads/Skin/Train/melanoma/ISIC_0009984.jpg,0.0035851001739501953,0.9397192001342773,0.24221420288085938,220.2785682897844,3.5851001739501953,5.054426193237305,228.4681720005282
208,/Users/soneyeoluwasina/Downloads/Skin/Train/melanoma/ISIC_0009992.jpg,0.003915071487426758,0.9436368942260742,0.24734973907470703,220.42376815988277,3.915071487426758,5.0353288650512695,228.20612031735217
209,/Users/soneyeoluwasina/Downloads/Skin/Train/melanoma/ISIC_0010555.jpg,0.0019571781158447266,0.9455971717834473,0.16332244873046875,221.02434973003855,1.9571781158447266,4.995765686035156,227.95279380694578
210,/Users/soneyeoluwasina/Downloads/Skin/Train/melanoma/ISIC_0011139.jpg,0.0022377967834472656,0.9478418827056885,0.18346786499023438,221.55594074460885,2.2377967834472656,4.829545021057129,227.74983061954816
211,/Users/soneyeoluwasina/Downloads/Skin/Train/melanoma/ISIC_0010596.jpg,0.0019218921661376953,0.94976806640625,0.20576190948486328,222.15950131739606,1.9218921661376953,4.7696685791015625,227.56123018033068
212,/Users/soneyeoluwasina/Downloads/Skin/Train/melanoma/ISIC_0010757.jpg,0.0010249614715576172,0.9507958889007568,0.05121898651123047,222.9710945059927,1.0249614715576172,4.738912582397461,227.3786459825448
213,/Users/soneyeoluwasina/Downloads/Skin/Train/melanoma/ISIC_0001128.jpg,0.0030841827392578125,0.953883171081543,0.37158966064453125,223.29778578491312,3.0841827392578125,4.7467756271362305,227.19027443673951
214,/Users/soneyeoluwasina/Downloads/Skin/Train/melanoma/ISIC_0000550.jpg,0.00086212158203125,0.9547591209411621,0.04589271545410156,224.14030440374074,0.86212158203125,4.722871780395508,227.00557664136838
215,/Users/soneyeoluwasina/Downloads/Skin/Train/melanoma/ISIC_0010145.jpg,0.0021512508392333984,0.9569120407104492,0.3776111602783203,224.68104784257446,2.1512508392333984,4.713811874389648,226.81933409238
216,/Users/soneyeoluwasina/Downloads/Skin/Train/melanoma/ISIC_0010810.jpg,0.0012607574462890625,0.9581749439239502,0.1517190933227539,225.42856225756597,1.2607574462890625,4.725146293640137,226.62617819297586
217,/Users/soneyeoluwasina/Downloads/Skin/Train/melanoma/ISIC_0000395.jpg,0.0029871463775634766,0.9611639976501465,0.5894699096679688,225.76792361191383,2.9871463775634766,4.487829208374023,226.50550895499353
218,/Users/soneyeoluwasina/Downloads/Skin/Train/melanoma/ISIC_0000168.jpg,0.0011069774627685547,0.9622740745544434,0.047965049743652344,226.54668328349112,1.1069774627685547,4.132905006408691,226.49191482068701
219,/Users/soneyeoluwasina/Downloads/Skin/Train/melanoma/ISIC_0000154.jpg,0.005647182464599609,0.9679222106933594,1.0985145568847656,226.25785169566674,5.647182464599609,3.4608030319213867,226.67032949552208
220,/Users/soneyeoluwasina/Downloads/Skin/Train/melanoma/ISIC_0010391.jpg,0.0012810230255126953,0.969210147857666,0.10089778900146484,226.98895640567338,1.2810230255126953,2.605605125427246,227.0898630897533
221,/Users/soneyeoluwasina/Downloads/Skin/Train/melanoma/ISIC_0010385.jpg,0.001155853271484375,0.9703679084777832,0.20392990112304688,227.74866941620405,1.155853271484375,2.059497833251953,227.63980873340685
222,/Users/soneyeoluwasina/Downloads/Skin/Train/melanoma/ISIC_0000141.jpg,0.005559206008911133,0.9759280681610107,1.1765470504760742,227.4757815074686,5.559206008911133,2.044215202331543,228.19103534981343
223,/Users/soneyeoluwasina/Downloads/Skin/Train/melanoma/ISIC_0000155.jpg,0.0038728713989257812,0.9798040390014648,0.972254753112793,227.59653065654143,3.8728713989257812,2.033257484436035,228.74255667722642
224,/Users/soneyeoluwasina/Downloads/Skin/Train/melanoma/ISIC_0000169.jpg,0.0009510517120361328,0.9807579517364502,0.033707618713378906,228.3947834462151,0.9510517120361328,2.031702995300293,229.29216454470043
225,/Users/soneyeoluwasina/Downloads/Skin/Train/melanoma/ISIC_0000394.jpg,0.0030329227447509766,0.9837930202484131,0.5199623107910156,228.7066439475107,3.0329227447509766,1.9878101348876953,229.84991101175336
226,/Users/soneyeoluwasina/Downloads/Skin/Train/melanoma/ISIC_0010965.jpg,0.0017642974853515625,0.9855611324310303,0.1720256805419922,229.3109910316147,1.7642974853515625,1.956629753112793,230.4128177318623
227,/Users/soneyeoluwasina/Downloads/Skin/Train/melanoma/ISIC_0010971.jpg,0.0015859603881835938,0.9871499538421631,0.03711414337158203,229.95493148378893,1.5859603881835938,1.921534538269043,230.98262166580713
228,/Users/soneyeoluwasina/Downloads/Skin/Train/melanoma/ISIC_0010024.jpg,0.001422882080078125,0.9885759353637695,0.1389169692993164,230.6347867107468,1.422882080078125,1.8443918228149414,231.56835444484207
229,/Users/soneyeoluwasina/Downloads/Skin/Train/melanoma/ISIC_0000551.jpg,0.0004668235778808594,0.9890449047088623,0.024872779846191406,231.53650446984406,0.4668235778808594,1.8267488479614258,232.15611684753486
230,/Users/soneyeoluwasina/Downloads/Skin/Train/melanoma/ISIC_0001101.jpg,0.0015490055084228516,0.9905970096588135,0.2731895446777344,232.18321654253506,1.5490055084228516,1.8189096450805664,232.7435321309778
231,/Users/soneyeoluwasina/Downloads/Skin/Train/melanoma/ISIC_0010583.jpg,0.0015900135040283203,0.9921891689300537,0.18294715881347656,232.81850602048326,1.5900135040283203,1.8175506591796875,233.32915464814704
232,/Users/soneyeoluwasina/Downloads/Skin/Train/melanoma/ISIC_0010597.jpg,0.0012919902801513672,0.9934840202331543,0.17279529571533203,233.5216221651491,1.2919902801513672,1.8133974075317383,233.91366862451946
233,/Users/soneyeoluwasina/Downloads/Skin/Train/melanoma/ISIC_0009950.jpg,0.001219034194946289,0.994704008102417,0.182861328125,234.24053598063895,1.219034194946289,1.7650938034057617,234.50747521206213
234,/Users/soneyeoluwasina/Downloads/Skin/Train/melanoma/ISIC_0011138.jpg,0.0011959075927734375,0.9959030151367188,0.18707656860351562,234.9626383728502,1.1959075927734375,1.715073585510254,235.11092689937905
235,/Users/soneyeoluwasina/Downloads/Skin/Train/melanoma/ISIC_0009993.jpg,0.0007381439208984375,0.99664306640625,0.04539012908935547,235.79153653009982,0.7381439208984375,1.6988134384155273,235.71620421831537
236,/Users/soneyeoluwasina/Downloads/Skin/Train/melanoma/ISIC_0010533.jpg,0.0013539791107177734,0.9979979991912842,0.24619102478027344,236.47341997803582,1.3539791107177734,1.6774940490722656,236.32452469298786
237,/Users/soneyeoluwasina/Downloads/Skin/Train/melanoma/ISIC_0010527.jpg,0.0017690658569335938,0.9997680187225342,0.143157958984375,237.05499231994804,1.7690658569335938,1.6634798049926758,236.93417651051013
238,/Users/soneyeoluwasina/Downloads/Skin/Train/melanoma/ISIC_0010241.jpg,0.0012879371643066406,1.001060962677002,0.1371297836303711,237.74775850168882,1.2879371643066406,1.664419174194336,237.54169853073978
239,/Users/soneyeoluwasina/Downloads/Skin/Train/melanoma/ISIC_0011163.jpg,0.0010330677032470703,1.0020971298217773,0.12912559509277344,238.49983488377626,1.0330677032470703,1.625199317932129,238.15650332952802
240,/Users/soneyeoluwasina/Downloads/Skin/Train/melanoma/ISIC_0000522.jpg,0.0017328262329101562,1.003830909729004,0.32138919830322266,239.08409043191432,1.7328262329101562,1.6277170181274414,238.76890898242894
241,/Users/soneyeoluwasina/Downloads/Skin/Train/melanoma/ISIC_0000278.jpg,0.0014340877532958984,1.0052671432495117,0.18587589263916016,239.73726945950997,1.4340877532958984,1.6028499603271484,239.38532278928062
242,/Users/soneyeoluwasina/Downloads/Skin/Train/melanoma/ISIC_0010719.jpg,0.002026081085205078,1.0072970390319824,0.2045135498046875,240.24690892823753,2.026081085205078,1.5976333618164062,240.00112440162485
243,/Users/soneyeoluwasina/Downloads/Skin/Train/melanoma/ISIC_0010094.jpg,0.0015747547149658203,1.0088748931884766,0.18349742889404297,240.86237217383413,1.5747547149658203,1.5590763092041016,240.62416042997705
244,/Users/soneyeoluwasina/Downloads/Skin/Train/melanoma/ISIC_0010080.jpg,0.0015308856964111328,1.0104141235351562,0.17235565185546875,241.48514387973148,1.5308856964111328,1.5967369079589844,241.2360648901032
245,/Users/soneyeoluwasina/Downloads/Skin/Train/melanoma/ISIC_0000293.jpg,0.0014679431915283203,1.0118861198425293,0.21057415008544922,242.1221076123933,1.4679431915283203,1.5071916580200195,241.86714769239927
246,/Users/soneyeoluwasina/Downloads/Skin/Train/melanoma/ISIC_0010137.jpg,0.0016238689422607422,1.0135128498077393,0.18797969818115234,242.72015894684074,1.6238689422607422,1.5279340744018555,242.49129900096375
247,/Users/soneyeoluwasina/Downloads/Skin/Train/melanoma/ISIC_0010862.jpg,0.0015790462493896484,1.0150949954986572,0.1577596664428711,243.32698032725818,1.5790462493896484,1.5261030197143555,243.11410836882723
248,/Users/soneyeoluwasina/Downloads/Skin/Train/melanoma/ISIC_0010876.jpg,0.001402139663696289,1.0164990425109863,0.15684890747070312,243.97465184756396,1.402139663696289,1.4537954330444336,243.75184918705185
249,/Users/soneyeoluwasina/Downloads/Skin/Train/melanoma/ISIC_0010321.jpg,0.0009772777557373047,1.0174791812896729,0.13292407989501953,244.7224518976281,0.9772777557373047,1.4174413681030273,244.39605829784668
250,/Users/soneyeoluwasina/Downloads/Skin/Train/melanoma/ISIC_0010485.jpg,0.0013248920440673828,1.0188050270080566,0.19124603271484375,245.38551869358122,1.3248920440673828,1.4222192764282227,245.0374366327145
251,/Users/soneyeoluwasina/Downloads/Skin/Train/melanoma/ISIC_0010863.jpg,0.0013451576232910156,1.0201520919799805,0.17902755737304688,246.04174414115266,1.3451576232910156,1.3831853866577148,245.68621679461427
252,/Users/soneyeoluwasina/Downloads/Skin/Train/melanoma/ISIC_0010644.jpg,0.0016100406646728516,1.0217640399932861,0.15065574645996094,246.6322850838006,1.6100406646728516,1.3670158386230469,246.33714883912947
253,/Users/soneyeoluwasina/Downloads/Skin/Train/melanoma/ISIC_0010917.jpg,0.0010938644409179688,1.0228610038757324,0.060334205627441406,247.3454350506621,1.0938644409179688,1.3574552536010742,246.98865328740158
254,/Users/soneyeoluwasina/Downloads/Skin/Train/melanoma/ISIC_0000292.jpg,0.0015709400177001953,1.0244388580322266,0.19576454162597656,247.94061452129117,1.5709400177001953,1.3491630554199219,247.64048508207685
255,/Users/soneyeoluwasina/Downloads/Skin/Train/melanoma/ISIC_0010081.jpg,0.0013041496276855469,1.0257461071014404,0.20779800415039062,248.5995298783834,1.3041496276855469,1.3553237915039062,248.28934136423632
256,/Users/soneyeoluwasina/Downloads/Skin/Train/melanoma/ISIC_0000279.jpg,0.001209259033203125,1.0269570350646973,0.21121883392333984,249.28014635380754,1.209259033203125,1.3514995574951172,248.9373824654706
257,/Users/soneyeoluwasina/Downloads/Skin/Train/melanoma/ISIC_0010730.jpg,0.0011699199676513672,1.028127908706665,0.23796844482421875,249.9688976669192,1.1699199676513672,1.3452434539794922,249.58521511097945
258,/Users/soneyeoluwasina/Downloads/Skin/Train/melanoma/ISIC_0010056.jpg,0.0014140605926513672,1.0295441150665283,0.14222240447998047,250.5963525257276,1.4140605926513672,1.3964557647705078,250.21857636210135
259,/Users/soneyeoluwasina/Downloads/Skin/Train/melanoma/ISIC_0010283.jpg,0.0011441707611083984,1.030689001083374,0.1463603973388672,251.2882156768539,1.1441707611083984,1.3907384872436523,250.85170039923875
260,/Users/soneyeoluwasina/Downloads/Skin/Train/melanoma/ISIC_0011176.jpg,0.0011718273162841797,1.0318608283996582,0.14943885803222656,251.9719644782342,1.1718273162841797,1.3899946212768555,251.48336400850397
261,/Users/soneyeoluwasina/Downloads/Skin/Train/melanoma/ISIC_0010240.jpg,0.0012211799621582031,1.0330820083618164,0.20848655700683594,252.64209219350758,1.2211799621582031,1.3976526260375977,252.11159774769527
262,/Users/soneyeoluwasina/Downloads/Skin/Train/melanoma/ISIC_0010532.jpg,0.001071929931640625,1.034153938293457,0.15906429290771484,253.34719551747574,1.071929931640625,1.3963699340820312,252.73846152021645
263,/Users/soneyeoluwasina/Downloads/Skin/Train/melanoma/ISIC_0011174.jpg,0.001123189926147461,1.035278081893921,0.1851358413696289,254.0380257243272,1.123189926147461,1.4291906356811523,253.35530800512285
264,/Users/soneyeoluwasina/Downloads/Skin/Train/melanoma/ISIC_0009908.jpg,0.000988006591796875,1.0362670421600342,0.2147359848022461,254.7605870487866,0.988006591796875,1.4260292053222656,253.97129865563747
265,/Users/soneyeoluwasina/Downloads/Skin/Train/melanoma/ISIC_0010295.jpg,0.00090789794921875,1.037174940109253,0.174072265625,255.50173818515677,0.90789794921875,1.4261722564697266,254.58567427291928
266,/Users/soneyeoluwasina/Downloads/Skin/Train/melanoma/ISIC_0009934.jpg,0.0009999275207519531,1.0381758213043213,0.14920616149902344,256.21864287477683,0.9999275207519531,1.4314794540405273,255.1969572803808
267,/Users/soneyeoluwasina/Downloads/Skin/Train/melanoma/ISIC_0010054.jpg,0.0010592937469482422,1.0392351150512695,0.17565250396728516,256.91972502952603,1.0592937469482422,1.439957618713379,255.80443663628128
268,/Users/soneyeoluwasina/Downloads/Skin/Train/melanoma/ISIC_0000521.jpg,0.0029900074005126953,1.0422260761260986,0.7821054458618164,257.1419062897969,2.9900074005126953,1.4259767532348633,256.4136185470488
269,/Users/soneyeoluwasina/Downloads/Skin/Train/melanoma/ISIC_0010652.jpg,0.0011699199676513672,1.04339599609375,0.2160015106201172,257.8119918104709,1.1699199676513672,1.4145421981811523,257.02397487422377
270,/Users/soneyeoluwasina/Downloads/Skin/Train/melanoma/ISIC_0000441.jpg,0.002318143844604492,1.045715093612671,0.5468740463256836,258.19652183389735,2.318143844604492,1.4168024063110352,257.63211556626123
271,/Users/soneyeoluwasina/Downloads/Skin/Train/melanoma/ISIC_0010120.jpg,0.001064300537109375,1.0467801094055176,0.18489837646484375,258.8891378093772,1.064300537109375,1.4100074768066406,258.24032605684187
272,/Users/soneyeoluwasina/Downloads/Skin/Train/melanoma/ISIC_0000469.jpg,0.001943826675415039,1.0487239360809326,0.4245452880859375,259.36282241870094,1.943826675415039,1.3970232009887695,258.85013219943744
273,/Users/soneyeoluwasina/Downloads/Skin/Train/melanoma/ISIC_0000482.jpg,0.0020551681518554688,1.0507800579071045,0.43622779846191406,259.8069861962825,2.0551681518554688,1.3849449157714844,259.4613257929586
274,/Users/soneyeoluwasina/Downloads/Skin/Train/melanoma/ISIC_0010322.jpg,0.0011899471282958984,1.0519700050354004,0.1834878921508789,260.4637001896071,1.1899471282958984,1.419358253479004,260.06222235876646
275,/Users/soneyeoluwasina/Downloads/Skin/Train/melanoma/ISIC_0010478.jpg,0.001081228256225586,1.0530521869659424,0.19926071166992188,261.14565204249845,1.081228256225586,1.4666461944580078,260.6497028021581
276,/Users/soneyeoluwasina/Downloads/Skin/Train/melanoma/ISIC_0009897.jpg,0.0009558200836181641,1.0540080070495605,0.05656623840332031,261.85759325737473,0.9558200836181641,1.4768123626708984,261.23302236689324
277,/Users/soneyeoluwasina/Downloads/Skin/Train/melanoma/ISIC_0009868.jpg,0.001107931137084961,1.055116891860962,0.15242862701416016,262.53015389739556,1.107931137084961,1.4716100692749023,261.81587076122537
278,/Users/soneyeoluwasina/Downloads/Skin/Train/melanoma/ISIC_0010486.jpg,0.0010082721710205078,1.0561251640319824,0.16472148895263672,263.22637644450765,1.0082721710205078,1.4630126953125,262.39924148026955
279,/Users/soneyeoluwasina/Downloads/Skin/Train/melanoma/ISIC_0009882.jpg,0.0007748603820800781,1.056900978088379,0.04328441619873047,263.9793185778184,0.7748603820800781,1.4666938781738281,262.9801580322196
280,/Users/soneyeoluwasina/Downloads/Skin/Train/melanoma/ISIC_0010860.jpg,0.0013577938079833984,1.0582599639892578,0.18152618408203125,264.5852716042485,1.3577938079833984,1.4585161209106445,263.56154201498424
281,/Users/soneyeoluwasina/Downloads/Skin/Train/melanoma/ISIC_0010690.jpg,0.0012772083282470703,1.0595371723175049,0.2005634307861328,265.21013829592613,1.2772083282470703,1.4586305618286133,264.14134552851556
282,/Users/soneyeoluwasina/Downloads/Skin/Train/melanoma/ISIC_0000440.jpg,0.0038526058197021484,1.063389778137207,1.1530914306640625,265.1896847212444,3.8526058197021484,1.4665031433105469,264.71761941095167
283,/Users/soneyeoluwasina/Downloads/Skin/Train/melanoma/ISIC_0010653.jpg,0.0009331703186035156,1.0643229484558105,0.17164134979248047,265.8967378375097,0.9331703186035156,1.5007400512695312,265.2837125696215
284,/Users/soneyeoluwasina/Downloads/Skin/Train/melanoma/ISIC_0010900.jpg,0.0011587142944335938,1.0654828548431396,0.20981407165527344,266.5458188361093,1.1587142944335938,1.4954423904418945,265.8495751120048
285,/Users/soneyeoluwasina/Downloads/Skin/Train/melanoma/ISIC_0000285.jpg,0.0011210441589355469,1.0666038990020752,0.19867706298828125,267.2032234896654,1.1210441589355469,1.4957761764526367,266.41383419087333
286,/Users/soneyeoluwasina/Downloads/Skin/Train/melanoma/ISIC_0000291.jpg,0.0012898445129394531,1.0678949356079102,0.16167640686035156,267.816608604096,1.2898445129394531,1.493697166442871,266.9770862940872
287,/Users/soneyeoluwasina/Downloads/Skin/Train/melanoma/ISIC_0000520.jpg,0.0034101009368896484,1.0713059902191162,0.9799280166625977,267.8973165652694,3.4101009368896484,1.5104913711547852,267.5345558771916
288,/Users/soneyeoluwasina/Downloads/Skin/Train/melanoma/ISIC_0010280.jpg,0.0011298656463623047,1.072436809539795,0.17352008819580078,268.54729102741896,1.1298656463623047,1.5647315979003906,268.0768185518653
289,/Users/soneyeoluwasina/Downloads/Skin/Train/melanoma/ISIC_0011161.jpg,0.0010402202606201172,1.073477029800415,0.16223716735839844,269.21861574786743,1.0402202606201172,1.567087173461914,268.6169617716687
290,/Users/soneyeoluwasina/Downloads/Skin/Train/melanoma/ISIC_0000518.jpg,0.0019981861114501953,1.0754752159118652,0.4540538787841797,269.64824080498886,1.9981861114501953,1.5815067291259766,269.1519662705834
291,/Users/soneyeoluwasina/Downloads/Skin/Train/melanoma/ISIC_0001148.jpg,0.0018579959869384766,1.077333927154541,0.3999652862548828,270.11123725453484,1.8579959869384766,1.5883255004882812,269.6837568420757
292,/Users/soneyeoluwasina/Downloads/Skin/Train/melanoma/ISIC_0010723.jpg,0.0013270378112792969,1.0786609649658203,0.2012176513671875,270.70600446661444,1.3270378112792969,1.5874862670898438,270.21425777816233
293,/Users/soneyeoluwasina/Downloads/Skin/Train/melanoma/ISIC_0010737.jpg,0.0010030269622802734,1.0796661376953125,0.0890188217163086,271.38018853258336,1.0030269622802734,1.5897369384765625,270.7426857285298
294,/Users/soneyeoluwasina/Downloads/Skin/Train/melanoma/ISIC_0000295.jpg,0.0016438961029052734,1.0813109874725342,0.3142538070678711,271.8921784816024,1.6438961029052734,1.5480422973632812,271.2799503888526
295,/Users/soneyeoluwasina/Downloads/Skin/Train/melanoma/ISIC_0010938.jpg,0.0011281967163085938,1.0824391841888428,0.1830615997314453,272.5326321414231,1.1281967163085938,1.5590190887451172,271.81294220958074
296,/Users/soneyeoluwasina/Downloads/Skin/Train/melanoma/ISIC_0010119.jpg,0.0009746551513671875,1.08341383934021,0.16226673126220703,273.2104660766209,0.9746551513671875,1.5450572967529297,272.34783430626374
297,/Users/soneyeoluwasina/Downloads/Skin/Train/melanoma/ISIC_0010131.jpg,0.0009751319885253906,1.0843901634216309,0.17120933532714844,273.88666000331557,0.9751319885253906,1.5631914138793945,272.87665774736774
298,/Users/soneyeoluwasina/Downloads/Skin/Train/melanoma/ISIC_0000444.jpg,0.0031228065490722656,1.0875139236450195,0.8676090240478516,274.01948013795874,3.1228065490722656,1.5542793273925781,273.40616699922634
299,/Users/soneyeoluwasina/Downloads/Skin/Train/melanoma/ISIC_0000450.jpg,0.0033416748046875,1.0908567905426025,0.9168386459350586,274.09647406720967,3.3416748046875,1.5558958053588867,273.9336893521579
300,/Users/soneyeoluwasina/Downloads/Skin/Train/melanoma/ISIC_0000487.jpg,0.001833200454711914,1.09269118309021,0.4065074920654297,274.55149693033877,1.833200454711914,1.547994613647461,274.46175702948005
301,/Users/soneyeoluwasina/Downloads/Skin/Train/melanoma/ISIC_0010469.jpg,0.001085042953491211,1.0938129425048828,0.19199657440185547,275.1841638577579,1.085042953491211,1.543130874633789,274.9896264610785
302,/Users/soneyeoluwasina/Downloads/Skin/Train/melanoma/ISIC_0009886.jpg,0.0011801719665527344,1.0949931144714355,0.1909351348876953,275.80082103601035,1.1801719665527344,1.5447139739990234,275.5156696817113
303,/Users/soneyeoluwasina/Downloads/Skin/Train/melanoma/ISIC_0011039.jpg,0.001277923583984375,1.0962719917297363,0.22219085693359375,276.3912626481645,1.277923583984375,1.552581787109375,276.0382739612766
304,/Users/soneyeoluwasina/Downloads/Skin/Train/melanoma/ISIC_0010441.jpg,0.0011620521545410156,1.0974340438842773,0.15787792205810547,277.0098136595226,1.1620521545410156,1.555638313293457,276.558670998196
305,/Users/soneyeoluwasina/Downloads/Skin/Train/melanoma/ISIC_0010482.jpg,0.0013098716735839844,1.0987439155578613,0.14790058135986328,277.5897055549504,1.3098716735839844,1.5647220611572266,277.0753542163509
306,/Users/soneyeoluwasina/Downloads/Skin/Train/melanoma/ISIC_0010468.jpg,0.0016028881072998047,1.1003479957580566,0.17196178436279297,278.09384047561167,1.6028881072998047,1.56158447265625,277.5913813765344
307,/Users/soneyeoluwasina/Downloads/Skin/Train/melanoma/ISIC_0000445.jpg,0.002881765365600586,1.1032309532165527,0.7890167236328125,278.27355560041025,2.881765365600586,1.5549659729003906,278.107658846535
308,/Users/soneyeoluwasina/Downloads/Skin/Train/melanoma/ISIC_0000280.jpg,0.0011491775512695312,1.1043801307678223,0.21121883392333984,278.88947964489586,1.1491775512695312,1.5437555313110352,278.62507683425605
309,/Users/soneyeoluwasina/Downloads/Skin/Train/melanoma/ISIC_0000294.jpg,0.0011608600616455078,1.1055409908294678,0.1711750030517578,279.50116962028045,1.1608600616455078,1.5650320053100586,279.1356771789395
310,/Users/soneyeoluwasina/Downloads/Skin/Train/melanoma/ISIC_0010050.jpg,0.0010678768157958984,1.1066110134124756,0.1598987579345703,280.13456963892634,1.0678768157958984,1.5748023986816406,279.6423750643729
311,/Users/soneyeoluwasina/Downloads/Skin/Train/melanoma/ISIC_0000531.jpg,0.0020608901977539062,1.108672857284546,0.44304752349853516,280.51557134872695,2.0608901977539062,1.5730810165405273,280.148111839236
312,/Users/soneyeoluwasina/Downloads/Skin/Train/melanoma/ISIC_0000519.jpg,0.0037839412689208984,1.1124567985534668,0.9018945693969727,280.460329251163,3.7839412689208984,1.651163101196289,280.6325558974934
313,/Users/soneyeoluwasina/Downloads/Skin/Train/melanoma/ISIC_0009918.jpg,0.0012409687042236328,1.1136999130249023,0.2210102081298828,281.04518671449455,1.2409687042236328,1.616678237915039,281.12418684923597
314,/Users/soneyeoluwasina/Downloads/Skin/Train/melanoma/ISIC_0010534.jpg,0.001708984375,1.1154100894927979,0.212677001953125,281.51081199452204,1.708984375,1.6151809692382812,281.6148030468092
315,/Users/soneyeoluwasina/Downloads/Skin/Train/melanoma/ISIC_0011158.jpg,0.0012488365173339844,1.1166598796844482,0.1836414337158203,282.0912667597715,1.2488365173339844,1.8545913696289062,282.0437513962669
316,/Users/soneyeoluwasina/Downloads/Skin/Train/melanoma/ISIC_0010278.jpg,0.0009579658508300781,1.1176199913024902,0.06655406951904297,282.7436896791092,0.9579658508300781,1.9562864303588867,282.4460358653939
317,/Users/soneyeoluwasina/Downloads/Skin/Train/melanoma/ISIC_0011166.jpg,0.0011718273162841797,1.1187927722930908,0.20458507537841797,283.34112254789875,1.1718273162841797,2.02908992767334,282.82897728544316
318,/Users/soneyeoluwasina/Downloads/Skin/Train/melanoma/ISIC_0010536.jpg,0.0009052753448486328,1.1196980476379395,0.06506061553955078,284.0051393059382,0.9052753448486328,2.0532894134521484,283.20451025330743
319,/Users/soneyeoluwasina/Downloads/Skin/Train/melanoma/ISIC_0000533.jpg,0.001718759536743164,1.1214168071746826,0.3342294692993164,284.46158284687584,1.718759536743164,2.0744705200195312,283.5733558465415
320,/Users/soneyeoluwasina/Downloads/Skin/Train/melanoma/ISIC_0000296.jpg,0.0016200542449951172,1.1230390071868896,0.2950868606567383,284.94112666804944,1.6200542449951172,2.068948745727539,283.94213471500257
321,/Users/soneyeoluwasina/Downloads/Skin/Train/melanoma/ISIC_0000309.jpg,0.001971006393432617,1.125011920928955,0.3533344268798828,285.33030986457544,1.9710063934326172,2.0995283126831055,284.3019442256754
322,/Users/soneyeoluwasina/Downloads/Skin/Train/melanoma/ISIC_0010898.jpg,0.0014982223510742188,1.1265110969543457,0.24210166931152344,285.8382850116298,1.4982223510742188,2.1369314193725586,284.6510740058335
323,/Users/soneyeoluwasina/Downloads/Skin/Train/melanoma/ISIC_0000484.jpg,0.0021359920501708984,1.128648042678833,0.32825469970703125,286.1831038428625,2.1359920501708984,2.1500349044799805,284.9954970369719
324,/Users/soneyeoluwasina/Downloads/Skin/Train/melanoma/ISIC_0011012.jpg,0.0007948875427246094,1.1294429302215576,0.060370445251464844,286.86708405571443,0.7948875427246094,2.246079444885254,285.3154702187186
325,/Users/soneyeoluwasina/Downloads/Skin/Train/melanoma/ISIC_0011013.jpg,0.0008380413055419922,1.1302809715270996,0.06877708435058594,287.5391236224203,0.8380413055419922,2.2033071517944336,285.64473561524426
326,/Users/soneyeoluwasina/Downloads/Skin/Train/melanoma/ISIC_0010319.jpg,0.0010349750518798828,1.131316900253296,0.15277481079101562,288.15975428901515,1.0349750518798828,2.2026824951171875,285.97281116748263
327,/Users/soneyeoluwasina/Downloads/Skin/Train/melanoma/ISIC_0009890.jpg,0.001501321792602539,1.1328191757202148,0.15630149841308594,288.66036787566077,1.501321792602539,2.211184501647949,286.2975378876175
328,/Users/soneyeoluwasina/Downloads/Skin/Train/melanoma/ISIC_0011007.jpg,0.0011610984802246094,1.1339819431304932,0.14082813262939453,289.2462282904758,1.1610984802246094,2.2277212142944336,286.61680961783117
329,/Users/soneyeoluwasina/Downloads/Skin/Train/melanoma/ISIC_0010872.jpg,0.0012290477752685547,1.1352128982543945,0.1815328598022461,289.8134794855661,1.2290477752685547,2.237381935119629,286.9323152374805
330,/Users/soneyeoluwasina/Downloads/Skin/Train/melanoma/ISIC_0010866.jpg,0.0012009143829345703,1.136415958404541,0.18074798583984375,290.3866296134207,1.2009143829345703,2.23452091217041,287.24705592187775
331,/Users/soneyeoluwasina/Downloads/Skin/Train/melanoma/ISIC_0010655.jpg,0.0009462833404541016,1.1373631954193115,0.14032268524169922,291.0240117959596,0.9462833404541016,2.2446250915527344,287.5579335592904
332,/Users/soneyeoluwasina/Downloads/Skin/Train/melanoma/ISIC_0000446.jpg,0.003292083740234375,1.1406559944152832,0.8836116790771484,291.0605841072952,3.292083740234375,2.248568534851074,287.86651744326184
333,/Users/soneyeoluwasina/Downloads/Skin/Train/melanoma/ISIC_0000308.jpg,0.0019969940185546875,1.1426541805267334,0.3047637939453125,291.4267550716839,1.9969940185546875,2.211117744445801,288.183097945898
334,/Users/soneyeoluwasina/Downloads/Skin/Train/melanoma/ISIC_0000297.jpg,0.0016472339630126953,1.1443030834197998,0.30723094940185547,291.8807131077777,1.6472339630126953,2.211008071899414,288.49828397516166
335,/Users/soneyeoluwasina/Downloads/Skin/Train/melanoma/ISIC_0010912.jpg,0.0010349750518798828,1.1453380584716797,0.16976451873779297,292.490062232821,1.0349750518798828,2.210116386413574,288.8122148992641
336,/Users/soneyeoluwasina/Downloads/Skin/Train/melanoma/ISIC_0000526.jpg,0.005193948745727539,1.1505320072174072,1.5284900665283203,292.03881151696515,5.193948745727539,2.212820053100586,289.12406777950696
337,/Users/soneyeoluwasina/Downloads/Skin/Train/melanoma/ISIC_0009927.jpg,0.0016858577728271484,1.1522200107574463,0.18027305603027344,292.4788641523965,1.6858577728271484,2.2034454345703125,289.4369782793606
338,/Users/soneyeoluwasina/Downloads/Skin/Train/melanoma/ISIC_0010245.jpg,0.001055002212524414,1.1532762050628662,0.14181995391845703,293.0781009060837,1.055002212524414,2.1488094329833984,289.7622754879783
339,/Users/soneyeoluwasina/Downloads/Skin/Train/melanoma/ISIC_0010537.jpg,0.013010740280151367,1.1662869453430176,0.22867679595947266,290.6660332207495,13.010740280151367,2.163710594177246,290.0825974112774
340,/Users/soneyeoluwasina/Downloads/Skin/Train/melanoma/ISIC_0010251.jpg,0.007082939147949219,1.173374891281128,0.18059062957763672,289.76246426133866,7.082939147949219,2.168607711791992,290.40045402670233
341,/Users/soneyeoluwasina/Downloads/Skin/Train/melanoma/ISIC_0011181.jpg,0.005498170852661133,1.1788771152496338,0.1929006576538086,289.25830825699876,5.498170852661133,2.1634292602539062,290.71821183393035
342,/Users/soneyeoluwasina/Downloads/Skin/Train/melanoma/ISIC_0009916.jpg,0.0025370121002197266,1.1814179420471191,0.1587381362915039,289.4826528598292,2.5370121002197266,2.2066307067871094,291.02406991666703
343,/Users/soneyeoluwasina/Downloads/Skin/Train/melanoma/ISIC_0000517.jpg,0.002062082290649414,1.1834831237792969,0.35094738006591797,289.8224681942864,2.062082290649414,2.206254005432129,291.32865436085086
344,/Users/soneyeoluwasina/Downloads/Skin/Train/melanoma/ISIC_0010089.jpg,0.001367807388305664,1.1848540306091309,0.13614463806152344,290.3311219046538,1.367807388305664,2.2083044052124023,291.63132414777135
345,/Users/soneyeoluwasina/Downloads/Skin/Train/melanoma/ISIC_0010923.jpg,0.002657175064086914,1.1875131130218506,0.15910625457763672,290.52310767506606,2.657175064086914,2.2049331665039062,291.9335726169582
346,/Users/soneyeoluwasina/Downloads/Skin/Train/melanoma/ISIC_0000311.jpg,0.0028448104858398438,1.1903657913208008,0.3150186538696289,290.6669550845265,2.8448104858398438,2.2069311141967773,292.2340901104724
347,/Users/soneyeoluwasina/Downloads/Skin/Train/melanoma/ISIC_0000305.jpg,0.0016303062438964844,1.1919982433319092,0.2905158996582031,291.1078115602379,1.6303062438964844,2.2045469284057617,292.53401501068583
348,/Users/soneyeoluwasina/Downloads/Skin/Train/melanoma/ISIC_0000463.jpg,0.007925033569335938,1.1999249458312988,2.2215824127197266,290.0181392252899,7.9250335693359375,2.19820499420166,292.83421288777294
349,/Users/soneyeoluwasina/Downloads/Skin/Train/melanoma/ISIC_0010466.jpg,0.0012030601501464844,1.2011299133300781,0.18497276306152344,290.5597438934922,1.2030601501464844,2.188386917114258,293.13567298860505
350,/Users/soneyeoluwasina/Downloads/Skin/Train/melanoma/ISIC_0010329.jpg,0.0018019676208496094,1.2029340267181396,0.19304180145263672,290.9552745422578,1.8019676208496094,2.19876766204834,293.4331931314146
351,/Users/soneyeoluwasina/Downloads/Skin/Train/melanoma/ISIC_0000304.jpg,0.0015101432800292969,1.2044451236724854,0.30735301971435547,291.420499864504,1.5101432800292969,2.205629348754883,293.7276431313207
352,/Users/soneyeoluwasina/Downloads/Skin/Train/melanoma/ISIC_0000462.jpg,0.002007007598876953,1.2064528465270996,0.42141056060791016,291.76440754669255,2.007007598876953,2.208089828491211,294.0201441982996
353,/Users/soneyeoluwasina/Downloads/Skin/Train/melanoma/ISIC_0000310.jpg,0.0017609596252441406,1.2082149982452393,0.3250150680541992,292.1665436306306,1.7609596252441406,2.198805809020996,294.3136718051879
354,/Users/soneyeoluwasina/Downloads/Skin/Train/melanoma/ISIC_0001152.jpg,0.0010190010070800781,1.2092359066009521,0.15714073181152344,292.7468478793857,1.0190010070800781,2.1961402893066406,294.60654804069355
355,/Users/soneyeoluwasina/Downloads/Skin/Train/melanoma/ISIC_0000516.jpg,0.0018150806427001953,1.2110519409179688,0.43262481689453125,293.1335874255835,1.8150806427001953,2.195281982421875,294.89834795183174
356,/Users/soneyeoluwasina/Downloads/Skin/Train/melanoma/ISIC_0000502.jpg,0.0018000602722167969,1.2128520011901855,0.4468240737915039,293.52303467418375,1.8000602722167969,2.197384834289551,295.18835188644067
357,/Users/soneyeoluwasina/Downloads/Skin/Train/melanoma/ISIC_0011169.jpg,0.001009225845336914,1.2138621807098389,0.1330270767211914,294.1025807322167,1.009225845336914,2.2029590606689453,295.4756517928859
358,/Users/soneyeoluwasina/Downloads/Skin/Train/melanoma/ISIC_0010288.jpg,0.0011436939239501953,1.215005874633789,0.19789600372314453,294.64878110807786,1.1436939239501953,2.172412872314453,295.76959631738504
359,/Users/soneyeoluwasina/Downloads/Skin/Train/melanoma/ISIC_0010707.jpg,0.0011162757873535156,1.2161340713500977,0.18915367126464844,295.19771582540585,1.1162757873535156,2.167229652404785,296.0637033435451
360,/Users/soneyeoluwasina/Downloads/Skin/Train/melanoma/ISIC_0010049.jpg,0.0012030601501464844,1.2173380851745605,0.16264724731445312,295.7272136510686,1.2030601501464844,2.159261703491211,296.3585899404697
361,/Users/soneyeoluwasina/Downloads/Skin/Train/melanoma/ISIC_0000299.jpg,0.0015921592712402344,1.2189311981201172,0.3206653594970703,296.1610963414081,1.5921592712402344,2.1641016006469727,296.65099662127335
362,/Users/soneyeoluwasina/Downloads/Skin/Train/melanoma/ISIC_0010934.jpg,0.0010521411895751953,1.2199840545654297,0.07270336151123047,296.7251896820471,1.0521411895751953,2.2069644927978516,296.9325498162278
363,/Users/soneyeoluwasina/Downloads/Skin/Train/melanoma/ISIC_0000306.jpg,0.0019860267639160156,1.2219700813293457,0.3108043670654297,297.0612828794489,1.9860267639160156,2.203249931335449,297.21386451198987
364,/Users/soneyeoluwasina/Downloads/Skin/Train/melanoma/ISIC_0000312.jpg,0.0019538402557373047,1.2239258289337158,0.3246736526489258,297.40364276576855,1.9538402557373047,2.1970701217651367,297.4954064905343
365,/Users/soneyeoluwasina/Downloads/Skin/Train/melanoma/ISIC_0010883.jpg,0.0009899139404296875,1.2249178886413574,0.1463613510131836,297.9791571211742,0.9899139404296875,1.9582748413085938,297.83580064869665
366,/Users/soneyeoluwasina/Downloads/Skin/Train/melanoma/ISIC_0000139.jpg,0.0031180381774902344,1.2280371189117432,0.8956508636474609,298.0365938159429,3.1180381774902344,1.8430566787719727,298.2036362317076
367,/Users/soneyeoluwasina/Downloads/Skin/Train/melanoma/ISIC_0010302.jpg,0.0011529922485351562,1.2291910648345947,0.20491313934326172,298.57034475709037,1.1529922485351562,1.7570781707763672,298.59149903191513
368,/Users/soneyeoluwasina/Downloads/Skin/Train/melanoma/ISIC_0010470.jpg,0.0010077953338623047,1.230198860168457,0.13576316833496094,299.1386286519628,1.0077953338623047,1.7310380935668945,298.9846258181228
369,/Users/soneyeoluwasina/Downloads/Skin/Train/melanoma/ISIC_0000313.jpg,0.0015501976013183594,1.2317490577697754,0.3104991912841797,299.57400630621737,1.5501976013183594,1.7218542098999023,299.37889853674795
370,/Users/soneyeoluwasina/Downloads/Skin/Train/melanoma/ISIC_0000307.jpg,0.0017199516296386719,1.233469009399414,0.3249483108520508,299.9670013437597,1.7199516296386719,1.7248010635375977,299.77134822359693
371,/Users/soneyeoluwasina/Downloads/Skin/Train/melanoma/ISIC_0000298.jpg,0.001851797103881836,1.2353219985961914,0.32512855529785156,300.3265548752479,1.851797103881836,1.7065238952636719,300.1671710220046
372,/Users/soneyeoluwasina/Downloads/Skin/Train/melanoma/ISIC_0010909.jpg,0.0011811256408691406,1.236504077911377,0.19870471954345703,300.8481788659835,1.1811256408691406,1.7175722122192383,300.559259306817
373,/Users/soneyeoluwasina/Downloads/Skin/Train/melanoma/ISIC_0001151.jpg,0.0016450881958007812,1.2381491661071777,0.28397655487060547,301.2561088844703,1.6450881958007812,1.7112445831298828,300.95179819836
374,/Users/soneyeoluwasina/Downloads/Skin/Train/melanoma/ISIC_0010289.jpg,0.001313924789428711,1.2394649982452393,0.20995426177978516,301.743091196191,1.313924789428711,1.5706634521484375,301.3774080261581
375,/Users/soneyeoluwasina/Downloads/Skin/Train/melanoma/ISIC_0011140.jpg,0.0011811256408691406,1.2406470775604248,0.16805553436279297,302.2616236177253,1.1811256408691406,1.567378044128418,301.802761730526
376,/Users/soneyeoluwasina/Downloads/Skin/Train/melanoma/ISIC_0011178.jpg,0.001157999038696289,1.2418060302734375,0.18360137939453125,302.7848076379588,1.157999038696289,1.5515375137329102,302.2308985535623
377,/Users/soneyeoluwasina/Downloads/Skin/Train/melanoma/ISIC_0010514.jpg,0.0010371208190917969,1.2428431510925293,0.14339065551757812,303.33674822007566,1.0371208190917969,1.5468549728393555,302.6587294090383
378,/Users/soneyeoluwasina/Downloads/Skin/Train/melanoma/ISIC_0011187.jpg,0.001027822494506836,1.2438709735870361,0.1602010726928711,303.89004006575976,1.027822494506836,1.5288209915161133,303.08987128772867
379,/Users/soneyeoluwasina/Downloads/Skin/Train/melanoma/ISIC_0010299.jpg,0.0011861324310302734,1.2450580596923828,0.14049339294433594,304.4034750424729,1.1861324310302734,1.517782211303711,303.52264099285884
380,/Users/soneyeoluwasina/Downloads/Skin/Train/melanoma/ISIC_0009910.jpg,0.0013060569763183594,1.2463641166687012,0.21014022827148438,304.886826343869,1.3060569763183594,1.5241003036499023,303.9528391184783
381,/Users/soneyeoluwasina/Downloads/Skin/Train/melanoma/ISIC_0011193.jpg,0.0012249946594238281,1.247589111328125,0.18792247772216797,305.3890071182212,1.2249946594238281,1.5113592147827148,304.3850867413467
382,/Users/soneyeoluwasina/Downloads/Skin/Train/melanoma/ISIC_0001141.jpg,0.0017647743225097656,1.2493548393249512,0.2892885208129883,305.75781033225235,1.7647743225097656,1.4978981018066406,304.8195662339803
383,/Users/soneyeoluwasina/Downloads/Skin/Train/melanoma/ISIC_0000511.jpg,0.001737833023071289,1.251093864440918,0.34736156463623047,306.1321063796864,1.737833023071289,1.511073112487793,305.24979960887146
384,/Users/soneyeoluwasina/Downloads/Skin/Train/melanoma/ISIC_0000288.jpg,0.0012488365173339844,1.2523438930511475,0.19067955017089844,306.62504295400987,1.2488365173339844,1.5221595764160156,305.6762865903701
385,/Users/soneyeoluwasina/Downloads/Skin/Train/melanoma/ISIC_0010925.jpg,0.0012769699096679688,1.2536208629608154,0.18247318267822266,307.110396273003,1.2769699096679688,1.533956527709961,306.09891978336543
386,/Users/soneyeoluwasina/Downloads/Skin/Train/melanoma/ISIC_0000459.jpg,0.007337093353271484,1.260957956314087,2.4495792388916016,306.1164712646873,7.337093353271484,1.531052589416504,306.52124211466145
387,/Users/soneyeoluwasina/Downloads/Skin/Train/melanoma/ISIC_0000303.jpg,0.0015001296997070312,1.2624590396881104,0.32431602478027344,306.54459894049955,1.5001296997070312,1.514892578125,306.94649545870135
388,/Users/soneyeoluwasina/Downloads/Skin/Train/melanoma/ISIC_0011030.jpg,0.0007460117340087891,1.2632050514221191,0.058223724365234375,307.1551998333039,0.7460117340087891,1.5085697174072266,307.3722979809297
389,/Users/soneyeoluwasina/Downloads/Skin/Train/melanoma/ISIC_0010313.jpg,0.0010709762573242188,1.2642769813537598,0.1168508529663086,307.6857411288683,1.0709762573242188,1.4944267272949219,307.8005240331029
390,/Users/soneyeoluwasina/Downloads/Skin/Train/melanoma/ISIC_0011031.jpg,0.001322031021118164,1.2655999660491943,0.16402435302734375,308.15424341188753,1.322031021118164,1.4998483657836914,308.2263837872983
391,/Users/soneyeoluwasina/Downloads/Skin/Train/melanoma/ISIC_0010878.jpg,0.0011992454528808594,1.266801118850708,0.15667343139648438,308.6514482673734,1.1992454528808594,1.5029096603393555,308.6505077500764
392,/Users/soneyeoluwasina/Downloads/Skin/Train/melanoma/ISIC_0010663.jpg,0.0012350082397460938,1.268038034439087,0.20112037658691406,309.1389921702152,1.2350082397460938,1.4713430404663086,309.08128589291925
393,/Users/soneyeoluwasina/Downloads/Skin/Train/melanoma/ISIC_0000302.jpg,0.0016028881072998047,1.2696418762207031,0.31072235107421875,309.53610412554195,1.6028881072998047,1.4693260192871094,309.51157309117275
394,/Users/soneyeoluwasina/Downloads/Skin/Train/melanoma/ISIC_0000289.jpg,0.0015151500701904297,1.27115797996521,0.2195577621459961,309.9536062471034,1.5151500701904297,1.479945182800293,309.93827128191316
395,/Users/soneyeoluwasina/Downloads/Skin/Train/melanoma/ISIC_0001140.jpg,0.001743316650390625,1.2729032039642334,0.25128841400146484,310.31424759545104,1.743316650390625,1.4645004272460938,310.3677599350065
396,/Users/soneyeoluwasina/Downloads/Skin/Train/melanoma/ISIC_0001154.jpg,0.003397226333618164,1.2763020992279053,0.9253778457641602,310.2713693251456,3.397226333618164,1.4539051055908203,310.79884896291424
397,/Users/soneyeoluwasina/Downloads/Skin/Train/melanoma/ISIC_0009905.jpg,0.001313924789428711,1.2776169776916504,0.17246055603027344,310.7347561373867,1.313924789428711,1.4780044555664062,311.223009411616
398,/Users/soneyeoluwasina/Downloads/Skin/Train/melanoma/ISIC_0010267.jpg,0.0008959770202636719,1.278515100479126,0.06954288482666016,311.2986306151947,0.8959770202636719,1.4920377731323242,311.6427412134121
399,/Users/soneyeoluwasina/Downloads/Skin/Train/melanoma/ISIC_0011151.jpg,0.0010387897491455078,1.2795538902282715,0.18500995635986328,311.82742911189047,1.0387897491455078,1.4772558212280273,312.06511237678444
400,/Users/soneyeoluwasina/Downloads/Skin/Train/melanoma/ISIC_0010271.jpg,0.0010099411010742188,1.2805650234222412,0.16002750396728516,312.3621156940719,1.0099411010742188,1.4741945266723633,312.4872677479374
401,/Users/soneyeoluwasina/Downloads/Skin/Train/melanoma/ISIC_0010265.jpg,0.0012760162353515625,1.2819199562072754,0.18143749237060547,312.81204263830165,1.2760162353515625,1.480712890625,312.9068580475757
402,/Users/soneyeoluwasina/Downloads/Skin/Train/melanoma/ISIC_0010503.jpg,0.0011053085327148438,1.283027172088623,0.20711231231689453,313.32150148121144,1.1053085327148438,1.4794301986694336,313.3258035167477
403,/Users/soneyeoluwasina/Downloads/Skin/Train/melanoma/ISIC_0009913.jpg,0.0012090206146240234,1.2842369079589844,0.19525527954101562,313.80502888713966,1.2090206146240234,1.4798498153686523,313.7436899582454
404,/Users/soneyeoluwasina/Downloads/Skin/Train/melanoma/ISIC_0001142.jpg,0.0013349056243896484,1.2855730056762695,0.2623167037963867,314.256754160358,1.3349056243896484,1.4882946014404297,314.1585481851338
405,/Users/soneyeoluwasina/Downloads/Skin/Train/melanoma/ISIC_0010729.jpg,0.0011780261993408203,1.2867519855499268,0.18006515502929688,314.7459685690034,1.1780261993408203,1.515951156616211,314.5656420852421
406,/Users/soneyeoluwasina/Downloads/Skin/Train/melanoma/ISIC_0010067.jpg,0.001127004623413086,1.2878789901733398,0.1544933319091797,315.2470093058628,1.127004623413086,1.5182304382324219,314.97120776194316
407,/Users/soneyeoluwasina/Downloads/Skin/Train/melanoma/ISIC_0000314.jpg,0.0016679763793945312,1.2895488739013672,0.2955465316772461,315.6142494767747,1.6679763793945312,1.5316295623779297,315.3725218295025
408,/Users/soneyeoluwasina/Downloads/Skin/Train/melanoma/ISIC_0000466.jpg,0.0016980171203613281,1.2912490367889404,0.3246898651123047,315.97313018301145,1.6980171203613281,1.5190553665161133,315.77596540088666
409,/Users/soneyeoluwasina/Downloads/Skin/Train/melanoma/ISIC_0000300.jpg,0.0017061233520507812,1.2929561138153076,0.3172483444213867,316.3293754751707,1.7061233520507812,1.493997573852539,316.18461807194535
410,/Users/soneyeoluwasina/Downloads/Skin/Train/melanoma/ISIC_0010852.jpg,0.0010578632354736328,1.2940149307250977,0.15810489654541016,316.84333021587133,1.0578632354736328,1.5085792541503906,316.5887449493156
411,/Users/soneyeoluwasina/Downloads/Skin/Train/melanoma/ISIC_0009898.jpg,0.0007841587066650391,1.2947990894317627,0.060799598693847656,317.42376354340195,0.7841587066650391,1.547403335571289,316.9823817817922
412,/Users/soneyeoluwasina/Downloads/Skin/Train/melanoma/ISIC_0010476.jpg,0.0007359981536865234,1.2955350875854492,0.04451751708984375,318.01531579346425,0.7359981536865234,1.4241552352905273,317.40514027076136
413,/Users/soneyeoluwasina/Downloads/Skin/Train/melanoma/ISIC_0011032.jpg,0.0012788772583007812,1.2968149185180664,0.25573062896728516,318.472585488109,1.2788772583007812,1.4570379257202148,317.8188976041585
414,/Users/soneyeoluwasina/Downloads/Skin/Train/melanoma/ISIC_0000301.jpg,0.0022249221801757812,1.2990410327911377,0.3098926544189453,318.69663047553917,2.2249221801757812,1.4635181427001953,318.2301628667269
415,/Users/soneyeoluwasina/Downloads/Skin/Train/melanoma/ISIC_0010106.jpg,0.0011429786682128906,1.300184965133667,0.20273494720458984,319.18535526007673,1.1429786682128906,1.4637184143066406,318.6404678649072
416,/Users/soneyeoluwasina/Downloads/Skin/Train/melanoma/ISIC_0010648.jpg,0.0015397071838378906,1.3017268180847168,0.19611263275146484,319.57550095808705,1.5397071838378906,1.4868736267089844,319.0441748793684
417,/Users/soneyeoluwasina/Downloads/Skin/Train/melanoma/ISIC_0010890.jpg,0.0010521411895751953,1.3027801513671875,0.17257118225097656,320.08470466976655,1.0521411895751953,1.4787483215332031,319.4489699442684
418,/Users/soneyeoluwasina/Downloads/Skin/Train/melanoma/ISIC_0000513.jpg,0.0015387535095214844,1.3043198585510254,0.3302898406982422,320.4735381889823,1.5387535095214844,1.4699029922485352,319.8550285542583
419,/Users/soneyeoluwasina/Downloads/Skin/Train/melanoma/ISIC_0010714.jpg,0.0007779598236083984,1.3050990104675293,0.05190467834472656,321.04843896088806,0.7779598236083984,1.4526081085205078,320.2644206085162
420,/Users/soneyeoluwasina/Downloads/Skin/Train/melanoma/ISIC_0001157.jpg,0.001190185546875,1.3062891960144043,0.2602729797363281,321.52145273914425,1.190185546875,1.4500665664672852,320.6735236009923
421,/Users/soneyeoluwasina/Downloads/Skin/Train/melanoma/ISIC_0001143.jpg,0.003056764602661133,1.3093459606170654,0.6253013610839844,321.53457731033296,3.056764602661133,1.4291572570800781,321.08685467583894
422,/Users/soneyeoluwasina/Downloads/Skin/Train/melanoma/ISIC_0010728.jpg,0.001882791519165039,1.3112318515777588,0.2171497344970703,321.83476895578946,1.882791519165039,1.3825368881225586,321.5106617356632
423,/Users/soneyeoluwasina/Downloads/Skin/Train/melanoma/ISIC_0011185.jpg,0.0009059906005859375,1.3121378421783447,0.0641641616821289,322.3746670530871,0.9059906005859375,1.3711786270141602,321.93638318897024
424,/Users/soneyeoluwasina/Downloads/Skin/Train/melanoma/ISIC_0010516.jpg,0.0011608600616455078,1.3132998943328857,0.2102518081665039,322.8508597538405,1.1608600616455078,1.3776397705078125,322.35965727243115
425,/Users/soneyeoluwasina/Downloads/Skin/Train/melanoma/ISIC_0010217.jpg,0.0015070438385009766,1.3148078918457031,0.2772865295410156,323.241138599642,1.5070438385009766,1.3814878463745117,322.781104799497
426,/Users/soneyeoluwasina/Downloads/Skin/Train/melanoma/ISIC_0011135.jpg,0.0010938644409179688,1.3159029483795166,0.17819786071777344,323.73208109655997,1.0938644409179688,1.3784074783325195,323.2024504765615
427,/Users/soneyeoluwasina/Downloads/Skin/Train/melanoma/ISIC_0011121.jpg,0.0010581016540527344,1.3169620037078857,0.17931365966796875,324.2310702949578,1.0581016540527344,1.3741874694824219,323.6243420792468
428,/Users/soneyeoluwasina/Downloads/Skin/Train/melanoma/ISIC_0010559.jpg,0.0014500617980957031,1.3184120655059814,0.2720632553100586,324.63295141018125,1.4500617980957031,1.374664306640625,324.04526134729804
429,/Users/soneyeoluwasina/Downloads/Skin/Train/melanoma/ISIC_0001118.jpg,0.002568960189819336,1.3209829330444336,0.5995340347290039,324.7581700478865,2.568960189819336,1.3698863983154297,324.46649519466024
430,/Users/soneyeoluwasina/Downloads/Skin/Train/melanoma/ISIC_0010767.jpg,0.0014200210571289062,1.3224050998687744,0.18454265594482422,325.1651101789232,1.4200210571289062,1.401991844177246,324.8789174871357
431,/Users/soneyeoluwasina/Downloads/Skin/Train/melanoma/ISIC_0001124.jpg,0.0018949508666992188,1.32430100440979,0.41078662872314453,325.4547104961886,1.8949508666992188,1.4000654220581055,325.2909564492574
432,/Users/soneyeoluwasina/Downloads/Skin/Train/melanoma/ISIC_0010029.jpg,0.0011360645294189453,1.3254380226135254,0.16785240173339844,325.92998890146043,1.1360645294189453,1.430802345275879,325.6945382033896
433,/Users/soneyeoluwasina/Downloads/Skin/Train/melanoma/ISIC_0000548.jpg,0.0004849433898925781,1.3259239196777344,0.023581504821777344,326.5647399326204,0.4849433898925781,1.4241456985473633,326.0988856414557
434,/Users/soneyeoluwasina/Downloads/Skin/Train/melanoma/ISIC_0000414.jpg,0.0019779205322265625,1.327901840209961,0.3185710906982422,326.8313868225216,1.9779205322265625,1.4108657836914062,326.5056369813951
435,/Users/soneyeoluwasina/Downloads/Skin/Train/melanoma/ISIC_0000400.jpg,0.0032181739807128906,1.3311209678649902,0.6040773391723633,326.79223789683414,3.2181739807128906,1.4068841934204102,326.9124980590968
436,/Users/soneyeoluwasina/Downloads/Skin/Train/melanoma/ISIC_0010175.jpg,0.0011746883392333984,1.3322968482971191,0.18181324005126953,327.254395713144,1.1746883392333984,1.4438247680664062,327.3093974349453
437,/Users/soneyeoluwasina/Downloads/Skin/Train/melanoma/ISIC_0000428.jpg,0.0031442642211914062,1.335442066192627,0.7439775466918945,327.23246561035484,3.1442642211914062,1.452627182006836,327.70328031235886
438,/Users/soneyeoluwasina/Downloads/Skin/Train/melanoma/ISIC_0010808.jpg,0.0010700225830078125,1.3365130424499512,0.18031978607177734,327.7184629617275,1.0700225830078125,1.4636659622192383,328.0935949606129
439,/Users/soneyeoluwasina/Downloads/Skin/Train/melanoma/ISIC_0010834.jpg,0.0010809898376464844,1.337594985961914,0.15810775756835938,328.20099103788044,1.0809898376464844,1.477508544921875,328.4796480823295
440,/Users/soneyeoluwasina/Downloads/Skin/Train/melanoma/ISIC_0000399.jpg,0.0024797916412353516,1.340075969696045,0.5731821060180664,328.3395941349508,2.4797916412353516,1.4560699462890625,328.87012115077664
441,/Users/soneyeoluwasina/Downloads/Skin/Train/melanoma/ISIC_0000170.jpg,0.0007929801940917969,1.3408689498901367,0.03151512145996094,328.89120151237233,0.7929801940917969,1.4540719985961914,329.26024786231096
442,/Users/soneyeoluwasina/Downloads/Skin/Train/melanoma/ISIC_0000164.jpg,0.0007927417755126953,1.341662883758545,0.06022930145263672,329.441922669708,0.7927417755126953,1.447439193725586,329.651166346936
443,/Users/soneyeoluwasina/Downloads/Skin/Train/melanoma/ISIC_0000158.jpg,0.0007381439208984375,1.3424010276794434,0.031731605529785156,330.0057068384378,0.7381439208984375,1.4448356628417969,330.04189801589143
444,/Users/soneyeoluwasina/Downloads/Skin/Train/melanoma/ISIC_0010388.jpg,0.0013880729675292969,1.343790054321289,0.2968893051147461,330.4087558709102,1.3880729675292969,1.440443992614746,330.4328690773727
445,/Users/soneyeoluwasina/Downloads/Skin/Train/melanoma/ISIC_0000159.jpg,0.0006978511810302734,1.3444888591766357,0.04682445526123047,330.9808013377796,0.6978511810302734,1.448206901550293,330.82109580119504
446,/Users/soneyeoluwasina/Downloads/Skin/Train/melanoma/ISIC_0011040.jpg,0.0010662078857421875,1.345555067062378,0.1730480194091797,331.4617223163592,1.0662078857421875,1.4528989791870117,331.2073244686175
447,/Users/soneyeoluwasina/Downloads/Skin/Train/melanoma/ISIC_0000165.jpg,0.0007460117340087891,1.3463010787963867,0.04308605194091797,332.02082880274054,0.7460117340087891,1.4294672012329102,331.5984634327349
448,/Users/soneyeoluwasina/Downloads/Skin/Train/melanoma/ISIC_0010376.jpg,0.001219034194946289,1.3475210666656494,0.23097991943359375,332.46233478823893,1.219034194946289,1.4153099060058594,331.99227044300454
449,/Users/soneyeoluwasina/Downloads/Skin/Train/melanoma/ISIC_0010410.jpg,0.0012311935424804688,1.3487541675567627,0.148590087890625,332.89980546518217,1.2311935424804688,1.4536523818969727,332.3757970244015
450,/Users/soneyeoluwasina/Downloads/Skin/Train/melanoma/ISIC_0000171.jpg,0.0008559226989746094,1.3496110439300537,0.054772377014160156,333.42939954729815,0.8559226989746094,1.4611339569091797,332.75665803385976
451,/Users/soneyeoluwasina/Downloads/Skin/Train/melanoma/ISIC_0000398.jpg,0.0010650157928466797,1.3506770133972168,0.15427303314208984,333.9066227725656,1.0650157928466797,1.4549875259399414,333.1382089468109
452,/Users/soneyeoluwasina/Downloads/Skin/Train/melanoma/ISIC_0010809.jpg,0.001129150390625,1.3518061637878418,0.20618915557861328,334.36746488377366,1.129150390625,1.4521121978759766,333.5196494115168
453,/Users/soneyeoluwasina/Downloads/Skin/Train/melanoma/ISIC_0010148.jpg,0.0009701251983642578,1.3527770042419434,0.16991138458251953,334.86672125525075,0.9701251983642578,1.4557504653930664,333.89937884084407
454,/Users/soneyeoluwasina/Downloads/Skin/Train/melanoma/ISIC_0000401.jpg,0.0029401779174804688,1.3557181358337402,0.8246231079101562,334.8778687841325,2.9401779174804688,1.4451122283935547,334.28091641503653
455,/Users/soneyeoluwasina/Downloads/Skin/Train/melanoma/ISIC_0010174.jpg,0.001081705093383789,1.356799840927124,0.16741275787353516,335.34791667508665,1.081705093383789,1.4160966873168945,334.6687918307728
456,/Users/soneyeoluwasina/Downloads/Skin/Train/melanoma/ISIC_0000415.jpg,0.002663850784301758,1.3594648838043213,0.6875648498535156,335.42609701247403,2.663850784301758,1.4160346984863281,335.055883417829
457,/Users/soneyeoluwasina/Downloads/Skin/Train/melanoma/ISIC_0010799.jpg,0.00133514404296875,1.3608009815216064,0.22307682037353516,335.83162138007606,1.33514404296875,1.4064359664916992,335.4445324611468
458,/Users/soneyeoluwasina/Downloads/Skin/Train/melanoma/ISIC_0010982.jpg,0.0010340213775634766,1.3618359565734863,0.16138744354248047,336.3106971799843,1.0340213775634766,1.4132165908813477,335.8307133462913
459,/Users/soneyeoluwasina/Downloads/Skin/Train/melanoma/ISIC_0000549.jpg,0.0015070438385009766,1.3633430004119873,0.040015220642089844,336.67242936025286,1.5070438385009766,1.4258337020874023,336.2129943872224
460,/Users/soneyeoluwasina/Downloads/Skin/Train/melanoma/ISIC_0001125.jpg,0.0029048919677734375,1.3662488460540771,0.6709728240966797,336.6882990083,2.9048919677734375,1.4171552658081055,336.59660926318645
461,/Users/soneyeoluwasina/Downloads/Skin/Train/melanoma/ISIC_0010766.jpg,0.0012242794036865234,1.36747407913208,0.13065814971923828,337.1179074140779,1.2242794036865234,1.3761520385742188,336.9895089156847
462,/Users/soneyeoluwasina/Downloads/Skin/Train/melanoma/ISIC_0010000.jpg,0.0012879371643066406,1.3687629699707031,0.1818408966064453,337.5310482061687,1.2879371643066406,1.3713645935058594,337.38281240140867
463,/Users/soneyeoluwasina/Downloads/Skin/Train/melanoma/ISIC_0001119.jpg,0.001971006393432617,1.3707339763641357,0.4615468978881836,337.7752415739376,1.9710063934326172,1.337575912475586,337.7836181873526
464,/Users/soneyeoluwasina/Downloads/Skin/Train/melanoma/ISIC_0010772.jpg,0.0011529922485351562,1.371886968612671,0.1533374786376953,338.2202838978949,1.1529922485351562,1.336197853088379,338.1839961278815
465,/Users/soneyeoluwasina/Downloads/Skin/Train/melanoma/ISIC_0009960.jpg,0.001043081283569336,1.3729300498962402,0.14077472686767578,338.6916908367929,1.043081283569336,1.323380470275879,338.5867853751203
466,/Users/soneyeoluwasina/Downloads/Skin/Train/melanoma/ISIC_0010564.jpg,0.0012080669403076172,1.3741390705108643,0.14430713653564453,339.1214251893405,1.2080669403076172,1.344742774963379,338.98344572604765
467,/Users/soneyeoluwasina/Downloads/Skin/Train/melanoma/ISIC_0009989.jpg,0.0009219646453857422,1.37506103515625,0.08089351654052734,339.6212881175374,0.9219646453857422,1.35772705078125,339.37613250813047
468,/Users/soneyeoluwasina/Downloads/Skin/Train/melanoma/ISIC_0011136.jpg,0.0013191699981689453,1.3763811588287354,0.16576862335205078,340.02209126304507,1.3191699981689453,1.3664770126342773,339.7659025721252
469,/Users/soneyeoluwasina/Downloads/Skin/Train/melanoma/ISIC_0010770.jpg,0.0011661052703857422,1.3775489330291748,0.13646316528320312,340.459775152007,1.1661052703857422,1.3767290115356445,340.15237902116064
470,/Users/soneyeoluwasina/Downloads/Skin/Train/melanoma/ISIC_0010016.jpg,0.0014247894287109375,1.3789749145507812,0.1968097686767578,340.83288611026586,1.4247894287109375,1.3886690139770508,340.535128044624
471,/Users/soneyeoluwasina/Downloads/Skin/Train/melanoma/ISIC_0001127.jpg,0.0018851757049560547,1.3808610439300537,0.3432159423828125,341.091525516204,1.8851757049560547,1.416616439819336,340.9102131500962
472,/Users/soneyeoluwasina/Downloads/Skin/Train/melanoma/ISIC_0010610.jpg,0.0011749267578125,1.3820359706878662,0.18641090393066406,341.52511946926853,1.1749267578125,1.4163923263549805,341.28459007807606
473,/Users/soneyeoluwasina/Downloads/Skin/Train/melanoma/ISIC_0000417.jpg,0.0028231143951416016,1.3848590850830078,0.7190799713134766,341.5509961229366,2.8231143951416016,1.416311264038086,341.6582261694347
474,/Users/soneyeoluwasina/Downloads/Skin/Train/melanoma/ISIC_0010162.jpg,0.0015349388122558594,1.38639497756958,0.17535400390625,341.8939102267564,1.5349388122558594,1.415548324584961,342.0312886462682
475,/Users/soneyeoluwasina/Downloads/Skin/Train/melanoma/ISIC_0010189.jpg,0.0011997222900390625,1.3875958919525146,0.20937252044677734,342.3186842471966,1.1997222900390625,1.4105415344238281,342.404834143753
476,/Users/soneyeoluwasina/Downloads/Skin/Train/melanoma/ISIC_0000167.jpg,0.0009500980377197266,1.3885481357574463,0.06730365753173828,342.8041043318562,0.9500980377197266,1.4278841018676758,342.77333010530805
477,/Users/soneyeoluwasina/Downloads/Skin/Train/melanoma/ISIC_0010360.jpg,0.0012400150299072266,1.38978910446167,0.18315887451171875,343.21754176131947,1.2400150299072266,1.4242076873779297,343.1418135228534
478,/Users/soneyeoluwasina/Downloads/Skin/Train/melanoma/ISIC_0000173.jpg,0.0009181499481201172,1.3907079696655273,0.04650115966796875,343.7098301198069,0.9181499481201172,1.4496994018554688,343.5032249678027
479,/Users/soneyeoluwasina/Downloads/Skin/Train/melanoma/ISIC_0011056.jpg,0.0011181831359863281,1.39182710647583,0.2005300521850586,344.15194083469885,1.1181831359863281,1.4927005767822266,343.8532489360455
480,/Users/soneyeoluwasina/Downloads/Skin/Train/melanoma/ISIC_0011042.jpg,0.001416921615600586,1.3932440280914307,0.14554500579833984,344.5196895317324,1.416921615600586,1.4611005783081055,344.2103103412278
481,/Users/soneyeoluwasina/Downloads/Skin/Train/melanoma/ISIC_0011095.jpg,0.0014150142669677734,1.3946590423583984,0.2082662582397461,344.88716266207877,1.4150142669677734,1.4563846588134766,344.567785758675
482,/Users/soneyeoluwasina/Downloads/Skin/Train/melanoma/ISIC_0011094.jpg,0.0014750957489013672,1.3961341381072998,0.2579069137573242,345.2390331586863,1.4750957489013672,1.4181089401245117,344.9339702104088
483,/Users/soneyeoluwasina/Downloads/Skin/Train/melanoma/ISIC_0011043.jpg,0.0011157989501953125,1.3972508907318115,0.16486072540283203,345.6787919791758,1.1157989501953125,1.4087629318237305,345.3017277541801
484,/Users/soneyeoluwasina/Downloads/Skin/Train/melanoma/ISIC_0010349.jpg,0.0015439987182617188,1.3987948894500732,0.2415771484375,346.01213062072407,1.5439987182617188,1.4198064804077148,345.6660191677111
485,/Users/soneyeoluwasina/Downloads/Skin/Train/melanoma/ISIC_0011057.jpg,0.0011680126190185547,1.3999650478363037,0.16712570190429688,346.4372205217444,1.1680126190185547,1.4118051528930664,346.03154464294073
486,/Users/soneyeoluwasina/Downloads/Skin/Train/melanoma/ISIC_0000172.jpg,0.0009353160858154297,1.4009010791778564,0.04887580871582031,346.9195699993448,0.9353160858154297,1.368865966796875,346.40694214682793
487,/Users/soneyeoluwasina/Downloads/Skin/Train/melanoma/ISIC_0010407.jpg,0.0014548301696777344,1.4023559093475342,0.18994426727294922,347.27275490754954,1.4548301696777344,1.3658809661865234,346.7823538835184
488,/Users/soneyeoluwasina/Downloads/Skin/Train/melanoma/ISIC_0010413.jpg,0.001001119613647461,1.403357982635498,0.1469554901123047,347.73735998817557,1.001119613647461,1.3637828826904297,347.15756072622935
489,/Users/soneyeoluwasina/Downloads/Skin/Train/melanoma/ISIC_0000166.jpg,0.0004401206970214844,1.403799057006836,0.029837608337402344,348.3404533998193,0.4401206970214844,1.3448619842529297,347.5367125269705
490,/Users/soneyeoluwasina/Downloads/Skin/Train/melanoma/ISIC_0000402.jpg,0.0035479068756103516,1.4073479175567627,0.7800092697143555,348.17261168131637,3.5479068756103516,1.365041732788086,347.9101401068303
491,/Users/soneyeoluwasina/Downloads/Skin/Train/melanoma/ISIC_0010611.jpg,0.0014421939849853516,1.4087920188903809,0.15828704833984375,348.52554061651387,1.4421939849853516,1.3770389556884766,348.2798725328895
492,/Users/soneyeoluwasina/Downloads/Skin/Train/melanoma/ISIC_0010942.jpg,0.0012302398681640625,1.4100232124328613,0.20050525665283203,348.93042586944415,1.2302398681640625,1.3817214965820312,348.6477293171982
493,/Users/soneyeoluwasina/Downloads/Skin/Train/melanoma/ISIC_0010995.jpg,0.0012507438659667969,1.4112749099731445,0.16634654998779297,349.32952929020854,1.2507438659667969,1.390981674194336,349.012577945039
494,/Users/soneyeoluwasina/Downloads/Skin/Train/melanoma/ISIC_0001126.jpg,0.0019850730895996094,1.4132609367370605,0.3365898132324219,349.54620704407785,1.9850730895996094,1.3905763626098633,349.37680793607956
495,/Users/soneyeoluwasina/Downloads/Skin/Train/melanoma/ISIC_0001132.jpg,0.0020952224731445312,1.4153571128845215,0.40407752990722656,349.73505661138887,2.0952224731445312,1.3929176330566406,349.7397510929163
496,/Users/soneyeoluwasina/Downloads/Skin/Train/melanoma/ISIC_0010759.jpg,0.001055002212524414,1.416412115097046,0.1507711410522461,350.18056871535333,1.055002212524414,1.3944387435913086,350.10160691773825
497,/Users/soneyeoluwasina/Downloads/Skin/Train/melanoma/ISIC_0010765.jpg,0.0007419586181640625,1.4171550273895264,0.0457763671875,350.70263337067644,0.7419586181640625,1.3848543167114258,350.4651170566303
498,/Users/soneyeoluwasina/Downloads/Skin/Train/melanoma/ISIC_0011137.jpg,0.001180887222290039,1.4183368682861328,0.17267227172851562,351.115458629913,1.180887222290039,1.3923358917236328,350.8260498492063
499,/Users/soneyeoluwasina/Downloads/Skin/Train/melanoma/ISIC_0010749.jpg,0.0009808540344238281,1.4193189144134521,0.05469703674316406,351.57708033942237,0.9808540344238281,1.370697021484375,351.1916103764541
500,/Users/soneyeoluwasina/Downloads/Skin/Train/melanoma/ISIC_0010007.jpg,0.0017230510711669922,1.4210431575775146,0.17515277862548828,351.8541976250473,1.7230510711669922,1.3696956634521484,351.55670948669666
501,/Users/soneyeoluwasina/Downloads/Skin/Train/melanoma/ISIC_0010629.jpg,0.000881195068359375,1.4219591617584229,0.06016731262207031,352.3307936498355,0.881195068359375,1.3666439056396484,351.92186909575355
502,/Users/soneyeoluwasina/Downloads/Skin/Train/melanoma/ISIC_0000406.jpg,0.002403736114501953,1.4243638515472412,0.6327342987060547,352.43803713123816,2.403736114501953,1.389460563659668,352.2806906674965
503,/Users/soneyeoluwasina/Downloads/Skin/Train/melanoma/ISIC_0000412.jpg,0.0031201839447021484,1.4274852275848389,0.5279006958007812,352.3679196673897,3.1201839447021484,1.3877582550048828,352.6392331549769
504,/Users/soneyeoluwasina/Downloads/Skin/Train/melanoma/ISIC_0010359.jpg,0.001360177993774414,1.4288511276245117,0.21811676025390625,352.7309390432495,1.360177993774414,1.4222335815429688,352.98855763797184
505,/Users/soneyeoluwasina/Downloads/Skin/Train/melanoma/ISIC_0000162.jpg,0.0008459091186523438,1.429697036743164,0.045464515686035156,353.22168754744365,0.8459091186523438,1.4769315719604492,353.3236959832304
506,/Users/soneyeoluwasina/Downloads/Skin/Train/melanoma/ISIC_0010417.jpg,0.0007500648498535156,1.430448055267334,0.059288978576660156,353.7353195991689,0.7500648498535156,1.4667749404907227,353.66064173039643
507,/Users/soneyeoluwasina/Downloads/Skin/Train/melanoma/ISIC_0000176.jpg,0.0008678436279296875,1.4313158988952637,0.07525920867919922,354.21949856863824,0.8678436279296875,1.4545106887817383,353.9999181127264
508,/Users/soneyeoluwasina/Downloads/Skin/Train/melanoma/ISIC_0010402.jpg,0.0015861988067626953,1.4329020977020264,0.2100534439086914,354.52526785653373,1.5861988067626953,1.4475536346435547,354.340220726606
509,/Users/soneyeoluwasina/Downloads/Skin/Train/melanoma/ISIC_0010364.jpg,0.0011069774627685547,1.4340100288391113,0.19369220733642578,354.94870312173197,1.1069774627685547,1.4481115341186523,354.6796982506736
510,/Users/soneyeoluwasina/Downloads/Skin/Train/melanoma/ISIC_0000163.jpg,0.0007579326629638672,1.4347679615020752,0.0466156005859375,355.45817420265996,0.7579326629638672,1.4333343505859375,355.0221383671305
511,/Users/soneyeoluwasina/Downloads/Skin/Train/melanoma/ISIC_0010416.jpg,0.0010750293731689453,1.4358429908752441,0.1638336181640625,355.8884942486021,1.0750293731689453,1.4292335510253906,355.36491548177713
512,/Users/soneyeoluwasina/Downloads/Skin/Train/melanoma/ISIC_0010358.jpg,0.0011830329895019531,1.437026023864746,0.19944477081298828,356.29139034171715,1.1830329895019531,1.434469223022461,355.70571541908265
513,/Users/soneyeoluwasina/Downloads/Skin/Train/melanoma/ISIC_0011052.jpg,0.0010249614715576172,1.4380509853363037,0.1593761444091797,356.73283161099425,1.0249614715576172,1.420750617980957,356.04922663058903
514,/Users/soneyeoluwasina/Downloads/Skin/Train/melanoma/ISIC_0000413.jpg,0.0021619796752929688,1.4402129650115967,0.5833253860473633,356.8916628908845,2.1619796752929688,1.4071273803710938,356.3954291281879
515,/Users/soneyeoluwasina/Downloads/Skin/Train/melanoma/ISIC_0010990.jpg,0.0016429424285888672,1.441856861114502,0.16561126708984375,357.17831213975296,1.6429424285888672,1.4176511764526367,356.7383428169039
516,/Users/soneyeoluwasina/Downloads/Skin/Train/melanoma/ISIC_0001137.jpg,0.0014421939849853516,1.4432990550994873,0.27669429779052734,357.51426440477496,1.4421939849853516,1.3679933547973633,357.0928854243223
517,/Users/soneyeoluwasina/Downloads/Skin/Train/melanoma/ISIC_0010576.jpg,0.0013849735260009766,1.4446840286254883,0.20061492919921875,357.86371950957874,1.3849735260009766,1.418166160583496,357.4343420375727
518,/Users/soneyeoluwasina/Downloads/Skin/Train/melanoma/ISIC_0010210.jpg,0.0012989044189453125,1.44598388671875,0.20704078674316406,358.23359081507743,1.2989044189453125,1.4157819747924805,357.7757206403246
519,/Users/soneyeoluwasina/Downloads/Skin/Train/melanoma/ISIC_0011132.jpg,0.0012831687927246094,1.4472670555114746,0.14773273468017578,358.6069329938431,1.2831687927246094,1.417527198791504,358.11599680166705
520,/Users/soneyeoluwasina/Downloads/Skin/Train/melanoma/ISIC_0011130.jpg,0.001500844955444336,1.448767900466919,0.14269256591796875,358.92567735136237,1.500844955444336,1.4443635940551758,358.4489844818006
521,/Users/soneyeoluwasina/Downloads/Skin/Train/melanoma/ISIC_0010548.jpg,0.001405954360961914,1.4501748085021973,0.2165355682373047,359.2670324608046,1.405954360961914,1.438279151916504,358.78281812234826
522,/Users/soneyeoluwasina/Downloads/Skin/Train/melanoma/ISIC_0001121.jpg,0.0015490055084228516,1.4517269134521484,0.25014686584472656,359.57175909806955,1.5490055084228516,1.4411211013793945,359.1152791499883
523,/Users/soneyeoluwasina/Downloads/Skin/Train/melanoma/ISIC_0001135.jpg,0.001741170883178711,1.4534680843353271,0.3383502960205078,359.8290224853259,1.741170883178711,1.4431047439575195,359.4465794992711
524,/Users/soneyeoluwasina/Downloads/Skin/Train/melanoma/ISIC_0010789.jpg,0.0014848709106445312,1.454953908920288,0.17182445526123047,360.1488657388859,1.4848709106445312,1.4621877670288086,359.7725132841947
525,/Users/soneyeoluwasina/Downloads/Skin/Train/melanoma/ISIC_0010979.jpg,0.0010471343994140625,1.4560010433197021,0.1365365982055664,360.5766647000423,1.0471343994140625,1.469888687133789,360.09588834071917
526,/Users/soneyeoluwasina/Downloads/Skin/Train/melanoma/ISIC_0000411.jpg,0.002090930938720703,1.4580929279327393,0.4397926330566406,360.74518291900256,2.090930938720703,1.4567279815673828,360.42186519761106
527,/Users/soneyeoluwasina/Downloads/Skin/Train/melanoma/ISIC_0010164.jpg,0.0011548995971679688,1.4592490196228027,0.1537923812866211,361.14466613534046,1.1548995971679688,1.4632654190063477,360.74573154894176
528,/Users/soneyeoluwasina/Downloads/Skin/Train/melanoma/ISIC_0000405.jpg,0.002641916275024414,1.4618909358978271,0.7033538818359375,361.17605426955214,2.641916275024414,1.4551877975463867,361.0709617377881
529,/Users/soneyeoluwasina/Downloads/Skin/Train/melanoma/ISIC_0000149.jpg,0.0038530826568603516,1.4657440185546875,1.008859634399414,360.9088580976275,3.8530826568603516,1.4180469512939453,361.4047255378152
530,/Users/soneyeoluwasina/Downloads/Skin/Train/melanoma/ISIC_0000175.jpg,0.0009090900421142578,1.4666531085968018,0.03823661804199219,361.366976890036,0.9090900421142578,1.4127635955810547,361.73916697206073
531,/Users/soneyeoluwasina/Downloads/Skin/Train/melanoma/ISIC_0010366.jpg,0.0008018016815185547,1.4674549102783203,0.054320335388183594,361.8509817785744,0.8018016815185547,1.418466567993164,362.0715470960557
532,/Users/soneyeoluwasina/Downloads/Skin/Train/melanoma/ISIC_0010400.jpg,0.0011272430419921875,1.4685821533203125,0.1703510284423828,362.25416385266766,1.1272430419921875,1.4267826080322266,362.40122962838103
533,/Users/soneyeoluwasina/Downloads/Skin/Train/melanoma/ISIC_0010414.jpg,0.0011436939239501953,1.4697258472442627,0.2019205093383789,362.6526681825563,1.1436939239501953,1.450667381286621,362.72437011854345
534,/Users/soneyeoluwasina/Downloads/Skin/Train/melanoma/ISIC_0000161.jpg,0.0008051395416259766,1.4705309867858887,0.061194419860839844,363.13413644356694,0.8051395416259766,1.4559459686279297,363.04557131767547
535,/Users/soneyeoluwasina/Downloads/Skin/Train/melanoma/ISIC_0010372.jpg,0.0009629726409912109,1.4714939594268799,0.17030715942382812,363.5760762540763,0.9629726409912109,1.457667350769043,363.3657079837508
536,/Users/soneyeoluwasina/Downloads/Skin/Train/melanoma/ISIC_0010398.jpg,0.0011970996856689453,1.4726910591125488,0.2037220001220703,363.9595668646188,1.1970996856689453,1.4763689041137695,363.68058180178224
537,/Users/soneyeoluwasina/Downloads/Skin/Train/melanoma/ISIC_0010415.jpg,0.0007688999176025391,1.4734599590301514,0.05694389343261719,364.4483154828718,0.7688999176025391,1.4895057678222656,363.99157358914664
538,/Users/soneyeoluwasina/Downloads/Skin/Train/melanoma/ISIC_0000160.jpg,0.0003199577331542969,1.473780870437622,0.037224769592285156,365.04748486811826,0.3199577331542969,1.4979076385498047,364.2998539743112
539,/Users/soneyeoluwasina/Downloads/Skin/Train/melanoma/ISIC_0000174.jpg,0.0009663105010986328,1.474748134613037,0.05981159210205078,365.48613783561734,0.9663105010986328,1.5099668502807617,364.6045188477911
540,/Users/soneyeoluwasina/Downloads/Skin/Train/melanoma/ISIC_0010401.jpg,0.0010650157928466797,1.4758141040802002,0.16231060028076172,365.899742052238,1.0650157928466797,1.4950895309448242,364.9122448612641
541,/Users/soneyeoluwasina/Downloads/Skin/Train/melanoma/ISIC_0000148.jpg,0.003950834274291992,1.4797658920288086,1.0329179763793945,365.5983712790345,3.950834274291992,1.5028715133666992,365.21744363622435
542,/Users/soneyeoluwasina/Downloads/Skin/Train/melanoma/ISIC_0011045.jpg,0.0011110305786132812,1.4808769226074219,0.1523122787475586,365.99935600703753,1.1110305786132812,1.5117835998535156,365.5198270331685
543,/Users/soneyeoluwasina/Downloads/Skin/Train/melanoma/ISIC_0010171.jpg,0.0013380050659179688,1.4822161197662354,0.16717529296875,366.34333735733367,1.3380050659179688,1.519160270690918,365.81977231840415
544,/Users/soneyeoluwasina/Downloads/Skin/Train/melanoma/ISIC_0000404.jpg,0.003326892852783203,1.4855449199676514,0.8220338821411133,366.19559105075456,3.326892852783203,1.5285205841064453,366.11679757475883
545,/Users/soneyeoluwasina/Downloads/Skin/Train/melanoma/ISIC_0000410.jpg,0.0017910003662109375,1.4873368740081787,0.37602996826171875,366.42673863876996,1.7910003662109375,1.5375947952270508,366.41096431285763
546,/Users/soneyeoluwasina/Downloads/Skin/Train/melanoma/ISIC_0010165.jpg,0.0011970996856689453,1.488534927368164,0.11921882629394531,366.80362009735774,1.1970996856689453,1.5297794342041016,366.70642991218324
547,/Users/soneyeoluwasina/Downloads/Skin/Train/melanoma/ISIC_0010978.jpg,0.0008411407470703125,1.4893770217895508,0.07087993621826172,367.26765083481405,0.8411407470703125,1.531825065612793,367.00077992492334
548,/Users/soneyeoluwasina/Downloads/Skin/Train/melanoma/ISIC_0001108.jpg,0.002135038375854492,1.4915130138397217,0.6045169830322266,367.41214787609505,2.135038375854492,1.5271615982055664,367.29567811847295
549,/Users/soneyeoluwasina/Downloads/Skin/Train/melanoma/ISIC_0010777.jpg,0.0013659000396728516,1.4928789138793945,0.24026107788085938,367.7458331656442,1.3659000396728516,1.5221023559570312,367.59121791185373
550,/Users/soneyeoluwasina/Downloads/Skin/Train/melanoma/ISIC_0010011.jpg,0.0010650157928466797,1.4939439296722412,0.14363670349121094,368.1530404696416,1.0650157928466797,1.5319442749023438,367.88374372888023
551,/Users/soneyeoluwasina/Downloads/Skin/Train/melanoma/ISIC_0010039.jpg,0.0012080669403076172,1.4951531887054443,0.22127723693847656,368.52411121637306,1.2080669403076172,1.5464401245117188,368.17209514053667
552,/Users/soneyeoluwasina/Downloads/Skin/Train/melanoma/ISIC_0001134.jpg,0.0019998550415039062,1.4971539974212646,0.3636484146118164,368.69954657355123,1.9998550415039062,1.528463363647461,368.4642831526881
553,/Users/soneyeoluwasina/Downloads/Skin/Train/melanoma/ISIC_0010993.jpg,0.0012631416320800781,1.4984171390533447,0.19785690307617188,369.0561096687461,1.2631416320800781,1.536245346069336,368.75395581756345
554,/Users/soneyeoluwasina/Downloads/Skin/Train/melanoma/ISIC_0009971.jpg,0.0010960102081298828,1.499514102935791,0.13896751403808594,369.4530107555262,1.0960102081298828,1.5178680419921875,369.04758869706086
555,/Users/soneyeoluwasina/Downloads/Skin/Train/melanoma/ISIC_0010207.jpg,0.0011310577392578125,1.5006461143493652,0.20947742462158203,369.8406937471938,1.1310577392578125,1.4667463302612305,369.35322069540416
556,/Users/soneyeoluwasina/Downloads/Skin/Train/melanoma/ISIC_0011125.jpg,0.0011658668518066406,1.5018119812011719,0.20454883575439453,370.2194462154329,1.1658668518066406,1.4813470840454102,369.6546667905282
557,/Users/soneyeoluwasina/Downloads/Skin/Train/pigmented benign keratosis/ISIC_0026790.jpg,0.002062082290649414,1.5038750171661377,0.3106660842895508,370.3765230767621,2.062082290649414,1.492629051208496,369.95273348921546
558,/Users/soneyeoluwasina/Downloads/Skin/Train/pigmented benign keratosis/ISIC_0024839.jpg,0.001850128173828125,1.5057260990142822,0.29249095916748047,370.5853278131345,1.850128173828125,1.501765251159668,370.2479603641986
559,/Users/soneyeoluwasina/Downloads/Skin/Train/pigmented benign keratosis/ISIC_0025716.jpg,0.0011930465698242188,1.5069191455841064,0.14998722076416016,370.9555364254945,1.1930465698242188,1.509389877319336,370.5407189884089
560,/Users/soneyeoluwasina/Downloads/Skin/Train/pigmented benign keratosis/ISIC_0025064.jpg,0.0016930103302001953,1.508613109588623,0.24152278900146484,371.2018651042373,1.6930103302001953,1.534128189086914,370.8268154320166
561,/Users/soneyeoluwasina/Downloads/Skin/Train/pigmented benign keratosis/ISIC_0025851.jpg,0.00173187255859375,1.5103459358215332,0.3073577880859375,371.43808361681806,1.73187255859375,1.5503454208374023,371.10834004508683
562,/Users/soneyeoluwasina/Downloads/Skin/Train/pigmented benign keratosis/ISIC_0025879.jpg,0.0016031265258789062,1.5119500160217285,0.33434486389160156,371.70540959994497,1.6031265258789062,1.5568065643310547,371.3876838012151
563,/Users/soneyeoluwasina/Downloads/Skin/Train/pigmented benign keratosis/ISIC_0027713.jpg,0.0016279220581054688,1.5135788917541504,0.282379150390625,371.9660752849926,1.6279220581054688,1.5759086608886719,371.6617421159801
564,/Users/soneyeoluwasina/Downloads/Skin/Train/pigmented benign keratosis/ISIC_0024971.jpg,0.0014181137084960938,1.5149970054626465,0.25158023834228516,372.2779635645332,1.4181137084960938,1.6011905670166016,371.9289781904021
565,/Users/soneyeoluwasina/Downloads/Skin/Train/pigmented benign keratosis/ISIC_0028622.jpg,0.002032041549682617,1.5170300006866455,0.28246402740478516,372.43825088776555,2.032041549682617,1.6105842590332031,372.1933127859544
566,/Users/soneyeoluwasina/Downloads/Skin/Train/pigmented benign keratosis/ISIC_0025312.jpg,0.0018877983093261719,1.5189189910888672,0.24331283569335938,372.63343425198184,1.8877983093261719,1.6163206100463867,372.45564585795256
567,/Users/soneyeoluwasina/Downloads/Skin/Train/pigmented benign keratosis/ISIC_0027504.jpg,0.0017538070678710938,1.5206739902496338,0.2549896240234375,372.86098377136136,1.7538070678710938,1.5644454956054688,372.73024048376413
568,/Users/soneyeoluwasina/Downloads/Skin/Train/pigmented benign keratosis/ISIC_0028623.jpg,0.0017669200897216797,1.5224418640136719,0.2612571716308594,373.0848536328079,1.7669200897216797,1.5725278854370117,373.0022644686874
569,/Users/soneyeoluwasina/Downloads/Skin/Train/pigmented benign keratosis/ISIC_0024970.jpg,0.0017368793487548828,1.5241808891296387,0.2744722366333008,373.31526989878427,1.7368793487548828,1.5763282775878906,373.27278927862085
570,/Users/soneyeoluwasina/Downloads/Skin/Train/pigmented benign keratosis/ISIC_0027706.jpg,0.001110076904296875,1.525291919708252,0.1885995864868164,373.69895731764313,1.110076904296875,1.5341901779174805,373.55313334640874
571,/Users/soneyeoluwasina/Downloads/Skin/Train/pigmented benign keratosis/ISIC_0028347.jpg,0.0015082359313964844,1.5268011093139648,0.3069438934326172,373.984533097809,1.5082359313964844,1.5313529968261719,373.8336241753194
572,/Users/soneyeoluwasina/Downloads/Skin/Train/pigmented benign keratosis/ISIC_0025703.jpg,0.0013158321380615234,1.5281178951263428,0.2733926773071289,374.31666877555136,1.3158321380615234,1.5392255783081055,374.1116164854782
573,/Users/soneyeoluwasina/Downloads/Skin/Train/pigmented benign keratosis/ISIC_0028555.jpg,0.0014882087707519531,1.5296070575714111,0.2542762756347656,374.60601215436594,1.4882087707519531,1.547408103942871,374.3870126914515
574,/Users/soneyeoluwasina/Downloads/Skin/Train/pigmented benign keratosis/ISIC_0028233.jpg,0.0019769668579101562,1.5315849781036377,0.4137401580810547,374.7751565902073,1.9769668579101562,1.5319442749023438,374.66565471293984
575,/Users/soneyeoluwasina/Downloads/Skin/Train/pigmented benign keratosis/ISIC_0024435.jpg,0.0017719268798828125,1.5333569049835205,0.28778934478759766,374.99423528286763,1.7719268798828125,1.5387487411499023,374.9420695340455
576,/Users/soneyeoluwasina/Downloads/Skin/Train/pigmented benign keratosis/ISIC_0027470.jpg,0.0011920928955078125,1.5345489978790283,0.18064212799072266,375.3545835265713,1.1920928955078125,1.5521907806396484,375.2146264635249
577,/Users/soneyeoluwasina/Downloads/Skin/Train/pigmented benign keratosis/ISIC_0025515.jpg,0.0015439987182617188,1.53609299659729,0.26460933685302734,375.6282993791093,1.5439987182617188,1.569514274597168,375.4819704443221
578,/Users/soneyeoluwasina/Downloads/Skin/Train/pigmented benign keratosis/ISIC_0024623.jpg,0.0017230510711669922,1.537816047668457,0.3432645797729492,375.8576982444216,1.7230510711669922,1.5680551528930664,375.74915374330783
579,/Users/soneyeoluwasina/Downloads/Skin/Train/pigmented benign keratosis/ISIC_0025529.jpg,0.0012969970703125,1.539113998413086,0.24797344207763672,376.19045801479416,1.2969970703125,1.5691328048706055,376.0155020082553
580,/Users/soneyeoluwasina/Downloads/Skin/Train/pigmented benign keratosis/ISIC_0026961.jpg,0.0016391277313232422,1.5407531261444092,0.2778606414794922,376.43928164624,1.6391277313232422,1.5829753875732422,376.2779140499996
581,/Users/soneyeoluwasina/Downloads/Skin/Train/pigmented benign keratosis/ISIC_0026787.jpg,0.0013659000396728516,1.542119026184082,0.25872039794921875,376.75431671293467,1.3659000396728516,1.5862512588500977,376.53895977107027
582,/Users/soneyeoluwasina/Downloads/Skin/Train/pigmented benign keratosis/ISIC_0026744.jpg,0.0015840530395507812,1.5437030792236328,0.26389312744140625,377.0155076018262,1.5840530395507812,1.5848350524902344,376.79977114181963
583,/Users/soneyeoluwasina/Downloads/Skin/Train/pigmented benign keratosis/ISIC_0024635.jpg,0.0015249252319335938,1.5452280044555664,0.24611186981201172,377.29059939307126,1.5249252319335938,1.5747356414794922,377.0625269984112
584,/Users/soneyeoluwasina/Downloads/Skin/Train/pigmented benign keratosis/ISIC_0028386.jpg,0.002042055130004883,1.5472700595855713,0.3060731887817383,377.43895862395317,2.042055130004883,1.57135009765625,377.32557295067977
585,/Users/soneyeoluwasina/Downloads/Skin/Train/pigmented benign keratosis/ISIC_0025885.jpg,0.001773834228515625,1.549043893814087,0.3711414337158203,377.65230690758625,1.773834228515625,1.57623291015625,377.58686633826056
586,/Users/soneyeoluwasina/Downloads/Skin/Train/pigmented benign keratosis/ISIC_0025113.jpg,0.0015201568603515625,1.5505650043487549,0.24140167236328125,377.9267546710323,1.5201568603515625,1.5773725509643555,377.8473601402716
587,/Users/soneyeoluwasina/Downloads/Skin/Train/pigmented benign keratosis/ISIC_0025661.jpg,0.0017240047454833984,1.5522890090942383,0.32953739166259766,378.15123122112095,1.7240047454833984,1.5721940994262695,378.1085879174241
588,/Users/soneyeoluwasina/Downloads/Skin/Train/pigmented benign keratosis/ISIC_0027710.jpg,0.0015840530395507812,1.553873062133789,0.3417510986328125,378.40928858922,1.5840530395507812,1.5740299224853516,378.368842473271
589,/Users/soneyeoluwasina/Downloads/Skin/Train/pigmented benign keratosis/ISIC_0024782.jpg,0.001435995101928711,1.5553090572357178,0.23874378204345703,378.70286761323285,1.435995101928711,1.5678739547729492,378.6300565889843
590,/Users/soneyeoluwasina/Downloads/Skin/Train/pigmented benign keratosis/ISIC_0026803.jpg,0.0013518333435058594,1.5566608905792236,0.26549434661865234,379.01639565214793,1.3518333435058594,1.564631462097168,378.891510387102
591,/Users/soneyeoluwasina/Downloads/Skin/Train/pigmented benign keratosis/ISIC_0026142.jpg,0.0013570785522460938,1.5580179691314697,0.19112300872802734,379.32810256961153,1.3570785522460938,1.5534067153930664,379.1551913193735
592,/Users/soneyeoluwasina/Downloads/Skin/Train/pigmented benign keratosis/ISIC_0025339.jpg,0.0015151500701904297,1.5595340728759766,0.3190765380859375,379.60055525319666,1.5151500701904297,1.5484905242919922,379.41955812618636
593,/Users/soneyeoluwasina/Downloads/Skin/Train/pigmented benign keratosis/ISIC_0024741.jpg,0.001528024673461914,1.5610620975494385,0.2572908401489258,379.8695778540096,1.528024673461914,1.5339136123657227,379.68694226150336
594,/Users/soneyeoluwasina/Downloads/Skin/Train/pigmented benign keratosis/ISIC_0027513.jpg,0.0012199878692626953,1.5622830390930176,0.2381429672241211,380.21279444014596,1.2199878692626953,1.5305566787719727,379.95463158333973
595,/Users/soneyeoluwasina/Downloads/Skin/Train/pigmented benign keratosis/ISIC_0027275.jpg,0.0016491413116455078,1.563932180404663,0.3237018585205078,380.45128008430993,1.6491413116455078,1.5204429626464844,380.2242543048471
596,/Users/soneyeoluwasina/Downloads/Skin/Train/pigmented benign keratosis/ISIC_0026631.jpg,0.001590728759765625,1.5655238628387451,0.2929410934448242,380.7032356052884,1.590728759765625,1.5281438827514648,380.491463827138
597,/Users/soneyeoluwasina/Downloads/Skin/Train/pigmented benign keratosis/ISIC_0024740.jpg,0.0012502670288085938,1.5667750835418701,0.19334697723388672,381.03746113348626,1.2502670288085938,1.5297985076904297,380.7577506727685
598,/Users/soneyeoluwasina/Downloads/Skin/Train/pigmented benign keratosis/ISIC_0027739.jpg,0.001361846923828125,1.5681369304656982,0.2388620376586914,381.3442489505101,1.361846923828125,1.5408039093017578,381.0208491665443
599,/Users/soneyeoluwasina/Downloads/Skin/Train/pigmented benign keratosis/ISIC_0024581.jpg,0.0017061233520507812,1.5698440074920654,0.25279998779296875,381.56657422092786,1.7061233520507812,1.5377426147460938,381.2841647211085
600,/Users/soneyeoluwasina/Downloads/Skin/Train/pigmented benign keratosis/ISIC_0025066.jpg,0.0017371177673339844,1.5715820789337158,0.2516059875488281,381.7808869436122,1.7371177673339844,1.5223455429077148,381.55070937939695
601,/Users/soneyeoluwasina/Downloads/Skin/Train/pigmented benign keratosis/ISIC_0026553.jpg,0.0020742416381835938,1.5737462043762207,0.2243804931640625,381.89131025622765,2.0742416381835938,1.520543098449707,381.81718332062917
602,/Users/soneyeoluwasina/Downloads/Skin/Train/pigmented benign keratosis/ISIC_0026590.jpg,0.0019268989562988281,1.575674057006836,0.27496337890625,382.05871152284146,1.9268989562988281,1.5233993530273438,382.08242443101335
603,/Users/soneyeoluwasina/Downloads/Skin/Train/pigmented benign keratosis/ISIC_0025099.jpg,0.0013170242309570312,1.5769920349121094,0.23505115509033203,382.37352291611734,1.3170242309570312,1.5281391143798828,382.34599923919217
604,/Users/soneyeoluwasina/Downloads/Skin/Train/pigmented benign keratosis/ISIC_0026769.jpg,0.0017881393432617188,1.5787811279296875,0.28786563873291016,382.57361284274214,1.7881393432617188,1.521897315979004,382.6105750071954
605,/Users/soneyeoluwasina/Downloads/Skin/Train/pigmented benign keratosis/ISIC_0027463.jpg,0.001294851303100586,1.580075979232788,0.25327587127685547,382.89297980073087,1.294851303100586,1.5181589126586914,382.87552543701656
606,/Users/soneyeoluwasina/Downloads/Skin/Train/pigmented benign keratosis/ISIC_0025937.jpg,0.0010950565338134766,1.581171989440918,0.22560882568359375,383.260014752901,1.0950565338134766,1.5156126022338867,383.1405823590712
607,/Users/soneyeoluwasina/Downloads/Skin/Train/pigmented benign keratosis/ISIC_0025076.jpg,0.0015571117401123047,1.582731008529663,0.2545022964477539,383.51431590633666,1.5571117401123047,1.5124750137329102,383.40587049265673
608,/Users/soneyeoluwasina/Downloads/Skin/Train/pigmented benign keratosis/ISIC_0025710.jpg,0.0016808509826660156,1.5844159126281738,0.29337501525878906,383.73762542656544,1.6808509826660156,1.5207910537719727,383.6686467160548
609,/Users/soneyeoluwasina/Downloads/Skin/Train/pigmented benign keratosis/ISIC_0026219.jpg,0.0014371871948242188,1.5858540534973145,0.2587776184082031,384.0202058045383,1.4371871948242188,1.5237712860107422,383.93019407523207
610,/Users/soneyeoluwasina/Downloads/Skin/Train/pigmented benign keratosis/ISIC_0027649.jpg,0.0017499923706054688,1.5876049995422363,0.27593040466308594,384.22655520478014,1.7499923706054688,1.5124082565307617,384.1940069024216
611,/Users/soneyeoluwasina/Downloads/Skin/Train/pigmented benign keratosis/ISIC_0028354.jpg,0.0014729499816894531,1.5890789031982422,0.2913646697998047,384.4994724744489,1.4729499816894531,1.5100526809692383,384.4578936859647
612,/Users/soneyeoluwasina/Downloads/Skin/Train/pigmented benign keratosis/ISIC_0026351.jpg,0.0016949176788330078,1.5907750129699707,0.2916736602783203,384.71813739228804,1.6949176788330078,1.5110301971435547,384.72104326273586
613,/Users/soneyeoluwasina/Downloads/Skin/Train/pigmented benign keratosis/ISIC_0025466.jpg,0.0013201236724853516,1.5920970439910889,0.23723793029785156,385.0267810706588,1.3201236724853516,1.503453254699707,384.9855235602192
614,/Users/soneyeoluwasina/Downloads/Skin/Train/pigmented benign keratosis/ISIC_0026153.jpg,0.0012559890747070312,1.5933539867401123,0.24804019927978516,385.3506534704193,1.2559890747070312,1.509695053100586,385.24800807571074
615,/Users/soneyeoluwasina/Downloads/Skin/Train/pigmented benign keratosis/ISIC_0026634.jpg,0.001470804214477539,1.5948247909545898,0.26131343841552734,385.622297501338,1.470804214477539,1.5070152282714844,385.51063308105876
616,/Users/soneyeoluwasina/Downloads/Skin/Train/pigmented benign keratosis/ISIC_0027270.jpg,0.001641988754272461,1.5964679718017578,0.31911563873291016,385.85177459262684,1.641988754272461,1.5077400207519531,385.77257300188865
617,/Users/soneyeoluwasina/Downloads/Skin/Train/pigmented benign keratosis/ISIC_0024786.jpg,0.0010249614715576172,1.5974929332733154,0.22039794921875,386.23019053721055,1.0249614715576172,1.5169429779052734,386.0317924611985
618,/Users/soneyeoluwasina/Downloads/Skin/Train/pigmented benign keratosis/ISIC_0028180.jpg,0.0015990734100341797,1.5990920066833496,0.2844877243041992,386.4693197246252,1.5990734100341797,1.5185785293579102,386.2901259544118
619,/Users/soneyeoluwasina/Downloads/Skin/Train/pigmented benign keratosis/ISIC_0024547.jpg,0.0012311935424804688,1.600325107574463,0.2515411376953125,386.79640597415175,1.2311935424804688,1.5280580520629883,386.54569477870837
620,/Users/soneyeoluwasina/Downloads/Skin/Train/pigmented benign keratosis/ISIC_0025659.jpg,0.0014951229095458984,1.6018211841583252,0.27298450469970703,387.05943343218934,1.4951229095458984,1.5308618545532227,386.80008036553556
621,/Users/soneyeoluwasina/Downloads/Skin/Train/pigmented benign keratosis/ISIC_0026422.jpg,0.0015909671783447266,1.6034128665924072,0.28802490234375,387.2988753793381,1.5909671783447266,1.5273809432983398,387.05482155699946
622,/Users/soneyeoluwasina/Downloads/Skin/Train/pigmented benign keratosis/ISIC_0025103.jpg,0.0018661022186279297,1.6052789688110352,0.3095054626464844,387.4715934643373,1.8661022186279297,1.5247440338134766,387.3097174456426
623,/Users/soneyeoluwasina/Downloads/Skin/Train/pigmented benign keratosis/ISIC_0026378.jpg,0.00133514404296875,1.6066150665283203,0.28420352935791016,387.77178988257555,1.33514404296875,1.5320539474487305,387.5623617918752
624,/Users/soneyeoluwasina/Downloads/Skin/Train/pigmented benign keratosis/ISIC_0025842.jpg,0.001207113265991211,1.607823133468628,0.2409963607788086,388.1023895046324,1.207113265991211,1.5378141403198242,387.8131256762124
625,/Users/soneyeoluwasina/Downloads/Skin/Train/pigmented benign keratosis/ISIC_0025856.jpg,0.0016818046569824219,1.6095058917999268,0.31250667572021484,388.31793234447633,1.6818046569824219,1.5315771102905273,388.0649144162544
626,/Users/soneyeoluwasina/Downloads/Skin/Train/pigmented benign keratosis/ISIC_0028209.jpg,0.0013349056243896484,1.610841989517212,0.24005508422851562,388.61663904578216,1.3349056243896484,1.526937484741211,388.31734833587666
627,/Users/soneyeoluwasina/Downloads/Skin/Train/pigmented benign keratosis/ISIC_0026556.jpg,0.0017809867858886719,1.6126251220703125,0.3592262268066406,388.8070397880494,1.7809867858886719,1.5190315246582031,388.5716658014321
628,/Users/soneyeoluwasina/Downloads/Skin/Train/pigmented benign keratosis/ISIC_0025063.jpg,0.0014109611511230469,1.614037036895752,0.27245235443115234,389.0864866445822,1.4109611511230469,1.50421142578125,388.82907485600185
629,/Users/soneyeoluwasina/Downloads/Skin/Train/pigmented benign keratosis/ISIC_0025275.jpg,0.001110076904296875,1.6151480674743652,0.20147132873535156,389.43797950585304,1.110076904296875,1.5038871765136719,389.08606822495466
630,/Users/soneyeoluwasina/Downloads/Skin/Train/pigmented benign keratosis/ISIC_0027310.jpg,0.0015118122100830078,1.6166608333587646,0.23520946502685547,389.69212774897,1.5118122100830078,1.4965200424194336,389.3443619731526
631,/Users/soneyeoluwasina/Downloads/Skin/Train/pigmented benign keratosis/ISIC_0025507.jpg,0.0012090206146240234,1.6178710460662842,0.21364974975585938,390.01872339221524,1.2090206146240234,1.5077638626098633,389.5994765978282
632,/Users/soneyeoluwasina/Downloads/Skin/Train/pigmented benign keratosis/ISIC_0026783.jpg,0.0019998550415039062,1.6198718547821045,0.32817554473876953,390.15431877172335,1.9998550415039062,1.5150642395019531,389.85234350320485
633,/Users/soneyeoluwasina/Downloads/Skin/Train/pigmented benign keratosis/ISIC_0026967.jpg,0.0016739368438720703,1.621546983718872,0.31628990173339844,390.36796735193667,1.6739368438720703,1.5147638320922852,390.10482113558976
634,/Users/soneyeoluwasina/Downloads/Skin/Train/pigmented benign keratosis/ISIC_0024814.jpg,0.0014739036560058594,1.623020887374878,0.2983999252319336,390.6295999834299,1.4739036560058594,1.5085077285766602,390.3583518290271
635,/Users/soneyeoluwasina/Downloads/Skin/Train/pigmented benign keratosis/ISIC_0026959.jpg,0.0016560554504394531,1.624678134918213,0.3387441635131836,390.84664608474355,1.6560554504394531,1.5038442611694336,390.6125245378153
636,/Users/soneyeoluwasina/Downloads/Skin/Train/pigmented benign keratosis/ISIC_0026018.jpg,0.0015690326690673828,1.6262481212615967,0.23375892639160156,391.08423350958856,1.5690326690673828,1.4967823028564453,390.86792891301076
637,/Users/soneyeoluwasina/Downloads/Skin/Train/pigmented benign keratosis/ISIC_0028237.jpg,0.0013451576232910156,1.627593994140625,0.23749351501464844,391.3752460952881,1.3451576232910156,1.4908361434936523,391.1242801100008
638,/Users/soneyeoluwasina/Downloads/Skin/Train/pigmented benign keratosis/ISIC_0025075.jpg,0.0018961429595947266,1.6294901371002197,0.31871795654296875,391.5335143638004,1.8961429595947266,1.4941596984863281,391.3793868223964
639,/Users/soneyeoluwasina/Downloads/Skin/Train/pigmented benign keratosis/ISIC_0028223.jpg,0.0013020038604736328,1.6307921409606934,0.21961498260498047,391.83411788063165,1.3020038604736328,1.4948797225952148,391.6338516822899
640,/Users/soneyeoluwasina/Downloads/Skin/Train/pigmented benign keratosis/ISIC_0024592.jpg,0.0013880729675292969,1.63218092918396,0.25693225860595703,392.1133916936404,1.3880729675292969,1.5136003494262695,391.88336982178225
641,/Users/soneyeoluwasina/Downloads/Skin/Train/pigmented benign keratosis/ISIC_0028343.jpg,0.0018172264099121094,1.6339991092681885,0.32419490814208984,392.28907553510334,1.8172264099121094,1.5193653106689453,392.1310439922184
642,/Users/soneyeoluwasina/Downloads/Skin/Train/pigmented benign keratosis/ISIC_0027064.jpg,0.0015969276428222656,1.6355969905853271,0.28538990020751953,392.517229913861,1.5969276428222656,1.5167665481567383,392.3788816604678
643,/Users/soneyeoluwasina/Downloads/Skin/Train/pigmented benign keratosis/ISIC_0025883.jpg,0.0020020008087158203,1.637598991394043,0.2750692367553711,392.6480190688392,2.0020008087158203,1.5218257904052734,392.6245573079977
644,/Users/soneyeoluwasina/Downloads/Skin/Train/pigmented benign keratosis/ISIC_0025465.jpg,0.001360177993774414,1.6389601230621338,0.2809429168701172,392.9320737815081,1.360177993774414,1.5187644958496094,392.87050952227605
645,/Users/soneyeoluwasina/Downloads/Skin/Train/pigmented benign keratosis/ISIC_0026623.jpg,0.0014750957489013672,1.6404352188110352,0.29248905181884766,393.1883396575008,1.4750957489013672,1.5248966217041016,393.114533548494
646,/Users/soneyeoluwasina/Downloads/Skin/Train/pigmented benign keratosis/ISIC_0026637.jpg,0.001458883285522461,1.6418941020965576,0.3035249710083008,393.44803003745096,1.458883285522461,1.5259552001953125,393.3578476603923
647,/Users/soneyeoluwasina/Downloads/Skin/Train/pigmented benign keratosis/ISIC_0025470.jpg,0.001615762710571289,1.643509864807129,0.27745819091796875,393.6696784451169,1.615762710571289,1.5371370315551758,393.59805875108714
648,/Users/soneyeoluwasina/Downloads/Skin/Train/pigmented benign keratosis/ISIC_0026409.jpg,0.0016498565673828125,1.6451609134674072,0.31554508209228516,393.8824431673672,1.6498565673828125,1.5374326705932617,393.83777056450134
649,/Users/soneyeoluwasina/Downloads/Skin/Train/pigmented benign keratosis/ISIC_0025699.jpg,0.0013942718505859375,1.6465561389923096,0.1761493682861328,394.15601122302894,1.3942718505859375,1.5404129028320312,394.0763100225585
650,/Users/soneyeoluwasina/Downloads/Skin/Train/pigmented benign keratosis/ISIC_0027893.jpg,0.001505136489868164,1.6480622291564941,0.2740669250488281,394.4025829247242,1.505136489868164,1.5523099899291992,394.3115478590345
651,/Users/soneyeoluwasina/Downloads/Skin/Train/pigmented benign keratosis/ISIC_0027139.jpg,0.0016789436340332031,1.6497418880462646,0.215728759765625,394.607183534,1.6789436340332031,1.5420293807983398,394.54878964546333
652,/Users/soneyeoluwasina/Downloads/Skin/Train/pigmented benign keratosis/ISIC_0028236.jpg,0.0011858940124511719,1.6509289741516113,0.22110843658447266,394.9291642513291,1.1858940124511719,1.5417718887329102,394.78562688066864
653,/Users/soneyeoluwasina/Downloads/Skin/Train/pigmented benign keratosis/ISIC_0028550.jpg,0.001300811767578125,1.652230978012085,0.24677085876464844,395.2231913637584,1.300811767578125,1.5352106094360352,395.02360168395455
654,/Users/soneyeoluwasina/Downloads/Skin/Train/pigmented benign keratosis/ISIC_0027850.jpg,0.0014197826385498047,1.6536519527435303,0.2647428512573242,395.48830025264135,1.4197826385498047,1.535487174987793,395.26105691646995
655,/Users/soneyeoluwasina/Downloads/Skin/Train/pigmented benign keratosis/ISIC_0028587.jpg,0.0018570423126220703,1.6555089950561523,0.3344564437866211,395.6487110345078,1.8570423126220703,1.548004150390625,395.4950636378789
656,/Users/soneyeoluwasina/Downloads/Skin/Train/pigmented benign keratosis/ISIC_0028593.jpg,0.0014600753784179688,1.6569700241088867,0.2581510543823242,395.9033600217329,1.4600753784179688,1.5491485595703125,395.7283576783177
657,/Users/soneyeoluwasina/Downloads/Skin/Train/pigmented benign keratosis/ISIC_0024626.jpg,0.0015420913696289062,1.6585121154785156,0.29909801483154297,396.13819752558254,1.5420913696289062,1.5543031692504883,395.9599607909518
658,/Users/soneyeoluwasina/Downloads/Skin/Train/pigmented benign keratosis/ISIC_0028020.jpg,0.0013680458068847656,1.6598801612854004,0.24500370025634766,396.4141600984309,1.3680458068847656,1.5460491180419922,396.1931201421145
659,/Users/soneyeoluwasina/Downloads/Skin/Train/pigmented benign keratosis/ISIC_0025276.jpg,0.0012040138244628906,1.6610841751098633,0.22962474822998047,396.72884124395085,1.2040138244628906,1.5435314178466797,396.42645174709037
660,/Users/soneyeoluwasina/Downloads/Skin/Train/pigmented benign keratosis/ISIC_0025510.jpg,0.0013968944549560547,1.6624820232391357,0.27032470703125,396.99677396455303,1.3968944549560547,1.5416336059570312,396.6597876774442
661,/Users/soneyeoluwasina/Downloads/Skin/Train/pigmented benign keratosis/ISIC_0026794.jpg,0.0011756420135498047,1.663658857345581,0.23700237274169922,397.31703232395,1.1756420135498047,1.5298128128051758,396.89550162604513
662,/Users/soneyeoluwasina/Downloads/Skin/Train/pigmented benign keratosis/ISIC_0026958.jpg,0.0018610954284667969,1.6655199527740479,0.3425922393798828,397.47347301207026,1.8610954284667969,1.527252197265625,397.13139475874146
663,/Users/soneyeoluwasina/Downloads/Skin/Train/pigmented benign keratosis/ISIC_0024696.jpg,0.0013561248779296875,1.6668760776519775,0.2915487289428711,397.75002406533184,1.3561248779296875,1.5271472930908203,397.36686851594504
664,/Users/soneyeoluwasina/Downloads/Skin/Train/pigmented benign keratosis/ISIC_0026042.jpg,0.0021920204162597656,1.6690690517425537,0.35872364044189453,397.8265604450372,2.1920204162597656,1.5189075469970703,397.6038869397162
665,/Users/soneyeoluwasina/Downloads/Skin/Train/pigmented benign keratosis/ISIC_0027374.jpg,0.0017590522766113281,1.6708290576934814,0.23811054229736328,398.00600602314654,1.7590522766113281,1.5250682830810547,397.83899537908337
666,/Users/soneyeoluwasina/Downloads/Skin/Train/pigmented benign keratosis/ISIC_0024494.jpg,0.0015120506286621094,1.6723430156707764,0.21244049072265625,398.2436580050939,1.5120506286621094,1.5223073959350586,398.07431449824037
667,/Users/soneyeoluwasina/Downloads/Skin/Train/pigmented benign keratosis/ISIC_0026526.jpg,0.001277923583984375,1.673717975616455,0.18960952758789062,398.5139729137067,1.277923583984375,1.5124034881591797,398.3115717100771
668,/Users/soneyeoluwasina/Downloads/Skin/Train/pigmented benign keratosis/ISIC_0026532.jpg,0.0014460086822509766,1.675163984298706,0.2641143798828125,398.7669304385462,1.4460086822509766,1.5168428421020508,398.5473611167726
669,/Users/soneyeoluwasina/Downloads/Skin/Train/pigmented benign keratosis/ISIC_0025985.jpg,0.0015377998352050781,1.6767017841339111,0.2544565200805664,398.997607285047,1.5377998352050781,1.507101058959961,398.7850588667482
670,/Users/soneyeoluwasina/Downloads/Skin/Train/pigmented benign keratosis/ISIC_0027162.jpg,0.0015480518341064453,1.678251028060913,0.29056644439697266,399.22513902710506,1.5480518341064453,1.512312889099121,399.0210862694983
671,/Users/soneyeoluwasina/Downloads/Skin/Train/pigmented benign keratosis/ISIC_0027957.jpg,0.0021500587463378906,1.680401086807251,0.2795286178588867,399.3094299140777,2.1500587463378906,1.5153312683105469,399.255966771362
672,/Users/soneyeoluwasina/Downloads/Skin/Train/pigmented benign keratosis/ISIC_0026446.jpg,0.0018808841705322266,1.6822829246520996,0.32860374450683594,399.4571841350475,1.8808841705322266,1.5200328826904297,399.4893095036966
673,/Users/soneyeoluwasina/Downloads/Skin/Train/pigmented benign keratosis/ISIC_0027770.jpg,0.0014841556549072266,1.6837680339813232,0.24361610412597656,399.69876278543546,1.4841556549072266,1.5178632736206055,399.72274363083324
674,/Users/soneyeoluwasina/Downloads/Skin/Train/pigmented benign keratosis/ISIC_0028331.jpg,0.0018019676208496094,1.6855719089508057,0.35289955139160156,399.86428132842775,1.8019676208496094,1.51885986328125,399.95553219309426
675,/Users/soneyeoluwasina/Downloads/Skin/Train/pigmented benign keratosis/ISIC_0026644.jpg,0.0011677742004394531,1.6867408752441406,0.1886272430419922,400.18002166592413,1.1677742004394531,1.5208959579467773,400.187409869869
676,/Users/soneyeoluwasina/Downloads/Skin/Train/pigmented benign keratosis/ISIC_0024709.jpg,0.001322031021118164,1.6880650520324707,0.24453258514404297,400.45850080604407,1.322031021118164,1.5193748474121094,400.41922529061486
677,/Users/soneyeoluwasina/Downloads/Skin/Train/pigmented benign keratosis/ISIC_0024708.jpg,0.0014529228210449219,1.689518928527832,0.24887466430664062,400.7057799523479,1.4529228210449219,1.5203571319580078,400.65023403752826
678,/Users/soneyeoluwasina/Downloads/Skin/Train/pigmented benign keratosis/ISIC_0026679.jpg,0.0014247894287109375,1.6909449100494385,0.26926422119140625,400.9592482703515,1.4247894287109375,1.5331411361694336,400.8777935991177
679,/Users/soneyeoluwasina/Downloads/Skin/Train/pigmented benign keratosis/ISIC_0028640.jpg,0.0017359256744384766,1.6926829814910889,0.2597541809082031,401.1383155762972,1.7359256744384766,1.535348892211914,401.1044025243123
680,/Users/soneyeoluwasina/Downloads/Skin/Train/pigmented benign keratosis/ISIC_0027017.jpg,0.0015690326690673828,1.6942529678344727,0.31494712829589844,401.3568297709103,1.5690326690673828,1.531233787536621,401.33155820456807
681,/Users/soneyeoluwasina/Downloads/Skin/Train/pigmented benign keratosis/ISIC_0027771.jpg,0.0014667510986328125,1.6957218647003174,0.22759151458740234,401.5988790239207,1.4667510986328125,1.52313232421875,401.5602276381874
682,/Users/soneyeoluwasina/Downloads/Skin/Train/pigmented benign keratosis/ISIC_0026335.jpg,0.0015871524810791016,1.697309970855713,0.25461292266845703,401.8122863298588,1.5871524810791016,1.5256261825561523,401.7878929242121
683,/Users/soneyeoluwasina/Downloads/Skin/Train/pigmented benign keratosis/ISIC_0025199.jpg,0.0015480518341064453,1.6988589763641357,0.1832895278930664,402.0345476007332,1.5480518341064453,1.532740592956543,402.013468152583
684,/Users/soneyeoluwasina/Downloads/Skin/Train/pigmented benign keratosis/ISIC_0025984.jpg,0.0013790130615234375,1.7002389430999756,0.26677608489990234,402.29639650112415,1.3790130615234375,1.534419059753418,402.2382220000368
685,/Users/soneyeoluwasina/Downloads/Skin/Train/pigmented benign keratosis/ISIC_0024495.jpg,0.0010650157928466797,1.7013039588928223,0.17059326171875,402.6323435147859,1.0650157928466797,1.5436792373657227,402.46036532922085
686,/Users/soneyeoluwasina/Downloads/Skin/Train/pigmented benign keratosis/ISIC_0028052.jpg,0.0014410018920898438,1.702744960784912,0.3037567138671875,402.87889014440276,1.4410018920898438,1.5372800827026367,402.68359200650576
687,/Users/soneyeoluwasina/Downloads/Skin/Train/pigmented benign keratosis/ISIC_0027388.jpg,0.0013399124145507812,1.704084873199463,0.2745952606201172,403.14893395546665,1.3399124145507812,1.5443897247314453,402.9047174614084
688,/Users/soneyeoluwasina/Downloads/Skin/Train/pigmented benign keratosis/ISIC_0024871.jpg,0.0014841556549072266,1.7055690288543701,0.23739147186279297,403.38443555235597,1.4841556549072266,1.5854263305664062,403.1158519364417
689,/Users/soneyeoluwasina/Downloads/Skin/Train/pigmented benign keratosis/ISIC_0025548.jpg,0.0016100406646728516,1.7071800231933594,0.2524576187133789,403.58953984899233,1.6100406646728516,1.5854978561401367,403.32652511175166
690,/Users/soneyeoluwasina/Downloads/Skin/Train/pigmented benign keratosis/ISIC_0026069.jpg,0.0012500286102294922,1.7084310054779053,0.2546043395996094,403.8793476514926,1.2500286102294922,1.5809154510498047,403.53793368435885
691,/Users/soneyeoluwasina/Downloads/Skin/Train/pigmented benign keratosis/ISIC_0027820.jpg,0.001322031021118164,1.7097530364990234,0.24355030059814453,404.1519361269429,1.322031021118164,1.5802717208862305,403.7490283933072
692,/Users/soneyeoluwasina/Downloads/Skin/Train/pigmented benign keratosis/ISIC_0026280.jpg,0.0018188953399658203,1.7115719318389893,0.2763385772705078,404.30670024863304,1.8188953399658203,1.586294174194336,403.9582959291549
693,/Users/soneyeoluwasina/Downloads/Skin/Train/pigmented benign keratosis/ISIC_0025986.jpg,0.0015149116516113281,1.7130868434906006,0.20181846618652344,404.53290656761874,1.5149116516113281,1.5947341918945312,404.16562950865637
694,/Users/soneyeoluwasina/Downloads/Skin/Train/pigmented benign keratosis/ISIC_0025038.jpg,0.0016207695007324219,1.7147088050842285,0.2568340301513672,404.7334439190157,1.6207695007324219,1.5912961959838867,404.3733591446484
695,/Users/soneyeoluwasina/Downloads/Skin/Train/pigmented benign keratosis/ISIC_0027954.jpg,0.0016260147094726562,1.7163360118865967,0.3204002380371094,404.93236475068534,1.6260147094726562,1.5871143341064453,404.58166684364033
696,/Users/soneyeoluwasina/Downloads/Skin/Train/pigmented benign keratosis/ISIC_0028497.jpg,0.0016939640045166016,1.7180299758911133,0.3112621307373047,405.11516665417696,1.6939640045166016,1.5863513946533203,404.78976299577306
697,/Users/soneyeoluwasina/Downloads/Skin/Train/pigmented benign keratosis/ISIC_0025819.jpg,0.0015072822570800781,1.7195382118225098,0.3079719543457031,405.34138480194713,1.5072822570800781,1.573171615600586,405.0005893935822
698,/Users/soneyeoluwasina/Downloads/Skin/Train/pigmented benign keratosis/ISIC_0027559.jpg,0.001699686050415039,1.7212388515472412,0.3007783889770508,405.521871280421,1.699686050415039,1.5655136108398438,405.21284151659586
699,/Users/soneyeoluwasina/Downloads/Skin/Train/pigmented benign keratosis/ISIC_0026135.jpg,0.0014960765838623047,1.722736120223999,0.3177919387817383,405.74989506176513,1.4960765838623047,1.5589570999145508,405.4262311247645
700,/Users/soneyeoluwasina/Downloads/Skin/Train/pigmented benign keratosis/ISIC_0028656.jpg,0.0014290809631347656,1.7241661548614502,0.19750118255615234,405.99335396202014,1.4290809631347656,1.5588808059692383,405.63927925533807
701,/Users/soneyeoluwasina/Downloads/Skin/Train/pigmented benign keratosis/ISIC_0028124.jpg,0.001728057861328125,1.72593092918396,0.2784576416015625,406.15762087967266,1.728057861328125,1.564927101135254,405.8504964073411
702,/Users/soneyeoluwasina/Downloads/Skin/Train/pigmented benign keratosis/ISIC_0025366.jpg,0.001825094223022461,1.7277569770812988,0.25066471099853516,406.30714233079766,1.825094223022461,1.5748214721679688,406.0590121862469
703,/Users/soneyeoluwasina/Downloads/Skin/Train/pigmented benign keratosis/ISIC_0027202.jpg,0.0014111995697021484,1.7291691303253174,0.26341724395751953,406.5536376234874,1.4111995697021484,1.5774869918823242,406.2665152564813
704,/Users/soneyeoluwasina/Downloads/Skin/Train/pigmented benign keratosis/ISIC_0026861.jpg,0.0012140274047851562,1.730384111404419,0.2544593811035156,406.84608426542803,1.2140274047851562,1.5757465362548828,406.47403050267894
705,/Users/soneyeoluwasina/Downloads/Skin/Train/pigmented benign keratosis/ISIC_0024910.jpg,0.0014519691467285156,1.7318370342254639,0.2730112075805664,407.08218271547696,1.4519691467285156,1.5694665908813477,406.68264602335796
706,/Users/soneyeoluwasina/Downloads/Skin/Train/pigmented benign keratosis/ISIC_0026849.jpg,0.001584768295288086,1.7334229946136475,0.2540750503540039,407.28662432296636,1.584768295288086,1.5993261337280273,406.8839535804711
707,/Users/soneyeoluwasina/Downloads/Skin/Train/pigmented benign keratosis/ISIC_0027996.jpg,0.0018978118896484375,1.7353229522705078,0.29866981506347656,407.41695894413004,1.8978118896484375,1.6075325012207031,407.08297113997764
708,/Users/soneyeoluwasina/Downloads/Skin/Train/pigmented benign keratosis/ISIC_0027982.jpg,0.0014519691467285156,1.7367761135101318,0.24034500122070312,407.65185247112146,1.4519691467285156,1.6051864624023438,407.2821555381192
709,/Users/soneyeoluwasina/Downloads/Skin/Train/pigmented benign keratosis/ISIC_0026444.jpg,0.001667022705078125,1.7384438514709473,0.2374267578125,407.8360077031506,1.667022705078125,1.5987682342529297,407.4824521027604
710,/Users/soneyeoluwasina/Downloads/Skin/Train/pigmented benign keratosis/ISIC_0027969.jpg,0.0010769367218017578,1.7395219802856445,0.149993896484375,408.15810782880243,1.0769367218017578,1.605830192565918,407.68072279118854
711,/Users/soneyeoluwasina/Downloads/Skin/Train/pigmented benign keratosis/ISIC_0028496.jpg,0.0015311241149902344,1.7410540580749512,0.24698925018310547,408.373305069079,1.5311241149902344,1.6091680526733398,407.8777945758852
712,/Users/soneyeoluwasina/Downloads/Skin/Train/pigmented benign keratosis/ISIC_0026493.jpg,0.003912925720214844,1.7449688911437988,0.2792387008666992,408.0301967637346,3.9129257202148438,1.6082096099853516,408.07470172932284
713,/Users/soneyeoluwasina/Downloads/Skin/Train/pigmented benign keratosis/ISIC_0025830.jpg,0.001359701156616211,1.7463347911834717,0.23526954650878906,408.2836828308321,1.359701156616211,1.6057109832763672,408.2717911652682
714,/Users/soneyeoluwasina/Downloads/Skin/Train/pigmented benign keratosis/ISIC_0027606.jpg,0.001962900161743164,1.7482988834381104,0.36846065521240234,408.3969890753954,1.962900161743164,1.612706184387207,408.4668822019249
715,/Users/soneyeoluwasina/Downloads/Skin/Train/pigmented benign keratosis/ISIC_0025777.jpg,0.0017268657684326172,1.7500457763671875,0.21774864196777344,408.56074147056,1.7268657684326172,1.6111278533935547,408.6619715524243
716,/Users/soneyeoluwasina/Downloads/Skin/Train/pigmented benign keratosis/ISIC_0025005.jpg,0.0018131732940673828,1.751866102218628,0.30728626251220703,408.7070347974832,1.8131732940673828,1.6153860092163086,408.8556788215059
717,/Users/soneyeoluwasina/Downloads/Skin/Train/pigmented benign keratosis/ISIC_0027612.jpg,0.0016999244689941406,1.7535679340362549,0.28959178924560547,408.8806518887771,1.6999244689941406,1.6334915161132812,409.0448103258224
718,/Users/soneyeoluwasina/Downloads/Skin/Train/pigmented benign keratosis/ISIC_0026524.jpg,0.00127410888671875,1.75484299659729,0.25201892852783203,409.15341223814914,1.27410888671875,1.6248559951782227,409.23559389950225
719,/Users/soneyeoluwasina/Downloads/Skin/Train/pigmented benign keratosis/ISIC_0026530.jpg,0.0013287067413330078,1.7561728954315186,0.2641439437866211,409.41299223464597,1.3287067413330078,1.6269969940185547,409.42551288494144
720,/Users/soneyeoluwasina/Downloads/Skin/Train/pigmented benign keratosis/ISIC_0025575.jpg,0.0015099048614501953,1.7576839923858643,0.2124195098876953,409.6299466337396,1.5099048614501953,1.674818992614746,409.6040606502287
721,/Users/soneyeoluwasina/Downloads/Skin/Train/pigmented benign keratosis/ISIC_0024643.jpg,0.0014910697937011719,1.7591769695281982,0.2777738571166992,409.8507498045341,1.4910697937011719,1.6911792755126953,409.77847609639355
722,/Users/soneyeoluwasina/Downloads/Skin/Train/pigmented benign keratosis/ISIC_0027428.jpg,0.0014979839324951172,1.7606759071350098,0.30297088623046875,410.06979028573517,1.4979839324951172,1.689162254333496,409.9530046998454
723,/Users/soneyeoluwasina/Downloads/Skin/Train/pigmented benign keratosis/ISIC_0026044.jpg,0.0011563301086425781,1.7618322372436523,0.17197227478027344,410.3682431938682,1.1563301086425781,1.695713996887207,410.1256675255765
724,/Users/soneyeoluwasina/Downloads/Skin/Train/pigmented benign keratosis/ISIC_0028294.jpg,0.0017981529235839844,1.7636311054229736,0.2995014190673828,410.5166878571028,1.7981529235839844,1.6917181015014648,410.2989089175764
725,/Users/soneyeoluwasina/Downloads/Skin/Train/pigmented benign keratosis/ISIC_0027831.jpg,0.0014700889587402344,1.7651031017303467,0.28235816955566406,410.7408792660757,1.4700889587402344,1.712336540222168,410.4670696515633
726,/Users/soneyeoluwasina/Downloads/Skin/Train/pigmented benign keratosis/ISIC_0026291.jpg,0.0018167495727539062,1.766920804977417,0.33081722259521484,410.88428975133326,1.8167495727539062,1.7474365234375,410.62683297303806
727,/Users/soneyeoluwasina/Downloads/Skin/Train/pigmented benign keratosis/ISIC_0028525.jpg,0.0015861988067626953,1.7685081958770752,0.31627559661865234,411.0809334640664,1.5861988067626953,1.7420768737792969,410.7876611089123
728,/Users/soneyeoluwasina/Downloads/Skin/Train/pigmented benign keratosis/ISIC_0025767.jpg,0.0013377666473388672,1.7698469161987305,0.23286914825439453,411.3350105802344,1.3377666473388672,1.7346906661987305,410.9498691792565
729,/Users/soneyeoluwasina/Downloads/Skin/Train/pigmented benign keratosis/ISIC_0024445.jpg,0.0014219284057617188,1.7712700366973877,0.2166900634765625,411.5690916102511,1.4219284057617188,1.7480039596557617,411.1086712470384
730,/Users/soneyeoluwasina/Downloads/Skin/Train/pigmented benign keratosis/ISIC_0028451.jpg,0.003062009811401367,1.7743330001831055,0.26149940490722656,411.42220762656524,3.062009811401367,1.7581796646118164,411.2647591784584
731,/Users/soneyeoluwasina/Downloads/Skin/Train/pigmented benign keratosis/ISIC_0028479.jpg,0.0018770694732666016,1.7762129306793213,0.294036865234375,411.5497569992498,1.8770694732666016,1.7561626434326172,411.4209539640282
732,/Users/soneyeoluwasina/Downloads/Skin/Train/pigmented benign keratosis/ISIC_0026871.jpg,0.0014698505401611328,1.7776849269866943,0.11861896514892578,411.7715062369311,1.4698505401611328,1.7529821395874023,411.5775402716265
733,/Users/soneyeoluwasina/Downloads/Skin/Train/pigmented benign keratosis/ISIC_0025388.jpg,0.0012271404266357422,1.7789130210876465,0.24878692626953125,412.049375832797,1.2271404266357422,1.7400836944580078,411.7367811056013
734,/Users/soneyeoluwasina/Downloads/Skin/Train/pigmented benign keratosis/ISIC_0028121.jpg,0.0017321109771728516,1.7806460857391357,0.3155832290649414,412.20993092252854,1.7321109771728516,1.752486228942871,411.89284231684627
735,/Users/soneyeoluwasina/Downloads/Skin/Train/pigmented benign keratosis/ISIC_0024726.jpg,0.0012319087982177734,1.78187894821167,0.24704647064208984,412.4859327496186,1.2319087982177734,1.7493867874145508,412.04928845252357
736,/Users/soneyeoluwasina/Downloads/Skin/Train/pigmented benign keratosis/ISIC_0028646.jpg,0.0013930797576904297,1.7832729816436768,0.25142669677734375,412.7242478162904,1.3930797576904297,1.7546653747558594,412.2041373659413
737,/Users/soneyeoluwasina/Downloads/Skin/Train/pigmented benign keratosis/ISIC_0028120.jpg,0.0012149810791015625,1.7844889163970947,0.21857261657714844,413.00340575273066,1.2149810791015625,1.7527246475219727,412.35909141797293
738,/Users/soneyeoluwasina/Downloads/Skin/Train/pigmented benign keratosis/ISIC_0025376.jpg,0.0018339157104492188,1.7863237857818604,0.2553892135620117,413.13898738519174,1.8339157104492188,1.7000055313110352,412.5260236059039
739,/Users/soneyeoluwasina/Downloads/Skin/Train/pigmented benign keratosis/ISIC_0025389.jpg,0.0015311241149902344,1.7878570556640625,0.2629814147949219,413.3440073739641,1.5311241149902344,1.7025327682495117,412.692044721043
740,/Users/soneyeoluwasina/Downloads/Skin/Train/pigmented benign keratosis/ISIC_0024915.jpg,0.0014629364013671875,1.789320945739746,0.23165607452392578,413.5647111055681,1.4629364013671875,1.6951322555541992,412.8594702481182
741,/Users/soneyeoluwasina/Downloads/Skin/Train/pigmented benign keratosis/ISIC_0026441.jpg,0.002227306365966797,1.7915492057800293,0.33160400390625,413.6085113427701,2.227306365966797,1.6940546035766602,413.02691647401736
742,/Users/soneyeoluwasina/Downloads/Skin/Train/pigmented benign keratosis/ISIC_0028336.jpg,0.0013871192932128906,1.792937994003296,0.23305797576904297,413.8458789326297,1.3871192932128906,1.68701171875,413.19568944387254
743,/Users/soneyeoluwasina/Downloads/Skin/Train/pigmented benign keratosis/ISIC_0025982.jpg,0.0016219615936279297,1.7945609092712402,0.23991870880126953,414.02885583957556,1.6219615936279297,1.6845941543579102,413.3647042415586
744,/Users/soneyeoluwasina/Downloads/Skin/Train/pigmented benign keratosis/ISIC_0026290.jpg,0.004011869430541992,1.7985749244689941,0.24347591400146484,413.6608321833778,4.011869430541992,1.689133644104004,413.5323212300146
745,/Users/soneyeoluwasina/Downloads/Skin/Train/pigmented benign keratosis/ISIC_0025799.jpg,0.002444028854370117,1.8010258674621582,0.17684173583984375,413.6531370589287,2.444028854370117,1.6930007934570312,413.69870217539943
746,/Users/soneyeoluwasina/Downloads/Skin/Train/pigmented benign keratosis/ISIC_0026737.jpg,0.0015931129455566406,1.8026220798492432,0.22442626953125,413.8415968267677,1.5931129455566406,1.6890239715576172,413.8656547444918
747,/Users/soneyeoluwasina/Downloads/Skin/Train/pigmented benign keratosis/ISIC_0027367.jpg,0.001834869384765625,1.8044588565826416,0.2746400833129883,413.9745260885024,1.834869384765625,1.6881179809570312,414.03248382717794
748,/Users/soneyeoluwasina/Downloads/Skin/Train/pigmented benign keratosis/ISIC_0024877.jpg,0.0014998912811279297,1.8059608936309814,0.25431156158447266,414.1839408804173,1.4998912811279297,1.6807985305786133,414.20063578580977
749,/Users/soneyeoluwasina/Downloads/Skin/Train/pigmented benign keratosis/ISIC_0026912.jpg,0.002526998519897461,1.8084888458251953,0.3161811828613281,414.1579317611101,2.526998519897461,1.6887283325195312,414.3666076023308
750,/Users/soneyeoluwasina/Downloads/Skin/Train/pigmented benign keratosis/ISIC_0027826.jpg,0.003184080123901367,1.8116750717163086,0.31179141998291016,413.9815200357534,3.184080123901367,1.682729721069336,414.53364491154394
751,/Users/soneyeoluwasina/Downloads/Skin/Train/pigmented benign keratosis/ISIC_0026286.jpg,0.0014600753784179688,1.8131380081176758,0.20341777801513672,414.1990276733854,1.4600753784179688,1.6841459274291992,414.700032829233
752,/Users/soneyeoluwasina/Downloads/Skin/Train/pigmented benign keratosis/ISIC_0025016.jpg,0.0014557838439941406,1.8145949840545654,0.22301292419433594,414.41754584800896,1.4557838439941406,1.6816949844360352,414.8666861522662
753,/Users/soneyeoluwasina/Downloads/Skin/Train/pigmented benign keratosis/ISIC_0028254.jpg,0.002076864242553711,1.816673994064331,0.25498390197753906,414.4937410125854,2.076864242553711,1.6800308227539062,415.0333926334109
754,/Users/soneyeoluwasina/Downloads/Skin/Train/pigmented benign keratosis/ISIC_0027167.jpg,0.0017228126525878906,1.8183989524841309,0.30925559997558594,414.650480836427,1.7228126525878906,1.6758918762207031,415.20068422889074
755,/Users/soneyeoluwasina/Downloads/Skin/Train/pigmented benign keratosis/ISIC_0026523.jpg,0.0013511180877685547,1.8197510242462158,0.26342296600341797,414.89192199396564,1.3511180877685547,1.679391860961914,415.36684369896716
756,/Users/soneyeoluwasina/Downloads/Skin/Train/pigmented benign keratosis/ISIC_0026245.jpg,0.0014257431030273438,1.8211779594421387,0.23693370819091797,415.1159397028817,1.4257431030273438,1.6520118713378906,415.5390549478872
757,/Users/soneyeoluwasina/Downloads/Skin/Train/pigmented benign keratosis/ISIC_0024446.jpg,0.001252889633178711,1.822432041168213,0.24667835235595703,415.3790006428711,1.252889633178711,1.6412925720214844,415.7134150207661
758,/Users/soneyeoluwasina/Downloads/Skin/Train/pigmented benign keratosis/ISIC_0025758.jpg,0.0020720958709716797,1.8245060443878174,0.3114433288574219,415.45491303337076,2.0720958709716797,1.6403770446777344,415.88765794406646
759,/Users/soneyeoluwasina/Downloads/Skin/Train/pigmented benign keratosis/ISIC_0025837.jpg,0.0015120506286621094,1.826019048690796,0.3266477584838867,415.6583144870157,1.5120506286621094,1.644749641418457,416.06055662138584
760,/Users/soneyeoluwasina/Downloads/Skin/Train/pigmented benign keratosis/ISIC_0027991.jpg,0.0013408660888671875,1.827359914779663,0.22830867767333984,415.9005534996855,1.3408660888671875,1.6440868377685547,416.23330125590417
761,/Users/soneyeoluwasina/Downloads/Skin/Train/pigmented benign keratosis/ISIC_0028308.jpg,0.0014340877532958984,1.8287949562072754,0.2145223617553711,416.12100767066437,1.4340877532958984,1.6435718536376953,416.4058086942121
762,/Users/soneyeoluwasina/Downloads/Skin/Train/pigmented benign keratosis/ISIC_0026443.jpg,0.0012769699096679688,1.8300731182098389,0.17427444458007812,416.3768061602815,1.2769699096679688,1.6398239135742188,416.5788279938525
763,/Users/soneyeoluwasina/Downloads/Skin/Train/pigmented benign keratosis/ISIC_0025374.jpg,0.001486063003540039,1.8315601348876953,0.2612028121948242,416.58473858778564,1.486063003540039,1.6444063186645508,416.75045846547584
764,/Users/soneyeoluwasina/Downloads/Skin/Train/pigmented benign keratosis/ISIC_0028650.jpg,0.001592874526977539,1.8331530094146729,0.2849435806274414,416.7682654291612,1.592874526977539,1.6362667083740234,416.9236383587466
765,/Users/soneyeoluwasina/Downloads/Skin/Train/pigmented benign keratosis/ISIC_0027239.jpg,0.001672983169555664,1.834826946258545,0.27860164642333984,416.93305276551354,1.672983169555664,1.6332674026489258,417.09717905577725
766,/Users/soneyeoluwasina/Downloads/Skin/Train/pigmented benign keratosis/ISIC_0028123.jpg,0.001461029052734375,1.8362889289855957,0.22888469696044922,417.14568329024036,1.461029052734375,1.6315078735351562,417.27079257493284
767,/Users/soneyeoluwasina/Downloads/Skin/Train/pigmented benign keratosis/ISIC_0026867.jpg,0.0015790462493896484,1.8378679752349854,0.32529544830322266,417.331391773086,1.5790462493896484,1.6090631484985352,417.449228524771
768,/Users/soneyeoluwasina/Downloads/Skin/Train/pigmented benign keratosis/ISIC_0028309.jpg,0.0015010833740234375,1.8393700122833252,0.2682666778564453,417.5342616609442,1.5010833740234375,1.6107177734375,417.62695806667637
769,/Users/soneyeoluwasina/Downloads/Skin/Train/pigmented benign keratosis/ISIC_0027990.jpg,0.001522064208984375,1.840893030166626,0.2916831970214844,417.7320395038896,1.522064208984375,1.6168212890625,417.8029991422198
770,/Users/soneyeoluwasina/Downloads/Skin/Train/pigmented benign keratosis/ISIC_0027006.jpg,0.0013110637664794922,1.8422040939331055,0.27791690826416016,417.97757508835525,1.3110637664794922,1.5815019607543945,417.9868973896817
771,/Users/soneyeoluwasina/Downloads/Skin/Train/pigmented benign keratosis/ISIC_0027760.jpg,0.001445770263671875,1.8436498641967773,0.27597522735595703,418.1922039388436,1.445770263671875,1.5585994720458984,418.175741924549
772,/Users/soneyeoluwasina/Downloads/Skin/Train/pigmented benign keratosis/ISIC_0027953.jpg,0.0011320114135742188,1.844783067703247,0.2139759063720703,418.4773882173253,1.1320114135742188,1.5546751022338867,418.36516288677177
773,/Users/soneyeoluwasina/Downloads/Skin/Train/pigmented benign keratosis/ISIC_0028490.jpg,0.0015528202056884766,1.846336841583252,0.3092155456542969,418.6668340199207,1.5528202056884766,1.5550756454467773,418.554202248597
774,/Users/soneyeoluwasina/Downloads/Skin/Train/pigmented benign keratosis/ISIC_0024453.jpg,0.0014982223510742188,1.8478350639343262,0.2722015380859375,418.86855331775905,1.4982223510742188,1.5523147583007812,418.74353880317256
775,/Users/soneyeoluwasina/Downloads/Skin/Train/pigmented benign keratosis/ISIC_0024490.jpg,0.0015408992767333984,1.8493759632110596,0.30710887908935547,419.06027515052835,1.5408992767333984,1.5371942520141602,418.93604030480526
776,/Users/soneyeoluwasina/Downloads/Skin/Train/pigmented benign keratosis/ISIC_0026046.jpg,0.0016942024230957031,1.8510701656341553,0.31624317169189453,419.2169559029932,1.6942024230957031,1.5116071701049805,419.13410791304176
777,/Users/soneyeoluwasina/Downloads/Skin/Train/pigmented benign keratosis/ISIC_0025567.jpg,0.00150299072265625,1.8525748252868652,0.2788047790527344,419.41625752130363,1.50299072265625,1.5157651901245117,419.33000146024125
778,/Users/soneyeoluwasina/Downloads/Skin/Train/pigmented benign keratosis/ISIC_0028043.jpg,0.001130819320678711,1.8537068367004395,0.25794506072998047,419.6995903542246,1.130819320678711,1.5182876586914062,419.5249980721367
779,/Users/soneyeoluwasina/Downloads/Skin/Train/pigmented benign keratosis/ISIC_0027370.jpg,0.0015969276428222656,1.8553049564361572,0.3105278015136719,419.87706511406935,1.5969276428222656,1.5169906616210938,419.720015227804
780,/Users/soneyeoluwasina/Downloads/Skin/Train/pigmented benign keratosis/ISIC_0026085.jpg,0.0016930103302001953,1.8569979667663574,0.35907649993896484,420.03277007256816,1.6930103302001953,1.5066003799438477,419.91705812284766
781,/Users/soneyeoluwasina/Downloads/Skin/Train/pigmented benign keratosis/ISIC_0028080.jpg,0.001341104507446289,1.8583390712738037,0.2573833465576172,420.26776064319705,1.341104507446289,1.515340805053711,420.1118107570838
782,/Users/soneyeoluwasina/Downloads/Skin/Train/pigmented benign keratosis/ISIC_0028094.jpg,0.0014240741729736328,1.8597631454467773,0.26641178131103516,420.48365240195005,1.4240741729736328,1.5271472930908203,420.3035954638759
783,/Users/soneyeoluwasina/Downloads/Skin/Train/pigmented benign keratosis/ISIC_0026907.jpg,0.001445770263671875,1.8612089157104492,0.30055999755859375,420.69430969876805,1.445770263671875,1.529526710510254,420.4945099324509
784,/Users/soneyeoluwasina/Downloads/Skin/Train/pigmented benign keratosis/ISIC_0024890.jpg,0.0016989707946777344,1.8629090785980225,0.2947225570678711,420.8471626484414,1.6989707946777344,1.5258216857910156,420.68598633762025
785,/Users/soneyeoluwasina/Downloads/Skin/Train/pigmented benign keratosis/ISIC_0027355.jpg,0.0012061595916748047,1.8641152381896973,0.1958599090576172,421.1113046650157,1.2061595916748047,1.5196418762207031,420.87852820328476
786,/Users/soneyeoluwasina/Downloads/Skin/Train/pigmented benign keratosis/ISIC_0025973.jpg,0.0012056827545166016,1.8653209209442139,0.21349716186523438,421.3752127983059,1.2056827545166016,1.5198087692260742,421.07069885774325
787,/Users/soneyeoluwasina/Downloads/Skin/Train/pigmented benign keratosis/ISIC_0024489.jpg,0.001444101333618164,1.866765022277832,0.2859344482421875,421.5849293339021,1.444101333618164,1.5120840072631836,421.26427914044706
788,/Users/soneyeoluwasina/Downloads/Skin/Train/pigmented benign keratosis/ISIC_0027194.jpg,0.0014269351959228516,1.8681929111480713,0.2654876708984375,421.79798204873066,1.4269351959228516,1.5175247192382812,421.45631104708735
789,/Users/soneyeoluwasina/Downloads/Skin/Train/pigmented benign keratosis/ISIC_0028258.jpg,0.0013811588287353516,1.869575023651123,0.26499271392822266,422.0210422254942,1.3811588287353516,1.5156269073486328,421.6484555622623
790,/Users/soneyeoluwasina/Downloads/Skin/Train/pigmented benign keratosis/ISIC_0025032.jpg,0.001374959945678711,1.8709499835968018,0.2724475860595703,422.24538706335005,1.374959945678711,1.5137243270874023,421.8407184988589
791,/Users/soneyeoluwasina/Downloads/Skin/Train/pigmented benign keratosis/ISIC_0026249.jpg,0.0011050701141357422,1.8720550537109375,0.1415081024169922,422.5303088346769,1.1050701141357422,1.5067672729492188,422.0342395603641
792,/Users/soneyeoluwasina/Downloads/Skin/Train/pigmented benign keratosis/ISIC_0028264.jpg,0.0014698505401611328,1.873525857925415,0.24846649169921875,422.7323560278982,1.4698505401611328,1.504964828491211,422.22784690549247
793,/Users/soneyeoluwasina/Downloads/Skin/Train/pigmented benign keratosis/ISIC_0026301.jpg,0.0019271373748779297,1.8754541873931885,0.27075672149658203,422.83090961674753,1.9271373748779297,1.5043020248413086,422.4212905158695
794,/Users/soneyeoluwasina/Downloads/Skin/Train/pigmented benign keratosis/ISIC_0027037.jpg,0.0022459030151367188,1.877708911895752,0.22941970825195312,422.85574455647145,2.2459030151367188,1.5041637420654297,422.6144533305119
795,/Users/soneyeoluwasina/Downloads/Skin/Train/pigmented benign keratosis/ISIC_0027989.jpg,0.0012989044189453125,1.8790090084075928,0.2427816390991211,423.09536380229497,1.2989044189453125,1.5045785903930664,422.8072143592796
796,/Users/soneyeoluwasina/Downloads/Skin/Train/pigmented benign keratosis/ISIC_0027023.jpg,0.0013968944549560547,1.8804068565368652,0.22768402099609375,423.3126449379092,1.3968944549560547,1.5087366104125977,422.99871796265506
797,/Users/soneyeoluwasina/Downloads/Skin/Train/pigmented benign keratosis/ISIC_0025387.jpg,0.0018548965454101562,1.882262945175171,0.33687782287597656,423.426494179764,1.8548965454101562,1.5073823928833008,423.19020560412775
798,/Users/soneyeoluwasina/Downloads/Skin/Train/pigmented benign keratosis/ISIC_0027584.jpg,0.001361846923828125,1.883626937866211,0.26403045654296875,423.65076860919254,1.361846923828125,1.5097999572753906,423.3808221547551
799,/Users/soneyeoluwasina/Downloads/Skin/Train/pigmented benign keratosis/ISIC_0026842.jpg,0.0017709732055664062,1.8853988647460938,0.2495555877685547,423.7830068427463,1.7709732055664062,1.5130996704101562,423.57039923119373
800,/Users/soneyeoluwasina/Downloads/Skin/Train/pigmented benign keratosis/ISIC_0025378.jpg,0.0019047260284423828,1.8873047828674316,0.28199195861816406,423.8849004475785,1.9047260284423828,1.5202140808105469,423.75808039864734
801,/Users/soneyeoluwasina/Downloads/Skin/Train/pigmented benign keratosis/ISIC_0026895.jpg,0.0016679763793945312,1.889178991317749,0.2368030548095703,423.9937050333609,1.6679763793945312,1.5198755264282227,423.945534848954
802,/Users/soneyeoluwasina/Downloads/Skin/Train/pigmented benign keratosis/ISIC_0025351.jpg,0.0015819072723388672,1.8907630443572998,0.30550289154052734,424.16737644278027,1.5819072723388672,1.524653434753418,424.13163398283393
803,/Users/soneyeoluwasina/Downloads/Skin/Train/pigmented benign keratosis/ISIC_0025345.jpg,0.002012014389038086,1.8927760124206543,0.2929096221923828,424.24459879595076,2.012014389038086,1.5228939056396484,424.31782414413334
804,/Users/soneyeoluwasina/Downloads/Skin/Train/pigmented benign keratosis/ISIC_0026843.jpg,0.001203298568725586,1.8939812183380127,0.18703079223632812,424.5026255886096,1.203298568725586,1.528477668762207,424.50244097747657
805,/Users/soneyeoluwasina/Downloads/Skin/Train/pigmented benign keratosis/ISIC_0025392.jpg,0.0017881393432617188,1.8957700729370117,0.3298683166503906,424.6295537057709,1.7881393432617188,1.5308952331542969,424.68622731771654
806,/Users/soneyeoluwasina/Downloads/Skin/Train/pigmented benign keratosis/ISIC_0028503.jpg,0.0020160675048828125,1.897787094116211,0.3096494674682617,424.705175042488,2.0160675048828125,1.5224123001098633,424.87160700009025
807,/Users/soneyeoluwasina/Downloads/Skin/Train/pigmented benign keratosis/ISIC_0026248.jpg,0.0013718605041503906,1.8991599082946777,0.27295970916748047,424.92472407162046,1.3718605041503906,1.5241670608520508,425.0562778077006
808,/Users/soneyeoluwasina/Downloads/Skin/Train/pigmented benign keratosis/ISIC_0027142.jpg,0.0018868446350097656,1.901047945022583,0.3284645080566406,425.0287332918379,1.8868446350097656,1.532125473022461,425.23887221837106
809,/Users/soneyeoluwasina/Downloads/Skin/Train/pigmented benign keratosis/ISIC_0025033.jpg,0.0012030601501464844,1.902251958847046,0.23122406005859375,425.28540777023807,1.2030601501464844,1.5337276458740234,425.420802738933
810,/Users/soneyeoluwasina/Downloads/Skin/Train/pigmented benign keratosis/ISIC_0024477.jpg,0.0013492107391357422,1.903602123260498,0.2599191665649414,425.5090862226128,1.3492107391357422,1.52984619140625,425.6033181702434
811,/Users/soneyeoluwasina/Downloads/Skin/Train/pigmented benign keratosis/ISIC_0027354.jpg,0.0010478496551513672,1.9046499729156494,0.16718196868896484,425.80002180585257,1.0478496551513672,1.5375423431396484,425.7838014223918
812,/Users/soneyeoluwasina/Downloads/Skin/Train/pigmented benign keratosis/ISIC_0026704.jpg,0.0015490055084228516,1.9061999320983887,0.2529773712158203,425.97840149229876,1.5490055084228516,1.5548896789550781,425.9601211791124
813,/Users/soneyeoluwasina/Downloads/Skin/Train/pigmented benign keratosis/ISIC_0026923.jpg,0.0013911724090576172,1.9075911045074463,0.2071056365966797,426.1919643465325,1.3911724090576172,1.5770816802978516,426.13122811620485
814,/Users/soneyeoluwasina/Downloads/Skin/Train/pigmented benign keratosis/ISIC_0024850.jpg,0.0014977455139160156,1.9090888500213623,0.3172769546508789,426.3814122589902,1.4977455139160156,1.6002464294433594,426.29691503634155
815,/Users/soneyeoluwasina/Downloads/Skin/Train/pigmented benign keratosis/ISIC_0026060.jpg,0.0013251304626464844,1.9104139804840088,0.29024410247802734,426.60910584077567,1.3251304626464844,1.625823974609375,426.45663385100767
816,/Users/soneyeoluwasina/Downloads/Skin/Train/pigmented benign keratosis/ISIC_0027801.jpg,0.0013709068298339844,1.9117858409881592,0.2092599868774414,426.82605054665953,1.3709068298339844,1.6534662246704102,426.60995378240756
817,/Users/soneyeoluwasina/Downloads/Skin/Train/pigmented benign keratosis/ISIC_0026276.jpg,0.0015459060668945312,1.9133329391479492,0.28884220123291016,427.00357229193406,1.5459060668945312,1.6685199737548828,426.75961629693535
818,/Users/soneyeoluwasina/Downloads/Skin/Train/pigmented benign keratosis/ISIC_0026262.jpg,0.0014941692352294922,1.9148280620574951,0.2989187240600586,427.1924023930659,1.4941692352294922,1.715703010559082,426.8986298816793
819,/Users/soneyeoluwasina/Downloads/Skin/Train/pigmented benign keratosis/ISIC_0027154.jpg,0.001542806625366211,1.9163718223571777,0.3180065155029297,427.3700909422748,1.542806625366211,1.718301773071289,427.0368342578747
820,/Users/soneyeoluwasina/Downloads/Skin/Train/pigmented benign keratosis/ISIC_0025743.jpg,0.0015189647674560547,1.9178919792175293,0.2615823745727539,427.5527552571274,1.5189647674560547,1.7237472534179688,427.17369695680924
821,/Users/soneyeoluwasina/Downloads/Skin/Train/pigmented benign keratosis/ISIC_0026538.jpg,0.0013780593872070312,1.9192709922790527,0.2457752227783203,427.7665860124825,1.3780593872070312,1.754007339477539,427.3033840101738
822,/Users/soneyeoluwasina/Downloads/Skin/Train/pigmented benign keratosis/ISIC_0025810.jpg,0.001252889633178711,1.9205238819122314,0.2450237274169922,428.00821574868894,1.252889633178711,1.767568588256836,427.4298112008057
823,/Users/soneyeoluwasina/Downloads/Skin/Train/pigmented benign keratosis/ISIC_0025804.jpg,0.0017178058624267578,1.9222428798675537,0.34206104278564453,428.14568784185394,1.7178058624267578,1.7576074600219727,427.558185089229
824,/Users/soneyeoluwasina/Downloads/Skin/Train/pigmented benign keratosis/ISIC_0025838.jpg,0.00185394287109375,1.924098014831543,0.2975044250488281,428.2526116904404,1.85394287109375,1.7621517181396484,427.6852785298498
825,/Users/soneyeoluwasina/Downloads/Skin/Train/pigmented benign keratosis/ISIC_0028449.jpg,0.0015239715576171875,1.9256219863891602,0.22814273834228516,428.4329976658622,1.5239715576171875,1.7998313903808594,427.80393215329127
826,/Users/soneyeoluwasina/Downloads/Skin/Train/pigmented benign keratosis/ISIC_0026316.jpg,0.0019330978393554688,1.927556037902832,0.18941593170166016,428.52191259699117,1.9330978393554688,1.7989730834960938,427.9225566008546
827,/Users/soneyeoluwasina/Downloads/Skin/Train/pigmented benign keratosis/ISIC_0025623.jpg,0.0014150142669677734,1.9289720058441162,0.25946617126464844,428.7257655862692,1.4150142669677734,1.8068122863769531,428.0401234522147
828,/Users/soneyeoluwasina/Downloads/Skin/Train/pigmented benign keratosis/ISIC_0028104.jpg,0.0014100074768066406,1.9303829669952393,0.2588367462158203,428.93043202138966,1.4100074768066406,1.8032169342041016,428.158213989788
829,/Users/soneyeoluwasina/Downloads/Skin/Train/pigmented benign keratosis/ISIC_0028662.jpg,0.0017178058624267578,1.9321019649505615,0.2831153869628906,429.06638212606566,1.7178058624267578,1.8206214904785156,428.2723418806514
830,/Users/soneyeoluwasina/Downloads/Skin/Train/pigmented benign keratosis/ISIC_0025434.jpg,0.0012688636779785156,1.9333720207214355,0.18462753295898438,429.3017541912531,1.2688636779785156,1.8248319625854492,428.38523771135283
831,/Users/soneyeoluwasina/Downloads/Skin/Train/pigmented benign keratosis/ISIC_0027747.jpg,0.001428842544555664,1.9348020553588867,0.30451011657714844,429.50130102371514,1.428842544555664,1.8181276321411133,428.4993608551174
832,/Users/soneyeoluwasina/Downloads/Skin/Train/pigmented benign keratosis/ISIC_0028448.jpg,0.0018219947814941406,1.9366250038146973,0.29445838928222656,429.61337293547024,1.8219947814941406,1.8122005462646484,428.6145767219403
833,/Users/soneyeoluwasina/Downloads/Skin/Train/pigmented benign keratosis/ISIC_0025805.jpg,0.00152587890625,1.9381520748138428,0.2440948486328125,429.79083572686557,1.52587890625,1.8407678604125977,428.72332938312366
834,/Users/soneyeoluwasina/Downloads/Skin/Train/pigmented benign keratosis/ISIC_0027960.jpg,0.0015048980712890625,1.9396569728851318,0.26877784729003906,429.9729342139664,1.5048980712890625,1.8512964248657227,428.82960351261454
835,/Users/soneyeoluwasina/Downloads/Skin/Train/pigmented benign keratosis/ISIC_0025030.jpg,0.0015909671783447266,1.941248893737793,0.30434608459472656,430.1354672724334,1.5909671783447266,1.8681955337524414,428.93192493729293
836,/Users/soneyeoluwasina/Downloads/Skin/Train/pigmented benign keratosis/ISIC_0026539.jpg,0.002073049545288086,1.943321943283081,0.2847929000854492,430.19120063433616,2.073049545288086,1.8667125701904297,429.0342873756602
837,/Users/soneyeoluwasina/Downloads/Skin/Train/pigmented benign keratosis/ISIC_0026263.jpg,0.002553701400756836,1.9458768367767334,0.2968149185180664,430.1402761885263,2.553701400756836,1.8799352645874023,429.13346923079365
838,/Users/soneyeoluwasina/Downloads/Skin/Train/pigmented benign keratosis/ISIC_0026277.jpg,0.002585172653198242,1.9484641551971436,0.2886514663696289,430.0823280555613,2.585172653198242,1.8773508071899414,429.2329405169151
839,/Users/soneyeoluwasina/Downloads/Skin/Train/pigmented benign keratosis/ISIC_0026511.jpg,0.002660036087036133,1.9511311054229736,0.3039093017578125,430.00698295879937,2.660036087036133,1.8799734115600586,429.33157304609733
840,/Users/soneyeoluwasina/Downloads/Skin/Train/pigmented benign keratosis/ISIC_0025781.jpg,0.0027570724487304688,1.9538910388946533,0.24945449829101562,429.9113836333479,2.7570724487304688,1.8768644332885742,429.4306159762658
841,/Users/soneyeoluwasina/Downloads/Skin/Train/pigmented benign keratosis/ISIC_0027828.jpg,0.001857757568359375,1.9557528495788574,0.2526998519897461,430.01343456106787,1.857757568359375,1.8765830993652344,429.52943632975155
842,/Users/soneyeoluwasina/Downloads/Skin/Train/pigmented benign keratosis/ISIC_0025554.jpg,0.0038290023803710938,1.9595839977264404,0.28125476837158203,429.683035265092,3.8290023803710938,1.8791007995605469,429.6274438647467
843,/Users/soneyeoluwasina/Downloads/Skin/Train/pigmented benign keratosis/ISIC_0024676.jpg,0.0020570755004882812,1.9616460800170898,0.2563505172729492,429.7411284265181,2.0570755004882812,1.8848085403442383,429.7239867258192
844,/Users/soneyeoluwasina/Downloads/Skin/Train/pigmented benign keratosis/ISIC_0027419.jpg,0.002518177032470703,1.9641661643981934,0.2974882125854492,429.69887950319907,2.518177032470703,1.89666748046875,429.81772818071687
845,/Users/soneyeoluwasina/Downloads/Skin/Train/pigmented benign keratosis/ISIC_0024851.jpg,0.002811908721923828,1.967038869857788,0.2580709457397461,429.57971647051966,2.811908721923828,1.9193363189697266,429.90635918677935
846,/Users/soneyeoluwasina/Downloads/Skin/Train/pigmented benign keratosis/ISIC_0025583.jpg,0.0020749568939208984,1.9691178798675537,0.26468944549560547,429.6340044695056,2.0749568939208984,1.9243240356445312,429.9936772370535
847,/Users/soneyeoluwasina/Downloads/Skin/Train/pigmented benign keratosis/ISIC_0027394.jpg,0.0013568401336669922,1.9704768657684326,0.23246383666992188,429.8451886009293,1.3568401336669922,1.9299840927124023,430.0795137320616
848,/Users/soneyeoluwasina/Downloads/Skin/Train/pigmented benign keratosis/ISIC_0027435.jpg,0.001589059829711914,1.9720680713653564,0.28675270080566406,430.00544064023575,1.589059829711914,1.9571638107299805,430.15924052530204
849,/Users/soneyeoluwasina/Downloads/Skin/Train/pigmented benign keratosis/ISIC_0025222.jpg,0.003654956817626953,1.9757249355316162,0.24489688873291016,429.7156880148178,3.654956817626953,1.9480419158935547,430.2407135589133
850,/Users/soneyeoluwasina/Downloads/Skin/Train/pigmented benign keratosis/ISIC_0026717.jpg,0.0018618106842041016,1.9775898456573486,0.30849552154541016,429.81612282574247,1.8618106842041016,1.9577264785766602,430.3199340767296
851,/Users/soneyeoluwasina/Downloads/Skin/Train/pigmented benign keratosis/ISIC_0024672.jpg,0.0020599365234375,1.979658842086792,0.2734050750732422,429.8720476013667,2.0599365234375,2.009148597717285,430.38793491780285
852,/Users/soneyeoluwasina/Downloads/Skin/Train/pigmented benign keratosis/ISIC_0027192.jpg,0.001402139663696289,1.9810640811920166,0.2120800018310547,430.0719033214449,1.402139663696289,1.9983482360839844,430.4580711159428
853,/Users/soneyeoluwasina/Downloads/Skin/Train/pigmented benign keratosis/ISIC_0026298.jpg,0.002882242202758789,1.9839470386505127,0.24418258666992188,429.95099333912333,2.882242202758789,2.004523277282715,430.5266410697539
854,/Users/soneyeoluwasina/Downloads/Skin/Train/pigmented benign keratosis/ISIC_0027151.jpg,0.0014138221740722656,1.985365867614746,0.1945486068725586,430.1474171236815,1.4138221740722656,2.017941474914551,430.5921001984056
855,/Users/soneyeoluwasina/Downloads/Skin/Train/pigmented benign keratosis/ISIC_0025746.jpg,0.0014529228210449219,1.986820936203003,0.207061767578125,430.3357108939991,1.4529228210449219,2.0455408096313477,430.65150007704347
856,/Users/soneyeoluwasina/Downloads/Skin/Train/pigmented benign keratosis/ISIC_0026273.jpg,0.0017197132110595703,1.9885427951812744,0.2795238494873047,430.46596838363115,1.7197132110595703,2.065443992614746,430.7063940121126
857,/Users/soneyeoluwasina/Downloads/Skin/Train/pigmented benign keratosis/ISIC_0027780.jpg,0.0028002262115478516,1.9913451671600342,0.25984859466552734,430.3623571307903,2.8002262115478516,2.1246719360351562,430.74849808159956
858,/Users/soneyeoluwasina/Downloads/Skin/Train/pigmented benign keratosis/ISIC_0027025.jpg,0.0024132728576660156,1.9937610626220703,0.30774593353271484,430.34243976638396,2.4132728576660156,2.1334362030029297,430.78858418531655
859,/Users/soneyeoluwasina/Downloads/Skin/Train/pigmented benign keratosis/ISIC_0025140.jpg,0.002048015594482422,1.9958109855651855,0.3059253692626953,430.40147900415695,2.048015594482422,2.16062068939209,430.82272096522064
860,/Users/soneyeoluwasina/Downloads/Skin/Train/pigmented benign keratosis/ISIC_0026844.jpg,0.0012750625610351562,1.997087001800537,0.1977691650390625,430.6272081409772,1.2750625610351562,2.1945619583129883,430.8494826434401
861,/Users/soneyeoluwasina/Downloads/Skin/Train/pigmented benign keratosis/ISIC_0024909.jpg,0.001708984375,1.9987969398498535,0.26398181915283203,430.7591145625213,1.708984375,2.1904468536376953,430.8768227783402
862,/Users/soneyeoluwasina/Downloads/Skin/Train/pigmented benign keratosis/ISIC_0026139.jpg,0.0014197826385498047,2.00022292137146,0.23041534423828125,430.95196579837545,1.4197826385498047,2.1829700469970703,430.905640638813
863,/Users/soneyeoluwasina/Downloads/Skin/Train/pigmented benign keratosis/ISIC_0026893.jpg,0.0015223026275634766,2.00174617767334,0.2964029312133789,431.12359080564255,1.5223026275634766,2.1622371673583984,430.93883380862155
864,/Users/soneyeoluwasina/Downloads/Skin/Train/pigmented benign keratosis/ISIC_0028100.jpg,0.0013422966003417969,2.0030901432037354,0.1912832260131836,431.3335587674159,1.3422966003417969,2.136974334716797,430.9773575018351
865,/Users/soneyeoluwasina/Downloads/Skin/Train/pigmented benign keratosis/ISIC_0026663.jpg,0.0013110637664794922,2.0044021606445312,0.26490020751953125,431.5501235150597,1.3110637664794922,2.115311622619629,431.0204872833648
866,/Users/soneyeoluwasina/Downloads/Skin/Train/pigmented benign keratosis/ISIC_0025419.jpg,0.0014967918395996094,2.0058999061584473,0.2800731658935547,431.7264272964147,1.4967918395996094,2.085728645324707,431.0698743605182
867,/Users/soneyeoluwasina/Downloads/Skin/Train/pigmented benign keratosis/ISIC_0026104.jpg,0.0018312931060791016,2.0077311992645264,0.3176403045654297,431.83071534556024,1.8312931060791016,2.075934410095215,431.12118277340954
868,/Users/soneyeoluwasina/Downloads/Skin/Train/pigmented benign keratosis/ISIC_0025431.jpg,0.002087116241455078,2.009819984436035,0.2319793701171875,431.87947513795115,2.087116241455078,2.0341920852661133,431.18149062549315
869,/Users/soneyeoluwasina/Downloads/Skin/Train/pigmented benign keratosis/ISIC_0024505.jpg,0.002676248550415039,2.012498140335083,0.25209617614746094,431.80164124539795,2.676248550415039,2.017335891723633,431.24523825256307
870,/Users/soneyeoluwasina/Downloads/Skin/Train/pigmented benign keratosis/ISIC_0027018.jpg,0.001768350601196289,2.014268159866333,0.2151479721069336,431.9186577708369,1.768350601196289,1.9931697845458984,431.31402579929085
871,/Users/soneyeoluwasina/Downloads/Skin/Train/pigmented benign keratosis/ISIC_0025627.jpg,0.001661062240600586,2.0159311294555664,0.23656749725341797,432.0584107628851,1.661062240600586,1.9611883163452148,431.38979345227824
872,/Users/soneyeoluwasina/Downloads/Skin/Train/pigmented benign keratosis/ISIC_0027781.jpg,0.002611875534057617,2.0185439586639404,0.29912567138671875,431.99455541070824,2.611875534057617,1.9507694244384766,431.46763525354874
873,/Users/soneyeoluwasina/Downloads/Skin/Train/pigmented benign keratosis/ISIC_0024471.jpg,0.0012617111206054688,2.019807815551758,0.20778179168701172,432.2193395224187,1.2617111206054688,1.9506359100341797,431.54525946699897
874,/Users/soneyeoluwasina/Downloads/Skin/Train/pigmented benign keratosis/ISIC_0026514.jpg,0.0023381710052490234,2.0221481323242188,0.29027652740478516,432.21363758125915,2.3381710052490234,1.94305419921875,431.6242674431042
875,/Users/soneyeoluwasina/Downloads/Skin/Train/pigmented benign keratosis/ISIC_0025753.jpg,0.0040950775146484375,2.0262460708618164,0.35655975341796875,431.8330397195239,4.0950775146484375,1.9009971618652344,431.7122232751255
876,/Users/soneyeoluwasina/Downloads/Skin/Train/pigmented benign keratosis/ISIC_0028511.jpg,0.0013930797576904297,2.0276429653167725,0.23250102996826172,432.0287225039864,1.3930797576904297,1.8882179260253906,431.8026985954984
877,/Users/soneyeoluwasina/Downloads/Skin/Train/pigmented benign keratosis/ISIC_0027811.jpg,0.0017237663269042969,2.0293679237365723,0.27451610565185547,432.1542632768258,1.7237663269042969,1.880655288696289,431.8944699560407
878,/Users/soneyeoluwasina/Downloads/Skin/Train/pigmented benign keratosis/ISIC_0026070.jpg,0.0020809173583984375,2.0314509868621826,0.3071918487548828,432.2033884539717,2.0809173583984375,1.8962335586547852,431.9827442015157
879,/Users/soneyeoluwasina/Downloads/Skin/Train/pigmented benign keratosis/ISIC_0024883.jpg,0.0030977725982666016,2.034550905227661,0.25447559356689453,432.0363760579596,3.0977725982666016,1.861109733581543,432.078350436266
880,/Users/soneyeoluwasina/Downloads/Skin/Train/pigmented benign keratosis/ISIC_0027344.jpg,0.0022640228271484375,2.036818027496338,0.24016380310058594,432.04645094471124,2.2640228271484375,1.8597745895385742,432.1740155924758
881,/Users/soneyeoluwasina/Downloads/Skin/Train/pigmented benign keratosis/ISIC_0026728.jpg,0.004390239715576172,2.0412111282348633,0.18944072723388672,431.60650449806457,4.390239715576172,1.8579959869384766,432.26982228551367
882,/Users/soneyeoluwasina/Downloads/Skin/Train/pigmented benign keratosis/ISIC_0024881.jpg,0.0022602081298828125,2.0434751510620117,0.27192020416259766,431.6176781213204,2.2602081298828125,1.8445205688476562,432.3682568264362
883,/Users/soneyeoluwasina/Downloads/Skin/Train/pigmented benign keratosis/ISIC_0025209.jpg,0.002885103225708008,2.046360969543457,0.34867000579833984,431.49767472206884,2.885103225708008,1.813797950744629,432.47308244118926
884,/Users/soneyeoluwasina/Downloads/Skin/Train/pigmented benign keratosis/ISIC_0026714.jpg,0.0032019615173339844,2.049565076828003,0.20654678344726562,431.31101812493665,3.2019615173339844,1.7924928665161133,432.5822689180354
885,/Users/soneyeoluwasina/Downloads/Skin/Train/pigmented benign keratosis/ISIC_0026072.jpg,0.0013852119445800781,2.0509731769561768,0.20304298400878906,431.5024740174405,1.3852119445800781,1.7808294296264648,432.69373941616794
886,/Users/soneyeoluwasina/Downloads/Skin/Train/pigmented benign keratosis/ISIC_0024498.jpg,0.001699209213256836,2.0526740550994873,0.29972171783447266,431.6320936579763,1.699209213256836,1.7801904678344727,432.8050863551234
887,/Users/soneyeoluwasina/Downloads/Skin/Train/pigmented benign keratosis/ISIC_0027608.jpg,0.0015170574188232422,2.054192066192627,0.2776193618774414,431.7999346789531,1.5170574188232422,1.772170066833496,432.9179058254578
888,/Users/soneyeoluwasina/Downloads/Skin/Train/pigmented benign keratosis/ISIC_0025180.jpg,0.001322031021118164,2.0555150508880615,0.26021766662597656,432.00851271624106,1.322031021118164,1.7978715896606445,433.02513716996634
889,/Users/soneyeoluwasina/Downloads/Skin/Train/pigmented benign keratosis/ISIC_0027973.jpg,0.0015769004821777344,2.0570919513702393,0.2812080383300781,432.1634720352839,1.5769004821777344,1.7999029159545898,433.1317099161167
890,/Users/soneyeoluwasina/Downloads/Skin/Train/pigmented benign keratosis/ISIC_0027967.jpg,0.001277923583984375,2.058371067047119,0.20958232879638672,432.3807374910146,1.277923583984375,1.8047761917114258,433.23701896577165
891,/Users/soneyeoluwasina/Downloads/Skin/Train/pigmented benign keratosis/ISIC_0027754.jpg,0.0013680458068847656,2.0597400665283203,0.2665748596191406,432.57885520563536,1.3680458068847656,1.8059349060058594,433.3418375810779
892,/Users/soneyeoluwasina/Downloads/Skin/Train/pigmented benign keratosis/ISIC_0027026.jpg,0.0017418861389160156,2.0614819526672363,0.26898765563964844,432.69842786927677,1.7418861389160156,1.8058204650878906,433.44645307052576
893,/Users/soneyeoluwasina/Downloads/Skin/Train/pigmented benign keratosis/ISIC_0025157.jpg,0.0012142658233642578,2.0626962184906006,0.19884204864501953,432.92850978001115,1.2142658233642578,1.8116140365600586,433.54968071063274
894,/Users/soneyeoluwasina/Downloads/Skin/Train/pigmented benign keratosis/ISIC_0028473.jpg,0.0013098716735839844,2.0640060901641846,0.21770763397216797,433.1382568395839,1.3098716735839844,1.7970657348632812,433.6557984958576
895,/Users/soneyeoluwasina/Downloads/Skin/Train/pigmented benign keratosis/ISIC_0024705.jpg,0.0012128353118896484,2.065218925476074,0.23954296112060547,433.36809911989576,1.2128353118896484,1.775040626525879,433.7664321197759
896,/Users/soneyeoluwasina/Downloads/Skin/Train/pigmented benign keratosis/ISIC_0027218.jpg,0.0015540122985839844,2.066772937774658,0.2586507797241211,433.5260945330278,1.5540122985839844,1.7786931991577148,433.8761160730744
897,/Users/soneyeoluwasina/Downloads/Skin/Train/pigmented benign keratosis/ISIC_0024711.jpg,0.0013501644134521484,2.0681240558624268,0.23442363739013672,433.72639927344335,1.3501644134521484,1.772756576538086,433.9867796847091
898,/Users/soneyeoluwasina/Downloads/Skin/Train/pigmented benign keratosis/ISIC_0026661.jpg,0.0012099742889404297,2.0693349838256836,0.2649354934692383,433.9558394454929,1.2099742889404297,1.752023696899414,434.1016675822668
899,/Users/soneyeoluwasina/Downloads/Skin/Train/pigmented benign keratosis/ISIC_0027219.jpg,0.0015521049499511719,2.0708870887756348,0.2744169235229492,434.11347961588456,1.5521049499511719,1.7574644088745117,434.2151779061533
900,/Users/soneyeoluwasina/Downloads/Skin/Train/pigmented benign keratosis/ISIC_0026107.jpg,0.001222848892211914,2.0721099376678467,0.1923837661743164,434.33988884438594,1.222848892211914,1.742396354675293,434.3316989827201
901,/Users/soneyeoluwasina/Downloads/Skin/Train/pigmented benign keratosis/ISIC_0026675.jpg,0.0016818046569824219,2.073835849761963,0.27501964569091797,434.46061562848274,1.6818046569824219,1.697072982788086,434.45771095255265
902,/Users/soneyeoluwasina/Downloads/Skin/Train/pigmented benign keratosis/ISIC_0026846.jpg,0.0021810531616210938,2.0760180950164795,0.3085794448852539,434.48561559519544,2.1810531616210938,1.6935491561889648,434.5842242239017
903,/Users/soneyeoluwasina/Downloads/Skin/Train/pigmented benign keratosis/ISIC_0026477.jpg,0.0011260509490966797,2.0771450996398926,0.1322956085205078,434.731305076641,1.1260509490966797,1.6840791702270508,434.7125000114736
904,/Users/soneyeoluwasina/Downloads/Skin/Train/pigmented benign keratosis/ISIC_0026311.jpg,0.0013470649719238281,2.0784921646118164,0.25305652618408203,434.93067493416936,1.3470649719238281,1.685781478881836,434.84026636218783
905,/Users/soneyeoluwasina/Downloads/Skin/Train/pigmented benign keratosis/ISIC_0027027.jpg,0.001363992691040039,2.079857110977173,0.2880992889404297,435.12604554589166,1.363992691040039,1.6574859619140625,434.9738421698298
906,/Users/soneyeoluwasina/Downloads/Skin/Train/pigmented benign keratosis/ISIC_0027796.jpg,0.0010459423065185547,2.080904006958008,0.18534278869628906,435.38769542975984,1.0459423065185547,1.6445064544677734,435.1099631848337
907,/Users/soneyeoluwasina/Downloads/Skin/Train/pigmented benign keratosis/ISIC_0026265.jpg,0.0012640953063964844,2.0821681022644043,0.28217506408691406,435.60363786843976,1.2640953063964844,1.5851593017578125,435.2584252124585
908,/Users/soneyeoluwasina/Downloads/Skin/Train/pigmented benign keratosis/ISIC_0027806.jpg,0.0013480186462402344,2.0835161209106445,0.2590484619140625,435.80176360869217,1.3480186462402344,1.5755748748779297,435.4087189643213
909,/Users/soneyeoluwasina/Downloads/Skin/Train/pigmented benign keratosis/ISIC_0027437.jpg,0.00146484375,2.084981918334961,0.2616386413574219,435.9750039107847,1.46484375,1.5455961227416992,435.5650937285604
910,/Users/soneyeoluwasina/Downloads/Skin/Train/pigmented benign keratosis/ISIC_0024880.jpg,0.0012431144714355469,2.0862250328063965,0.23413467407226562,436.19455508875046,1.2431144714355469,1.507878303527832,435.72916770050557
911,/Users/soneyeoluwasina/Downloads/Skin/Train/pigmented benign keratosis/ISIC_0027392.jpg,0.0013079643249511719,2.087533950805664,0.23360538482666016,436.4000880792421,1.3079643249511719,1.5082740783691406,435.8930059380868
912,/Users/soneyeoluwasina/Downloads/Skin/Train/pigmented benign keratosis/ISIC_0026941.jpg,0.0027048587799072266,2.090240001678467,0.3080406188964844,436.3135330237974,2.7048587799072266,1.49810791015625,436.05872962079485
913,/Users/soneyeoluwasina/Downloads/Skin/Train/pigmented benign keratosis/ISIC_0026955.jpg,0.0016238689422607422,2.091866970062256,0.2932929992675781,436.45222811316165,1.6238689422607422,1.5038251876831055,436.223039331667
914,/Users/soneyeoluwasina/Downloads/Skin/Train/pigmented benign keratosis/ISIC_0027875.jpg,0.0015859603881835938,2.093454122543335,0.3179140090942383,436.59901125016415,1.5859603881835938,1.52496337890625,436.3827337821147
915,/Users/soneyeoluwasina/Downloads/Skin/Train/pigmented benign keratosis/ISIC_0025086.jpg,0.0013689994812011719,2.094823122024536,0.2429027557373047,436.7910542803732,1.3689994812011719,1.5322685241699219,436.54068460759424
916,/Users/soneyeoluwasina/Downloads/Skin/Train/pigmented benign keratosis/ISIC_0027652.jpg,0.0014910697937011719,2.0963151454925537,0.24910354614257812,436.957201768809,1.4910697937011719,1.5379858016967773,436.697198054093
917,/Users/soneyeoluwasina/Downloads/Skin/Train/pigmented benign keratosis/ISIC_0027083.jpg,0.0021209716796875,2.098436117172241,0.2695283889770508,436.99209735091114,2.1209716796875,1.5427207946777344,436.852487737208
918,/Users/soneyeoluwasina/Downloads/Skin/Train/pigmented benign keratosis/ISIC_0027068.jpg,0.001359701156616211,2.0997958183288574,0.23816585540771484,437.1853643991915,1.359701156616211,1.5369462966918945,437.00875396574304
919,/Users/soneyeoluwasina/Downloads/Skin/Train/pigmented benign keratosis/ISIC_0025131.jpg,0.0015749931335449219,2.101372003555298,0.3392362594604492,437.3333224413144,1.5749931335449219,1.5443229675292969,437.16324683103784
920,/Users/soneyeoluwasina/Downloads/Skin/Train/pigmented benign keratosis/ISIC_0027295.jpg,0.001950979232788086,2.1033241748809814,0.3427305221557617,437.40285543575754,1.950979232788086,1.542205810546875,437.3179257103488
921,/Users/soneyeoluwasina/Downloads/Skin/Train/pigmented benign keratosis/ISIC_0026835.jpg,0.0013642311096191406,2.1047022342681885,0.2577400207519531,437.59159134462294,1.3642311096191406,1.5549898147583008,437.4697162199024
922,/Users/soneyeoluwasina/Downloads/Skin/Train/pigmented benign keratosis/ISIC_0026174.jpg,0.0015752315521240234,2.10627818107605,0.2780618667602539,437.7389502885944,1.5752315521240234,1.5545082092285156,437.6213811014477
923,/Users/soneyeoluwasina/Downloads/Skin/Train/pigmented benign keratosis/ISIC_0026606.jpg,0.0015337467193603516,2.10781192779541,0.17623138427734375,437.8948557167425,1.5337467193603516,1.5511035919189453,437.7735093293402
924,/Users/soneyeoluwasina/Downloads/Skin/Train/pigmented benign keratosis/ISIC_0028165.jpg,0.001584768295288086,2.1093978881835938,0.21644306182861328,438.03969140959845,1.584768295288086,1.5500497817993164,437.92560644915835
925,/Users/soneyeoluwasina/Downloads/Skin/Train/pigmented benign keratosis/ISIC_0025454.jpg,0.001828908920288086,2.1112279891967773,0.34531688690185547,438.1336382111526,1.828908920288086,1.5479850769042969,438.0779043272143
926,/Users/soneyeoluwasina/Downloads/Skin/Train/pigmented benign keratosis/ISIC_0025326.jpg,0.001216888427734375,2.1124460697174072,0.24863910675048828,438.3543860714398,1.216888427734375,1.549687385559082,438.2295984393138
927,/Users/soneyeoluwasina/Downloads/Skin/Train/pigmented benign keratosis/ISIC_0026607.jpg,0.0012502670288085938,2.113697052001953,0.21387386322021484,438.5680526554207,1.2502670288085938,1.5426111221313477,438.38271533044013
928,/Users/soneyeoluwasina/Downloads/Skin/Train/pigmented benign keratosis/ISIC_0027041.jpg,0.0021660327911376953,2.115863084793091,0.3136320114135742,438.59170598968535,2.1660327911376953,1.536111831665039,438.5369948464909
929,/Users/soneyeoluwasina/Downloads/Skin/Train/pigmented benign keratosis/ISIC_0025656.jpg,0.0016829967498779297,2.117547035217285,0.2820396423339844,438.71516644005675,1.6829967498779297,1.53961181640625,438.69029947507806
930,/Users/soneyeoluwasina/Downloads/Skin/Train/pigmented benign keratosis/ISIC_0028414.jpg,0.0016150474548339844,2.1191630363464355,0.2842874526977539,438.852501694903,1.6150474548339844,1.556849479675293,438.83982788398214
931,/Users/soneyeoluwasina/Downloads/Skin/Train/pigmented benign keratosis/ISIC_0025642.jpg,0.001422882080078125,2.1205859184265137,0.25609302520751953,439.02960587930676,1.422882080078125,1.5615081787109375,438.98816517629757
932,/Users/soneyeoluwasina/Downloads/Skin/Train/pigmented benign keratosis/ISIC_0028560.jpg,0.0017809867858886719,2.1223669052124023,0.3046436309814453,439.1323657144603,1.7809867858886719,1.5629863739013672,439.1359370542084
933,/Users/soneyeoluwasina/Downloads/Skin/Train/pigmented benign keratosis/ISIC_0025939.jpg,0.0013861656188964844,2.1237540245056152,0.18939590454101562,439.316412934022,1.3861656188964844,1.5686845779418945,439.2822978811908
934,/Users/soneyeoluwasina/Downloads/Skin/Train/pigmented benign keratosis/ISIC_0027451.jpg,0.001316070556640625,2.1250710487365723,0.22110462188720703,439.51471672219856,1.316070556640625,1.577768325805664,439.42656225640377
935,/Users/soneyeoluwasina/Downloads/Skin/Train/pigmented benign keratosis/ISIC_0026015.jpg,0.0014050006866455078,2.126477003097534,0.2489490509033203,439.69438589649997,1.4050006866455078,1.5785694122314453,439.57044235950855
936,/Users/soneyeoluwasina/Downloads/Skin/Train/pigmented benign keratosis/ISIC_0024602.jpg,0.0011909008026123047,2.1276679039001465,0.2269449234008789,439.9182777933785,1.1909008026123047,1.5882253646850586,439.7121028457974
937,/Users/soneyeoluwasina/Downloads/Skin/Train/pigmented benign keratosis/ISIC_0024825.jpg,0.0018029212951660156,2.1294708251953125,0.3084392547607422,440.0154202225614,1.8029212951660156,1.5861845016479492,439.85394373558455
938,/Users/soneyeoluwasina/Downloads/Skin/Train/pigmented benign keratosis/ISIC_0027335.jpg,0.0023789405822753906,2.1318509578704834,0.3036384582519531,439.99323523862705,2.3789405822753906,1.5726280212402344,439.99844730560596
939,/Users/soneyeoluwasina/Downloads/Skin/Train/pigmented benign keratosis/ISIC_0026567.jpg,0.0019421577453613281,2.1337950229644775,0.27156734466552734,440.06101330925827,1.9421577453613281,1.5741300582885742,440.1424476688037
940,/Users/soneyeoluwasina/Downloads/Skin/Train/pigmented benign keratosis/ISIC_0025867.jpg,0.0015637874603271484,2.135361909866333,0.25737857818603516,440.2064098159553,1.5637874603271484,1.572871208190918,440.2864984511167
941,/Users/soneyeoluwasina/Downloads/Skin/Train/pigmented benign keratosis/ISIC_0027916.jpg,0.0016047954559326172,2.1369688510894775,0.2750558853149414,440.3433393613837,1.6047954559326172,1.5811920166015625,440.4286200885141
942,/Users/soneyeoluwasina/Downloads/Skin/Train/pigmented benign keratosis/ISIC_0027094.jpg,0.0014531612396240234,2.1384220123291016,0.22818851470947266,440.5117392960258,1.4531612396240234,1.5772294998168945,440.57133233301533
943,/Users/soneyeoluwasina/Downloads/Skin/Train/pigmented benign keratosis/ISIC_0025654.jpg,0.001583099365234375,2.140005111694336,0.313446044921875,440.65315304475394,1.583099365234375,1.5646123886108398,440.716450674249
944,/Users/soneyeoluwasina/Downloads/Skin/Train/pigmented benign keratosis/ISIC_0024947.jpg,0.0012040138244628906,2.1412100791931152,0.20072078704833984,440.87220080513214,1.2040138244628906,1.564335823059082,440.8613920502979
945,/Users/soneyeoluwasina/Downloads/Skin/Train/pigmented benign keratosis/ISIC_0024774.jpg,0.0018520355224609375,2.1430630683898926,0.26703453063964844,440.95762459757617,1.8520355224609375,1.5599775314331055,441.0070162529696
946,/Users/soneyeoluwasina/Downloads/Skin/Train/pigmented benign keratosis/ISIC_0028628.jpg,0.0015299320220947266,2.1445930004119873,0.25058841705322266,441.1093386102951,1.5299320220947266,1.5450382232666016,441.1555116842594
947,/Users/soneyeoluwasina/Downloads/Skin/Train/pigmented benign keratosis/ISIC_0024760.jpg,0.0011799335479736328,2.145772933959961,0.24790191650390625,441.33281066806046,1.1799335479736328,1.541757583618164,441.3045012537686
948,/Users/soneyeoluwasina/Downloads/Skin/Train/pigmented benign keratosis/ISIC_0024748.jpg,0.0011572837829589844,2.14693021774292,0.21218585968017578,441.5606954364068,1.1572837829589844,1.548314094543457,441.45193770738507
949,/Users/soneyeoluwasina/Downloads/Skin/Train/pigmented benign keratosis/ISIC_0025330.jpg,0.0014488697052001953,2.14837908744812,0.3020286560058594,441.7283735186781,1.4488697052001953,1.5458011627197266,441.59966833544445
950,/Users/soneyeoluwasina/Downloads/Skin/Train/pigmented benign keratosis/ISIC_0027527.jpg,0.0013079643249511719,2.1496880054473877,0.24086475372314453,441.92459444936446,1.3079643249511719,1.5428829193115234,441.74778482176015
951,/Users/soneyeoluwasina/Downloads/Skin/Train/pigmented benign keratosis/ISIC_0027533.jpg,0.0013279914855957031,2.1510169506073,0.2557659149169922,442.116460184799,1.3279914855957031,1.5414237976074219,441.89601310100545
952,/Users/soneyeoluwasina/Downloads/Skin/Train/pigmented benign keratosis/ISIC_0028615.jpg,0.001856088638305664,2.152873992919922,0.27967262268066406,442.19959139773516,1.856088638305664,1.5425920486450195,442.0437665915353
953,/Users/soneyeoluwasina/Downloads/Skin/Train/pigmented benign keratosis/ISIC_0024761.jpg,0.0013010501861572266,2.1541759967803955,0.22335243225097656,442.39653650599666,1.3010501861572266,1.5477418899536133,442.1902361245965
954,/Users/soneyeoluwasina/Downloads/Skin/Train/pigmented benign keratosis/ISIC_0027042.jpg,0.0022089481353759766,2.1563849449157715,0.31014156341552734,442.407095379375,2.2089481353759766,1.5295076370239258,442.3402529820289
955,/Users/soneyeoluwasina/Downloads/Skin/Train/pigmented benign keratosis/ISIC_0026566.jpg,0.0015969276428222656,2.15798282623291,0.29879188537597656,442.5429101616619,1.5969276428222656,1.5581083297729492,442.4842558493972
956,/Users/soneyeoluwasina/Downloads/Skin/Train/pigmented benign keratosis/ISIC_0025906.jpg,0.001119852066040039,2.1591038703918457,0.2170419692993164,442.77628932530234,1.119852066040039,1.559748649597168,442.62772624347565
957,/Users/soneyeoluwasina/Downloads/Skin/Train/pigmented benign keratosis/ISIC_0027320.jpg,0.0015490055084228516,2.1606528759002686,0.25879955291748047,442.9216792175613,1.5490055084228516,1.5599870681762695,442.770925839059
958,/Users/soneyeoluwasina/Downloads/Skin/Train/pigmented benign keratosis/ISIC_0026016.jpg,0.001802206039428711,2.1624550819396973,0.24865150451660156,443.0149823693378,1.802206039428711,1.5528678894042969,442.91537691787073
959,/Users/soneyeoluwasina/Downloads/Skin/Train/pigmented benign keratosis/ISIC_0025292.jpg,0.0015048980712890625,2.1639599800109863,0.24759197235107422,443.16900906602314,1.5048980712890625,1.548924446105957,443.0604109093646
960,/Users/soneyeoluwasina/Downloads/Skin/Train/pigmented benign keratosis/ISIC_0025286.jpg,0.001725912094116211,2.1656858921051025,0.23023509979248047,443.27757940319555,1.725912094116211,1.5564393997192383,443.20369365833756
961,/Users/soneyeoluwasina/Downloads/Skin/Train/pigmented benign keratosis/ISIC_0026947.jpg,0.0012059211730957031,2.1668930053710938,0.23467731475830078,443.49213256859576,1.2059211730957031,1.568598747253418,443.3442977863708
962,/Users/soneyeoluwasina/Downloads/Skin/Train/pigmented benign keratosis/ISIC_0028201.jpg,0.0020270347595214844,2.1689200401306152,0.2807178497314453,443.53871152486886,2.0270347595214844,1.5707063674926758,443.4842359366957
963,/Users/soneyeoluwasina/Downloads/Skin/Train/pigmented benign keratosis/ISIC_0025719.jpg,0.0016989707946777344,2.170619010925293,0.27669239044189453,443.65224627305355,1.6989707946777344,1.5773677825927734,443.62248503729444
964,/Users/soneyeoluwasina/Downloads/Skin/Train/pigmented benign keratosis/ISIC_0026576.jpg,0.0015230178833007812,2.1721420288085938,0.2763090133666992,443.8015503658147,1.5230178833007812,1.5570497512817383,443.76471503218073
965,/Users/soneyeoluwasina/Downloads/Skin/Train/pigmented benign keratosis/ISIC_0028229.jpg,0.0017850399017333984,2.173927068710327,0.2526206970214844,443.8971361502399,1.7850399017333984,1.5466690063476562,443.9088753752469
966,/Users/soneyeoluwasina/Downloads/Skin/Train/pigmented benign keratosis/ISIC_0025876.jpg,0.0012929439544677734,2.1752209663391113,0.25600719451904297,444.09281399386947,1.2929439544677734,1.5393304824829102,444.0543246380398
967,/Users/soneyeoluwasina/Downloads/Skin/Train/pigmented benign keratosis/ISIC_0026416.jpg,0.0014901161193847656,2.1767120361328125,0.29962158203125,444.2480144125956,1.4901161193847656,1.5355396270751953,444.2003443326719
968,/Users/soneyeoluwasina/Downloads/Skin/Train/pigmented benign keratosis/ISIC_0026827.jpg,0.0013458728790283203,2.1780588626861572,0.2219991683959961,444.4324332016374,1.3458728790283203,1.5351200103759766,444.3462333458702
969,/Users/soneyeoluwasina/Downloads/Skin/Train/pigmented benign keratosis/ISIC_0027287.jpg,0.0013570785522460938,2.1794159412384033,0.22403621673583984,444.61453257490075,1.3570785522460938,1.5405797958374023,444.49080937650996
970,/Users/soneyeoluwasina/Downloads/Skin/Train/pigmented benign keratosis/ISIC_0025484.jpg,0.0012040138244628906,2.180619955062866,0.22455501556396484,444.827627000247,1.2040138244628906,1.5871191024780273,444.6257637055246
971,/Users/soneyeoluwasina/Downloads/Skin/Train/pigmented benign keratosis/ISIC_0028611.jpg,0.0012001991271972656,2.18182110786438,0.21004390716552734,445.04106982008193,1.2001991271972656,1.5852594375610352,444.7609142845385
972,/Users/soneyeoluwasina/Downloads/Skin/Train/pigmented benign keratosis/ISIC_0024981.jpg,0.0019030570983886719,2.1837260723114014,0.328582763671875,445.11077296941846,1.9030570983886719,1.580338478088379,444.89685090526854
973,/Users/soneyeoluwasina/Downloads/Skin/Train/pigmented benign keratosis/ISIC_0026614.jpg,0.0014081001281738281,2.1851351261138916,0.23146820068359375,445.2813871197118,1.4081001281738281,1.5853404998779297,445.03154535310273
974,/Users/soneyeoluwasina/Downloads/Skin/Train/pigmented benign keratosis/ISIC_0027279.jpg,0.0014388561248779297,2.186574935913086,0.27861595153808594,445.4455157253826,1.4388561248779297,1.5916967391967773,445.1647238027288
975,/Users/soneyeoluwasina/Downloads/Skin/Train/pigmented benign keratosis/ISIC_0024770.jpg,0.0017559528350830078,2.188330888748169,0.2673797607421875,445.5450521734157,1.7559528350830078,1.5941572189331055,445.29719678570325
976,/Users/soneyeoluwasina/Downloads/Skin/Train/pigmented benign keratosis/ISIC_0024758.jpg,0.0012753009796142578,2.1896071434020996,0.2064218521118164,445.7420605979304,1.2753009796142578,1.5914583206176758,445.42999457265216
977,/Users/soneyeoluwasina/Downloads/Skin/Train/pigmented benign keratosis/ISIC_0024943.jpg,0.0015077590942382812,2.1911158561706543,0.2537670135498047,445.8915293084834,1.5077590942382812,1.599259376525879,445.56064853389324
978,/Users/soneyeoluwasina/Downloads/Skin/Train/pigmented benign keratosis/ISIC_0025485.jpg,0.0012543201446533203,2.1923701763153076,0.2725868225097656,446.0925488613031,1.2543201446533203,1.5934371948242188,445.6923043068756
979,/Users/soneyeoluwasina/Downloads/Skin/Train/pigmented benign keratosis/ISIC_0026365.jpg,0.0031130313873291016,2.195484161376953,0.20114994049072266,445.9153098084732,3.1130313873291016,1.588735580444336,445.82469140572726
980,/Users/soneyeoluwasina/Downloads/Skin/Train/pigmented benign keratosis/ISIC_0027735.jpg,0.0016970634460449219,2.197181224822998,0.30947399139404297,446.02602139882543,1.6970634460449219,1.5704584121704102,445.9606120359083
981,/Users/soneyeoluwasina/Downloads/Skin/Train/pigmented benign keratosis/ISIC_0027053.jpg,0.0014348030090332031,2.1986169815063477,0.2493915557861328,446.18958565847305,1.4348030090332031,1.5619564056396484,446.09804736155866
982,/Users/soneyeoluwasina/Downloads/Skin/Train/pigmented benign keratosis/ISIC_0025136.jpg,0.001425027847290039,2.200042963027954,0.23917675018310547,446.35491965504974,1.425027847290039,1.5668582916259766,446.2342703404497
983,/Users/soneyeoluwasina/Downloads/Skin/Train/pigmented benign keratosis/ISIC_0025693.jpg,0.0011889934539794922,2.2012319564819336,0.2189626693725586,446.5681125087137,1.1889934539794922,1.5639543533325195,446.37087562748917
984,/Users/soneyeoluwasina/Downloads/Skin/Train/pigmented benign keratosis/ISIC_0026205.jpg,0.0016918182373046875,2.202924966812134,0.3207073211669922,446.67885417084926,1.6918182373046875,1.5572500228881836,446.50864803817376
985,/Users/soneyeoluwasina/Downloads/Skin/Train/pigmented benign keratosis/ISIC_0028200.jpg,0.002012968063354492,2.2049379348754883,0.29815673828125,446.7245922981603,2.012968063354492,1.5575551986694336,446.6461595040151
986,/Users/soneyeoluwasina/Downloads/Skin/Train/pigmented benign keratosis/ISIC_0026775.jpg,0.0012962818145751953,2.20623517036438,0.2420215606689453,446.91518530962094,1.2962818145751953,1.5554141998291016,446.78391922405433
987,/Users/soneyeoluwasina/Downloads/Skin/Train/pigmented benign keratosis/ISIC_0025526.jpg,0.0021359920501708984,2.2084100246429443,0.3200807571411133,446.9278752525035,2.1359920501708984,1.5667152404785156,446.919193971052
988,/Users/soneyeoluwasina/Downloads/Skin/Train/pigmented benign keratosis/ISIC_0025297.jpg,0.0013630390167236328,2.209773063659668,0.25650596618652344,447.10473498294215,1.3630390167236328,1.5601348876953125,447.0556280312928
989,/Users/soneyeoluwasina/Downloads/Skin/Train/pigmented benign keratosis/ISIC_0027455.jpg,0.0014231204986572266,2.2111971378326416,0.24757862091064453,447.269030462563,1.4231204986572266,1.5838956832885742,447.1871153324965
990,/Users/soneyeoluwasina/Downloads/Skin/Train/pigmented benign keratosis/ISIC_0024612.jpg,0.0011968612670898438,2.212394952774048,0.20934772491455078,447.478872955605,1.1968612670898438,1.580967903137207,447.3189817174903
991,/Users/soneyeoluwasina/Downloads/Skin/Train/pigmented benign keratosis/ISIC_0027680.jpg,0.001415252685546875,2.213811159133911,0.25891971588134766,447.6443240929817,1.415252685546875,1.5772485733032227,447.45141152367853
992,/Users/soneyeoluwasina/Downloads/Skin/Train/pigmented benign keratosis/ISIC_0025083.jpg,0.001432180404663086,2.2152440547943115,0.26642608642578125,447.80618995594534,1.432180404663086,1.585392951965332,447.58200006140726
993,/Users/soneyeoluwasina/Downloads/Skin/Train/pigmented benign keratosis/ISIC_0025915.jpg,0.001856088638305664,2.21710205078125,0.2658348083496094,447.88195457673777,1.856088638305664,1.5850305557250977,447.712457785954
994,/Users/soneyeoluwasina/Downloads/Skin/Train/pigmented benign keratosis/ISIC_0025040.jpg,0.0035309791564941406,2.2206339836120605,0.24655628204345703,447.6199172558684,3.5309791564941406,1.6104888916015625,447.8376243797267
995,/Users/soneyeoluwasina/Downloads/Skin/Train/pigmented benign keratosis/ISIC_0025068.jpg,0.0017590522766113281,2.222395181655884,0.27941417694091797,447.7151535482703,1.7590522766113281,1.6051626205444336,447.9636360596225
996,/Users/soneyeoluwasina/Downloads/Skin/Train/pigmented benign keratosis/ISIC_0028389.jpg,0.001283884048461914,2.223680019378662,0.21668529510498047,447.9061696467917,1.283884048461914,1.638803482055664,448.0827135630911
997,/Users/soneyeoluwasina/Downloads/Skin/Train/pigmented benign keratosis/ISIC_0027737.jpg,0.0014300346374511719,2.2251110076904297,0.24934101104736328,448.06753305977463,1.4300346374511719,1.6759634017944336,448.1941653601087
998,/Users/soneyeoluwasina/Downloads/Skin/Train/pigmented benign keratosis/ISIC_0028404.jpg,0.0014750957489013672,2.2265870571136475,0.2522411346435547,448.21961791771116,1.4750957489013672,1.668086051940918,448.30703011484894
999,/Users/soneyeoluwasina/Downloads/Skin/Train/pigmented benign keratosis/ISIC_0028376.jpg,0.0015718936920166016,2.2281599044799805,0.24712657928466797,448.3520226674,1.5718936920166016,1.663961410522461,448.42051038151425
1000,/Users/soneyeoluwasina/Downloads/Skin/Train/pigmented benign keratosis/ISIC_0024982.jpg,0.0011730194091796875,2.2293338775634766,0.20577049255371094,448.5644837968092,1.1730194091796875,1.688222885131836,448.5289744353395
1001,/Users/soneyeoluwasina/Downloads/Skin/Train/pigmented benign keratosis/ISIC_0026159.jpg,0.0017180442810058594,2.231142044067383,0.21070289611816406,448.64915824685556,1.7180442810058594,1.7535829544067383,448.62431541102023
1002,/Users/soneyeoluwasina/Downloads/Skin/Train/pigmented benign keratosis/ISIC_0027509.jpg,0.0015649795532226562,2.232707977294922,0.29716014862060547,448.7823800468485,1.5649795532226562,1.878519058227539,448.6947903916196
1003,/Users/soneyeoluwasina/Downloads/Skin/Train/pigmented benign keratosis/ISIC_0024772.jpg,0.001065969467163086,2.233773946762085,0.2043142318725586,449.0158914485843,1.065969467163086,1.9250869750976562,448.75592001333
1004,/Users/soneyeoluwasina/Downloads/Skin/Train/pigmented benign keratosis/ISIC_0024773.jpg,0.0012950897216796875,2.2350690364837646,0.2843151092529297,449.20312688842216,1.2950897216796875,1.934361457824707,448.8150196527373
1005,/Users/soneyeoluwasina/Downloads/Skin/Train/pigmented benign keratosis/ISIC_0024997.jpg,0.0011718273162841797,2.2362420558929443,0.24511432647705078,449.414676444182,1.1718273162841797,1.9091796875,448.8791186732631
1006,/Users/soneyeoluwasina/Downloads/Skin/Train/pigmented benign keratosis/ISIC_0025337.jpg,0.0013649463653564453,2.237607002258301,0.25036048889160156,449.5874382698554,1.3649463653564453,1.9167613983154297,448.9415880019788
1007,/Users/soneyeoluwasina/Downloads/Skin/Train/pigmented benign keratosis/ISIC_0028607.jpg,0.00140380859375,2.2390120029449463,0.25463104248046875,449.7519435695319,1.40380859375,1.9198799133300781,449.00327448254495
1008,/Users/soneyeoluwasina/Downloads/Skin/Train/pigmented benign keratosis/ISIC_0028411.jpg,0.001466989517211914,2.2404799461364746,0.28157615661621094,449.9036029035716,1.466989517211914,1.9417047500610352,449.06051450163073
1009,/Users/soneyeoluwasina/Downloads/Skin/Train/pigmented benign keratosis/ISIC_0027905.jpg,0.0015201568603515625,2.242000102996826,0.2857847213745117,450.0445823580894,1.5201568603515625,1.9688701629638672,449.1122332458843
1010,/Users/soneyeoluwasina/Downloads/Skin/Train/pigmented benign keratosis/ISIC_0028388.jpg,0.0016188621520996094,2.243618965148926,0.23247432708740234,450.1655654051573,1.6188621520996094,1.9825983047485352,449.1611373440701
1011,/Users/soneyeoluwasina/Downloads/Skin/Train/pigmented benign keratosis/ISIC_0025874.jpg,0.0017709732055664062,2.245389938354492,0.2876615524291992,450.2558699184782,1.7709732055664062,1.9728803634643555,449.21185118884836
1012,/Users/soneyeoluwasina/Downloads/Skin/Train/pigmented benign keratosis/ISIC_0025928.jpg,0.0016980171203613281,2.247089147567749,0.24429702758789062,450.3604145369086,1.6980171203613281,1.981492042541504,449.260697970152
1013,/Users/soneyeoluwasina/Downloads/Skin/Train/pigmented benign keratosis/ISIC_0027681.jpg,0.0028870105743408203,2.2499780654907227,0.3058643341064453,450.226611333237,2.8870105743408203,1.9724702835083008,449.31139168070405
1014,/Users/soneyeoluwasina/Downloads/Skin/Train/pigmented benign keratosis/ISIC_0027859.jpg,0.0013766288757324219,2.2513577938079834,0.21497440338134766,450.394869615506,1.3766288757324219,1.963510513305664,449.3636457777529
1015,/Users/soneyeoluwasina/Downloads/Skin/Train/pigmented benign keratosis/ISIC_0025519.jpg,0.0015990734100341797,2.2529590129852295,0.32719898223876953,450.5186264596525,1.5990734100341797,1.9548702239990234,449.41740736881854
1016,/Users/soneyeoluwasina/Downloads/Skin/Train/pigmented benign keratosis/ISIC_0027332.jpg,0.0017001628875732422,2.254660129547119,0.30530548095703125,450.6222408803043,1.7001628875732422,1.9496345520019531,449.47198721053763
1017,/Users/soneyeoluwasina/Downloads/Skin/Train/pigmented benign keratosis/ISIC_0027454.jpg,0.0014719963073730469,2.2561349868774414,0.23592567443847656,450.7709006399296,1.4719963073730469,1.939549446105957,449.52835922968467
1018,/Users/soneyeoluwasina/Downloads/Skin/Train/pigmented benign keratosis/ISIC_0027326.jpg,0.0026187896728515625,2.2587549686431885,0.3247852325439453,450.69076289027595,2.6187896728515625,1.9289302825927734,449.58662550382826
1019,/Users/soneyeoluwasina/Downloads/Skin/Train/nevus/ISIC_0000025.jpg,0.0010907649993896484,2.2598488330841064,0.09429168701171875,450.915116569691,1.0907649993896484,1.910405158996582,449.6483999129852
1020,/Users/soneyeoluwasina/Downloads/Skin/Train/nevus/ISIC_0000019.jpg,0.002886056900024414,2.2627370357513428,0.10264873504638672,450.7815021736755,2.886056900024414,1.8531274795532227,449.72145935569307
1021,/Users/soneyeoluwasina/Downloads/Skin/Train/nevus/ISIC_0029460.jpg,0.003058195114135742,2.265799045562744,0.2895364761352539,450.6136596709616,3.058195114135742,1.8252277374267578,449.79983768730256
1022,/Users/soneyeoluwasina/Downloads/Skin/Train/nevus/ISIC_0000227.jpg,0.0015091896057128906,2.2673120498657227,0.04225921630859375,450.75401070643363,1.5091896057128906,1.8143653869628906,449.8801457690351
1023,/Users/soneyeoluwasina/Downloads/Skin/Train/nevus/ISIC_0000541.jpg,0.0012018680572509766,2.268517017364502,0.03435039520263672,450.95540045297616,1.2018680572509766,1.8189430236816406,449.959383208532
1024,/Users/soneyeoluwasina/Downloads/Skin/Train/nevus/ISIC_0000233.jpg,0.0026519298553466797,2.2711710929870605,0.05936431884765625,450.86871841664197,2.6519298553466797,1.8231773376464844,450.0376236624086
1025,/Users/soneyeoluwasina/Downloads/Skin/Train/nevus/ISIC_0000353.jpg,0.005023956298828125,2.2761991024017334,0.3224306106567383,450.312100957456,5.023956298828125,1.8480396270751953,450.11086171003234
1026,/Users/soneyeoluwasina/Downloads/Skin/Train/nevus/ISIC_0000435.jpg,0.007522106170654297,2.2837259769439697,0.42005443572998047,449.26580962790024,7.522106170654297,1.857600212097168,450.18203539241426
1027,/Users/soneyeoluwasina/Downloads/Skin/Train/nevus/ISIC_0000421.jpg,0.0038361549377441406,2.287569999694824,0.7545261383056641,448.9480103940024,3.8361549377441406,1.867842674255371,450.2514440868469
1028,/Users/soneyeoluwasina/Downloads/Skin/Train/nevus/ISIC_0000347.jpg,0.0017180442810058594,2.289289951324463,0.2879171371459961,449.0475308316682,1.7180442810058594,1.8812799453735352,450.3180910409413
1029,/Users/soneyeoluwasina/Downloads/Skin/Train/nevus/ISIC_0000409.jpg,0.00185394287109375,2.2911458015441895,0.44301891326904297,449.12026083476366,1.85394287109375,1.8881797790527344,450.3831744071474
1030,/Users/soneyeoluwasina/Downloads/Skin/Train/nevus/ISIC_0000384.jpg,0.0020761489868164062,2.2932231426239014,0.3503589630126953,449.14948783460994,2.0761489868164062,1.8939781188964844,450.44694369434677
1031,/Users/soneyeoluwasina/Downloads/Skin/Train/nevus/ISIC_0026626.jpg,0.001590728759765625,2.294813871383667,0.27747249603271484,449.2739096867819,1.590728759765625,1.9057416915893555,450.5082300442272
1032,/Users/soneyeoluwasina/Downloads/Skin/Train/nevus/ISIC_0000385.jpg,0.0025162696838378906,2.2973310947418213,0.5956554412841797,449.2169206093379,2.5162696838378906,1.9185829162597656,450.56684390960686
1033,/Users/soneyeoluwasina/Downloads/Skin/Train/nevus/ISIC_0000391.jpg,0.0025472640991210938,2.2998790740966797,0.5398492813110352,449.15404972138805,2.5472640991210938,1.9370698928833008,450.6217065511331
1034,/Users/soneyeoluwasina/Downloads/Skin/Train/nevus/ISIC_0000408.jpg,0.002378225326538086,2.3022592067718506,0.5448799133300781,449.12405908014136,2.378225326538086,1.9495916366577148,450.67398477302646
1035,/Users/soneyeoluwasina/Downloads/Skin/Train/nevus/ISIC_0000346.jpg,0.0015270709991455078,2.3037869930267334,0.3179054260253906,449.26028453707386,1.5270709991455078,1.9389867782592773,450.72816003584717
1036,/Users/soneyeoluwasina/Downloads/Skin/Train/nevus/ISIC_0000352.jpg,0.0017268657684326172,2.305513858795166,0.3183116912841797,449.3575243748052,1.7268657684326172,1.9583702087402344,450.77844877596516
1037,/Users/soneyeoluwasina/Downloads/Skin/Train/nevus/ISIC_0027896.jpg,0.0016849040985107422,2.3071999549865723,0.2776308059692383,449.4625607801016,1.6849040985107422,1.94183349609375,450.831820173555
1038,/Users/soneyeoluwasina/Downloads/Skin/Train/nevus/ISIC_0000232.jpg,0.0009150505065917969,2.3081159591674805,0.043944358825683594,449.7174398353879,0.9150505065917969,1.947031021118164,450.88406652789286
1039,/Users/soneyeoluwasina/Downloads/Skin/Train/nevus/ISIC_0000226.jpg,0.0009911060333251953,2.3091089725494385,0.04950523376464844,449.9571100158439,0.9911060333251953,1.9394302368164062,450.9378298453171
1040,/Users/soneyeoluwasina/Downloads/Skin/Train/nevus/ISIC_0000540.jpg,0.0009350776672363281,2.310044050216675,0.04351520538330078,450.20786504155683,0.9350776672363281,1.929459571838379,450.9933548410689
1041,/Users/soneyeoluwasina/Downloads/Skin/Train/nevus/ISIC_0000024.jpg,0.0009109973907470703,2.3109560012817383,0.0763998031616211,450.4629250503361,0.9109973907470703,1.9128608703613281,451.0519520884311
1042,/Users/soneyeoluwasina/Downloads/Skin/Train/nevus/ISIC_0000032.jpg,0.0009012222290039062,2.311859130859375,0.10905838012695312,450.71950366312456,0.9012222290039062,1.8947744369506836,451.1139176671915
1043,/Users/soneyeoluwasina/Downloads/Skin/Train/nevus/ISIC_0000230.jpg,0.0009298324584960938,2.312788963317871,0.05781841278076172,450.9706750345857,0.9298324584960938,1.8828582763671875,451.1780365887594
1044,/Users/soneyeoluwasina/Downloads/Skin/Train/nevus/ISIC_0000556.jpg,0.0006670951843261719,2.3134560585021973,0.041403770446777344,451.27288939125896,0.6670951843261719,1.8485164642333984,451.24878241463995
1045,/Users/soneyeoluwasina/Downloads/Skin/Train/nevus/ISIC_0000542.jpg,0.00036406517028808594,2.3138201236724854,0.03849983215332031,451.6340701287447,0.36406517028808594,1.8435049057006836,451.32029456933844
1046,/Users/soneyeoluwasina/Downloads/Skin/Train/nevus/ISIC_0000224.jpg,0.0007407665252685547,2.314560890197754,0.05031394958496094,451.9215737334224,0.7407665252685547,1.8036079406738281,451.3995332843213
1047,/Users/soneyeoluwasina/Downloads/Skin/Train/nevus/ISIC_0000344.jpg,0.0016589164733886719,2.316220998764038,0.31017398834228516,452.0294050346194,1.6589164733886719,1.7596006393432617,451.48730741131453
1048,/Users/soneyeoluwasina/Downloads/Skin/Train/nevus/ISIC_0000422.jpg,0.0016868114471435547,2.317909002304077,0.4208984375,452.13164061153986,1.6868114471435547,1.7379188537597656,451.57912659581734
1049,/Users/soneyeoluwasina/Downloads/Skin/Train/nevus/ISIC_0000436.jpg,0.0028150081634521484,2.3207249641418457,0.5805692672729492,452.0139250485883,2.8150081634521484,1.7314624786376953,451.67200723971575
1050,/Users/soneyeoluwasina/Downloads/Skin/Train/nevus/ISIC_0000350.jpg,0.0016510486602783203,2.322376012802124,0.3073539733886719,452.12316791590297,1.6510486602783203,1.7138242721557617,451.76826418515435
1051,/Users/soneyeoluwasina/Downloads/Skin/Train/nevus/ISIC_0000378.jpg,0.0022301673889160156,2.32460618019104,0.38677310943603516,452.11959296848596,2.2301673889160156,1.6732025146484375,451.87257034341144
1052,/Users/soneyeoluwasina/Downloads/Skin/Train/nevus/ISIC_0000387.jpg,0.0022368431091308594,2.326843023300171,0.5299186706542969,452.11472775157137,2.2368431091308594,1.556401252746582,451.9997822136358
1053,/Users/soneyeoluwasina/Downloads/Skin/Train/nevus/ISIC_0028190.jpg,0.0014109611511230469,2.3282549381256104,0.24045753479003906,452.2700597588898,1.4109611511230469,1.5126323699951172,452.1354549504636
1054,/Users/soneyeoluwasina/Downloads/Skin/Train/nevus/ISIC_0026625.jpg,0.0015850067138671875,2.3298399448394775,0.2873268127441406,452.39159124839324,1.5850067138671875,1.55029296875,452.26371512846714
1055,/Users/soneyeoluwasina/Downloads/Skin/Train/nevus/ISIC_0026194.jpg,0.0017600059509277344,2.3315999507904053,0.24042415618896484,452.47899393820035,1.7600059509277344,1.5510082244873047,452.39169698184395
1056,/Users/soneyeoluwasina/Downloads/Skin/Train/nevus/ISIC_0000392.jpg,0.002007007598876953,2.3336081504821777,0.449737548828125,452.5181315388386,2.007007598876953,1.5424251556396484,452.52119707509735
1057,/Users/soneyeoluwasina/Downloads/Skin/Train/nevus/ISIC_0000386.jpg,0.002328157424926758,2.335937023162842,0.5890264511108398,452.49507564584496,2.328157424926758,1.540231704711914,452.65095084364026
1058,/Users/soneyeoluwasina/Downloads/Skin/Train/nevus/ISIC_0000379.jpg,0.002093076705932617,2.338031053543091,0.49094200134277344,452.5175139982377,2.093076705932617,1.536564826965332,452.7813078512268
1059,/Users/soneyeoluwasina/Downloads/Skin/Train/nevus/ISIC_0028393.jpg,0.0009899139404296875,2.339021921157837,0.1314229965209961,452.75334549912446,0.9899139404296875,1.5263795852661133,452.91352164397546
1060,/Users/soneyeoluwasina/Downloads/Skin/Train/nevus/ISIC_0000437.jpg,0.002588033676147461,2.3416099548339844,0.570713996887207,452.6800024110557,2.588033676147461,1.5096759796142578,453.048827499289
1061,/Users/soneyeoluwasina/Downloads/Skin/Train/nevus/ISIC_0000351.jpg,0.0009441375732421875,2.3425540924072266,0.15070533752441406,452.92443979797633,0.9441375732421875,1.5320968627929688,453.1796675756733
1062,/Users/soneyeoluwasina/Downloads/Skin/Train/nevus/ISIC_0000345.jpg,0.0019578933715820312,2.3445119857788086,0.32396888732910156,452.9727322537961,1.9578933715820312,1.5310192108154297,453.31055283517026
1063,/Users/soneyeoluwasina/Downloads/Skin/Train/nevus/ISIC_0000423.jpg,0.0025069713592529297,2.347019910812378,0.6378154754638672,452.9147772044516,2.5069713592529297,1.5308427810668945,453.44131269350385
1064,/Users/soneyeoluwasina/Downloads/Skin/Train/nevus/ISIC_0000219.jpg,0.0008780956268310547,2.3478989601135254,0.05753326416015625,453.17111940309115,0.8780956268310547,1.5371227264404297,453.57065730897324
1065,/Users/soneyeoluwasina/Downloads/Skin/Train/nevus/ISIC_0000543.jpg,0.0007691383361816406,2.348668098449707,0.034942626953125,453.448488827765,0.7691383361816406,1.5331745147705078,453.70055168548527
1066,/Users/soneyeoluwasina/Downloads/Skin/Train/nevus/ISIC_0000225.jpg,0.0007958412170410156,2.349463939666748,0.043292999267578125,453.72051981832215,0.7958412170410156,1.5233135223388672,453.83211672914894
1067,/Users/soneyeoluwasina/Downloads/Skin/Train/nevus/ISIC_0000231.jpg,0.0008761882781982422,2.3503401279449463,0.05546760559082031,453.9768467183287,0.8761882781982422,1.5269899368286133,453.9627685305072
1068,/Users/soneyeoluwasina/Downloads/Skin/Train/nevus/ISIC_0000027.jpg,0.0009016990661621094,2.3512418270111084,0.08148193359375,454.22805418430244,0.9016990661621094,1.5412425994873047,454.0904816132422
1069,/Users/soneyeoluwasina/Downloads/Skin/Train/nevus/ISIC_0000033.jpg,0.0008401870727539062,2.352083206176758,0.06396007537841797,454.4907243046168,0.8401870727539062,1.548304557800293,454.21662808922963
1070,/Users/soneyeoluwasina/Downloads/Skin/Train/nevus/ISIC_0000037.jpg,0.0008912086486816406,2.3529751300811768,0.0823822021484375,454.7434379228162,0.8912086486816406,1.5551280975341797,454.34123789344017
1071,/Users/soneyeoluwasina/Downloads/Skin/Train/nevus/ISIC_0000023.jpg,0.0008578300476074219,2.3538339138031006,0.07346343994140625,455.0023660206256,0.8578300476074219,1.5630054473876953,454.4640859895686
1072,/Users/soneyeoluwasina/Downloads/Skin/Train/nevus/ISIC_0000235.jpg,0.00042510032653808594,2.3542590141296387,0.03026294708251953,455.3449699315751,0.42510032653808594,1.5631294250488281,454.5866844498458
1073,/Users/soneyeoluwasina/Downloads/Skin/Train/nevus/ISIC_0000221.jpg,0.0008790493011474609,2.3551390171051025,0.04953193664550781,455.5994326478925,0.8790493011474609,1.562495231628418,454.70925066465577
1074,/Users/soneyeoluwasina/Downloads/Skin/Train/nevus/ISIC_0000369.jpg,0.00177001953125,2.3569090366363525,0.32372283935546875,455.68156568857324,1.77001953125,1.5919208526611328,454.826040484186
1075,/Users/soneyeoluwasina/Downloads/Skin/Train/nevus/ISIC_0000427.jpg,0.002992868423461914,2.3599019050598145,0.7862930297851562,455.5274088703076,2.992868423461914,1.6059398651123047,454.94009813279627
1076,/Users/soneyeoluwasina/Downloads/Skin/Train/nevus/ISIC_0000341.jpg,0.0016820430755615234,2.361583948135376,0.31720542907714844,455.6264031391185,1.6820430755615234,1.609053611755371,455.0534029229539
1077,/Users/soneyeoluwasina/Downloads/Skin/Train/nevus/ISIC_0000355.jpg,0.0016477108001708984,2.3632328510284424,0.2871227264404297,455.73164723539884,1.6477108001708984,1.6071748733520508,455.1667756739258
1078,/Users/soneyeoluwasina/Downloads/Skin/Train/nevus/ISIC_0000433.jpg,0.00360107421875,2.366835117340088,0.8572301864624023,455.4605397318445,3.60107421875,1.618514060974121,455.27787965442917
1079,/Users/soneyeoluwasina/Downloads/Skin/Train/nevus/ISIC_0000382.jpg,0.0018897056579589844,2.368724822998047,0.4465522766113281,455.51935350360014,1.8897056579589844,1.6288375854492188,455.38685186993587
1080,/Users/soneyeoluwasina/Downloads/Skin/Train/nevus/ISIC_0000396.jpg,0.0016469955444335938,2.370373010635376,0.3564872741699219,455.62449249728303,1.6469955444335938,1.6351318359375,455.494471763205
1081,/Users/soneyeoluwasina/Downloads/Skin/Train/nevus/ISIC_0028619.jpg,0.0014810562133789062,2.371854066848755,0.2646512985229492,455.76159811392466,1.4810562133789062,1.641077995300293,455.60082237515985
1082,/Users/soneyeoluwasina/Downloads/Skin/Train/nevus/ISIC_0000397.jpg,0.002332925796508789,2.37418794631958,0.6151571273803711,455.73477098866385,2.332925796508789,1.6438722610473633,455.7065329459897
1083,/Users/soneyeoluwasina/Downloads/Skin/Train/nevus/ISIC_0000383.jpg,0.0020380020141601562,2.3762259483337402,0.3533906936645508,455.76473935882336,2.0380020141601562,1.648850440979004,455.81105808001536
1084,/Users/soneyeoluwasina/Downloads/Skin/Train/nevus/ISIC_0000354.jpg,0.0015430450439453125,2.377769947052002,0.3045768737792969,455.8893518458171,1.5430450439453125,1.6610431671142578,455.9131678942007
1085,/Users/soneyeoluwasina/Downloads/Skin/Train/nevus/ISIC_0000426.jpg,0.0026481151580810547,2.380418062210083,0.7483024597167969,455.80228835628947,2.6481151580810547,1.6748666763305664,456.0124617712539
1086,/Users/soneyeoluwasina/Downloads/Skin/Train/nevus/ISIC_0000340.jpg,0.001672983169555664,2.382091999053955,0.3088397979736328,455.9017873496505,1.672983169555664,1.6744470596313477,456.11177599580543
1087,/Users/soneyeoluwasina/Downloads/Skin/Train/nevus/ISIC_0000368.jpg,0.0016760826110839844,2.3837690353393555,0.3210430145263672,456.0005536967862,1.6760826110839844,1.694478988647461,456.2070995317063
1088,/Users/soneyeoluwasina/Downloads/Skin/Train/nevus/ISIC_0027884.jpg,0.0012290477752685547,2.3849990367889404,0.23024559020996094,456.1846706088553,1.2290477752685547,1.6660642623901367,456.30761999164747
1089,/Users/soneyeoluwasina/Downloads/Skin/Train/nevus/ISIC_0000220.jpg,0.0007936954498291016,2.385793924331665,0.050932884216308594,456.45182884144646,0.7936954498291016,1.6307830810546875,456.41472888381446
1090,/Users/soneyeoluwasina/Downloads/Skin/Train/nevus/ISIC_0000546.jpg,0.0004420280456542969,2.386237144470215,0.02416706085205078,456.7861172247398,0.4420280456542969,1.6313600540161133,456.52152138016163
1091,/Users/soneyeoluwasina/Downloads/Skin/Train/nevus/ISIC_0000234.jpg,0.001094818115234375,2.387331962585449,0.049655914306640625,456.99551511824995,1.094818115234375,1.6471576690673828,456.62511246709613
1092,/Users/soneyeoluwasina/Downloads/Skin/Train/nevus/ISIC_0024800.jpg,0.0016138553619384766,2.388947010040283,0.2563648223876953,457.10515779987367,1.6138553619384766,1.727156639099121,456.7134103103277
1093,/Users/soneyeoluwasina/Downloads/Skin/Train/nevus/ISIC_0000020.jpg,0.0012829303741455078,2.390230894088745,0.10664844512939453,457.27799883395653,1.2829303741455078,1.8026542663574219,456.7873033017906
1094,/Users/soneyeoluwasina/Downloads/Skin/Train/nevus/ISIC_0000034.jpg,0.0010082721710205078,2.3912391662597656,0.09711742401123047,457.5033796017861,1.0082721710205078,1.8103647232055664,456.8595310916233
1095,/Users/soneyeoluwasina/Downloads/Skin/Train/nevus/ISIC_0000544.jpg,0.0007579326629638672,2.3919970989227295,0.04276847839355469,457.7764749351699,0.7579326629638672,1.8526029586791992,456.9236257694725
1096,/Users/soneyeoluwasina/Downloads/Skin/Train/nevus/ISIC_0000222.jpg,0.0007469654083251953,2.3927440643310547,0.04681873321533203,458.05149674727596,0.7469654083251953,1.8546152114868164,456.9871160974106
1097,/Users/soneyeoluwasina/Downloads/Skin/Train/nevus/ISIC_0000236.jpg,0.001627206802368164,2.39437198638916,0.13729572296142578,458.15771577512237,1.627206802368164,1.8892431259155273,457.04390779812036
1098,/Users/soneyeoluwasina/Downloads/Skin/Train/nevus/ISIC_0000418.jpg,0.003158092498779297,2.397531032562256,0.597442626953125,457.97113158804905,3.158092498779297,1.9174766540527344,457.09514204707057
1099,/Users/soneyeoluwasina/Downloads/Skin/Train/nevus/ISIC_0000430.jpg,0.003515958786010742,2.401047945022583,0.8637781143188477,457.71680747910403,3.515958786010742,1.9362783432006836,457.1426456301253
1100,/Users/soneyeoluwasina/Downloads/Skin/Train/nevus/ISIC_0000356.jpg,0.0018067359924316406,2.4028568267822266,0.32576560974121094,457.78840742378287,1.8067359924316406,1.9287347793579102,457.19145392398406
1101,/Users/soneyeoluwasina/Downloads/Skin/Train/nevus/ISIC_0000342.jpg,0.00213623046875,2.4050421714782715,0.31328868865966797,457.78823051708264,2.13623046875,1.9337797164916992,457.23937997471467
1102,/Users/soneyeoluwasina/Downloads/Skin/Train/nevus/ISIC_0000424.jpg,0.002803802490234375,2.407848834991455,0.7127628326416016,457.66992677674085,2.803802490234375,1.933736801147461,457.28719613379303
1103,/Users/soneyeoluwasina/Downloads/Skin/Train/nevus/ISIC_0000381.jpg,0.0019271373748779297,2.4097771644592285,0.4042625427246094,457.71867053421977,1.9271373748779297,1.9338417053222656,457.3348778508548
1104,/Users/soneyeoluwasina/Downloads/Skin/Train/nevus/ISIC_0024948.jpg,0.00189971923828125,2.411677837371826,0.26143360137939453,457.77258591185046,1.89971923828125,1.903243064880371,457.3883903314828
1105,/Users/soneyeoluwasina/Downloads/Skin/Train/nevus/ISIC_0000380.jpg,0.002057313919067383,2.41373610496521,0.4370841979980469,457.7965245359442,2.057313919067383,1.8939685821533203,457.4435376473403
1106,/Users/soneyeoluwasina/Downloads/Skin/Train/nevus/ISIC_0000343.jpg,0.0021467208862304688,2.4158828258514404,0.3144359588623047,457.80366008033,2.1467208862304688,1.8867254257202148,457.4999185875958
1107,/Users/soneyeoluwasina/Downloads/Skin/Train/nevus/ISIC_0000425.jpg,0.002577066421508789,2.41850209236145,0.5885391235351562,457.72133234712805,2.577066421508789,1.890249252319336,457.555501923227
1108,/Users/soneyeoluwasina/Downloads/Skin/Train/nevus/ISIC_0000431.jpg,0.0027027130126953125,2.4212069511413574,0.7487039566040039,457.62300470750284,2.7027130126953125,1.887831687927246,457.6115022964511
1109,/Users/soneyeoluwasina/Downloads/Skin/Train/nevus/ISIC_0000357.jpg,0.0016810894012451172,2.422888994216919,0.3267641067504883,457.7180393517906,1.6810894012451172,1.898488998413086,457.6654524938406
1110,/Users/soneyeoluwasina/Downloads/Skin/Train/nevus/ISIC_0000419.jpg,0.0025670528411865234,2.425457000732422,0.6924467086791992,457.64571363862984,2.5670528411865234,1.913290023803711,457.71653274341537
1111,/Users/soneyeoluwasina/Downloads/Skin/Train/nevus/ISIC_0000237.jpg,0.0019457340240478516,2.4274039268493652,0.15983104705810547,457.6906165930184,1.9457340240478516,1.8986701965332031,457.77033270808585
1112,/Users/soneyeoluwasina/Downloads/Skin/Train/nevus/ISIC_0000545.jpg,0.0005371570587158203,2.4279541969299316,0.02861785888671875,457.9987552508558,0.5371570587158203,1.9422292709350586,457.81596317044756
1113,/Users/soneyeoluwasina/Downloads/Skin/Train/nevus/ISIC_0000223.jpg,0.0007429122924804688,2.4286980628967285,0.054032325744628906,458.2702218127994,0.7429122924804688,1.9519853591918945,457.8596827573007
1114,/Users/soneyeoluwasina/Downloads/Skin/Train/nevus/ISIC_0000021.jpg,0.0009069442749023438,2.429605007171631,0.10911083221435547,458.51074422045156,0.9069442749023438,1.9628238677978516,457.9012316266269
1115,/Users/soneyeoluwasina/Downloads/Skin/Train/nevus/ISIC_0000052.jpg,0.0015590190887451172,2.431164026260376,0.09561824798583984,458.62804317448564,1.5590190887451172,1.9652891159057617,457.9421016330419
1116,/Users/soneyeoluwasina/Downloads/Skin/Train/nevus/ISIC_0000085.jpg,0.00479578971862793,2.4359610080718994,1.2764472961425781,458.1354119799032,4.79578971862793,1.9822454452514648,457.9795659176027
1117,/Users/soneyeoluwasina/Downloads/Skin/Train/nevus/ISIC_0000091.jpg,0.004651069641113281,2.440615177154541,1.2625999450683594,457.6714962914741,4.651069641113281,1.9982433319091797,458.0138909348967
1118,/Users/soneyeoluwasina/Downloads/Skin/Train/nevus/ISIC_0000244.jpg,0.001287221908569336,2.441904067993164,0.1534709930419922,457.83944367593796,1.287221908569336,1.9871854782104492,458.0501443342384
1119,/Users/soneyeoluwasina/Downloads/Skin/Train/nevus/ISIC_0000250.jpg,0.002952098846435547,2.444857120513916,0.18522357940673828,457.6954581970757,2.952098846435547,2.061924934387207,458.0724838682408
1120,/Users/soneyeoluwasina/Downloads/Skin/Train/nevus/ISIC_0000536.jpg,0.0009918212890625,2.4458529949188232,0.03658008575439453,457.91795431972486,0.9918212890625,2.065258026123047,458.09401066492813
1121,/Users/soneyeoluwasina/Downloads/Skin/Train/nevus/ISIC_0000456.jpg,0.0025892257690429688,2.4484431743621826,0.5401954650878906,457.8419510561112,2.5892257690429688,2.0687007904052734,458.11466368108916
1122,/Users/soneyeoluwasina/Downloads/Skin/Train/nevus/ISIC_0000330.jpg,0.0018367767333984375,2.4502809047698975,0.3165712356567383,457.9066823790824,1.8367767333984375,2.0744752883911133,458.13401695347284
1123,/Users/soneyeoluwasina/Downloads/Skin/Train/nevus/ISIC_0000324.jpg,0.0018191337585449219,2.452100992202759,0.31671905517578125,457.9746118006308,1.8191337585449219,2.0662689208984375,458.15477590857745
1124,/Users/soneyeoluwasina/Downloads/Skin/Train/nevus/ISIC_0010889.jpg,0.0013928413391113281,2.4534950256347656,0.05314826965332031,458.1219803815171,1.3928413391113281,2.0828628540039062,458.17261764424694
1125,/Users/soneyeoluwasina/Downloads/Skin/Train/nevus/ISIC_0000442.jpg,0.003245115280151367,2.4567410945892334,0.8220386505126953,457.92371140683827,3.245115280151367,2.084360122680664,458.19036765784324
1126,/Users/soneyeoluwasina/Downloads/Skin/Train/nevus/ISIC_0000318.jpg,0.0016798973083496094,2.458422899246216,0.33686256408691406,458.0172110930329,1.6798973083496094,2.0667266845703125,458.2112722339508
1127,/Users/soneyeoluwasina/Downloads/Skin/Train/nevus/ISIC_0000495.jpg,0.0016529560089111328,2.4600770473480225,0.30846595764160156,458.11573308848705,1.6529560089111328,2.0597219467163086,458.2336163792924
1128,/Users/soneyeoluwasina/Downloads/Skin/Train/nevus/ISIC_0000481.jpg,0.0020711421966552734,2.4621500968933105,0.35310840606689453,458.1361637632437,2.0711421966552734,2.066483497619629,458.254804390614
1129,/Users/soneyeoluwasina/Downloads/Skin/Train/nevus/ISIC_0026650.jpg,0.0014259815216064453,2.4635770320892334,0.24082469940185547,458.27671929647477,1.4259815216064453,2.0661401748657227,458.27599521262147
1130,/Users/soneyeoluwasina/Downloads/Skin/Train/nevus/ISIC_0029210.jpg,0.0012848377227783203,2.4648618698120117,0.25989437103271484,458.44353951005866,1.2848377227783203,2.063007354736328,458.297692886825
1131,/Users/soneyeoluwasina/Downloads/Skin/Train/nevus/ISIC_0024913.jpg,0.001657247543334961,2.466520071029663,0.3097953796386719,458.54076489548186,1.657247543334961,2.064027786254883,458.3191645342701
1132,/Users/soneyeoluwasina/Downloads/Skin/Train/nevus/ISIC_0000480.jpg,0.002212047576904297,2.468733072280884,0.5355939865112305,458.5347896498731,2.212047576904297,2.054109573364258,458.3424155301189
1133,/Users/soneyeoluwasina/Downloads/Skin/Train/nevus/ISIC_0000494.jpg,0.0025708675384521484,2.4713048934936523,0.571345329284668,458.4622492282983,2.5708675384521484,2.0489120483398438,458.36680922138737
1134,/Users/soneyeoluwasina/Downloads/Skin/Train/nevus/ISIC_0000319.jpg,0.0022830963134765625,2.473587989807129,0.34140586853027344,458.4433643245577,2.2830963134765625,2.02455997467041,458.3956880420841
1135,/Users/soneyeoluwasina/Downloads/Skin/Train/nevus/ISIC_0000325.jpg,0.001917123794555664,2.4755051136016846,0.32063865661621094,458.4922865898085,1.917123794555664,2.021498680114746,458.42502389446446
1136,/Users/soneyeoluwasina/Downloads/Skin/Train/nevus/ISIC_0000443.jpg,0.0038509368896484375,2.4793570041656494,0.8936252593994141,458.1833104677418,3.8509368896484375,2.0070981979370117,458.4570053216009
1137,/Users/soneyeoluwasina/Downloads/Skin/Train/nevus/ISIC_0000457.jpg,0.0021638870239257812,2.4815220832824707,0.36588191986083984,458.1865330394385,2.1638870239257812,2.002882957458496,458.489693242768
1138,/Users/soneyeoluwasina/Downloads/Skin/Train/nevus/ISIC_0000331.jpg,0.0017709732055664062,2.48329496383667,0.3125181198120117,458.2621140751639,1.7709732055664062,2.0269203186035156,458.5178051521239
1139,/Users/soneyeoluwasina/Downloads/Skin/Train/nevus/ISIC_0000537.jpg,0.0009169578552246094,2.484212875366211,0.04873371124267578,458.4953291621975,0.9169578552246094,2.0702409744262695,458.53782750941014
1140,/Users/soneyeoluwasina/Downloads/Skin/Train/nevus/ISIC_0025953.jpg,0.0012898445129394531,2.4855048656463623,0.2603912353515625,458.6593314527831,1.2898445129394531,2.0890426635742188,458.55420047767603
1141,/Users/soneyeoluwasina/Downloads/Skin/Train/nevus/ISIC_0000523.jpg,0.0018947124481201172,2.487400770187378,0.3417835235595703,458.71176598294915,1.8947124481201172,2.082962989807129,458.5715649266882
1142,/Users/soneyeoluwasina/Downloads/Skin/Train/nevus/ISIC_0000245.jpg,0.0010609626770019531,2.4884629249572754,0.12381649017333984,458.91782776695663,1.0609626770019531,2.0258665084838867,458.5996274331442
1143,/Users/soneyeoluwasina/Downloads/Skin/Train/nevus/ISIC_0000084.jpg,0.0050199031829833984,2.493482828140259,1.4842357635498047,458.394975534079,5.019903182983398,1.9590044021606445,458.64010342984164
1144,/Users/soneyeoluwasina/Downloads/Skin/Train/nevus/ISIC_0000053.jpg,0.0011749267578125,2.494658946990967,0.0934743881225586,458.5797194361504,1.1749267578125,1.9579172134399414,458.68062868629283
1145,/Users/soneyeoluwasina/Downloads/Skin/Train/nevus/ISIC_0000047.jpg,0.0009300708770751953,2.495591163635254,0.06794357299804688,458.8091257432216,0.9300708770751953,1.9256162643432617,458.7270613231139
1146,/Users/soneyeoluwasina/Downloads/Skin/Train/nevus/ISIC_0000051.jpg,0.0010356903076171875,2.4966278076171875,0.08831024169921875,459.0191603664611,1.0356903076171875,2.0281171798706055,458.75479842973886
1147,/Users/soneyeoluwasina/Downloads/Skin/Train/nevus/ISIC_0000079.jpg,0.001216888427734375,2.4978458881378174,0.07467174530029297,459.1956635303494,1.216888427734375,2.067074775695801,458.7755493786736
1148,/Users/soneyeoluwasina/Downloads/Skin/Train/nevus/ISIC_0000092.jpg,0.003987789154052734,2.5018348693847656,1.045365333557129,458.86321837152605,3.9877891540527344,2.0513248443603516,458.79905834175713
1149,/Users/soneyeoluwasina/Downloads/Skin/Train/nevus/ISIC_0000086.jpg,0.003590822219848633,2.505427837371826,0.9239721298217773,458.60430815891783,3.590822219848633,2.060360908508301,458.82086884219126
1150,/Users/soneyeoluwasina/Downloads/Skin/Train/nevus/ISIC_0000535.jpg,0.0009250640869140625,2.506355047225952,0.036907196044921875,458.83363622916335,0.9250640869140625,2.063021659851074,458.84206728367934
1151,/Users/soneyeoluwasina/Downloads/Skin/Train/nevus/ISIC_0000509.jpg,0.0017859935760498047,2.5081419944763184,0.3552703857421875,458.90543778416355,1.7859935760498047,2.0809555053710938,458.8601801402641
1152,/Users/soneyeoluwasina/Downloads/Skin/Train/nevus/ISIC_0026525.jpg,0.0031418800354003906,2.511284828186035,0.2611064910888672,458.72932734281636,3.1418800354003906,2.1293020248413086,458.8695584686173
1153,/Users/soneyeoluwasina/Downloads/Skin/Train/nevus/ISIC_0025992.jpg,0.0019099712371826172,2.5131969451904297,0.23753833770751953,458.77821163459794,1.9099712371826172,2.122464179992676,458.88006829112084
1154,/Users/soneyeoluwasina/Downloads/Skin/Train/nevus/ISIC_0024468.jpg,0.0017430782318115234,2.514942169189453,0.2778463363647461,458.85746962202535,1.7430782318115234,2.116079330444336,458.89169309438984
1155,/Users/soneyeoluwasina/Downloads/Skin/Train/nevus/ISIC_0000327.jpg,0.002108335494995117,2.517052173614502,0.3078327178955078,458.8701069081985,2.108335494995117,2.1309614181518555,458.90053448540493
1156,/Users/soneyeoluwasina/Downloads/Skin/Train/nevus/ISIC_0000333.jpg,0.0016508102416992188,2.5187039375305176,0.30602455139160156,458.9662098727685,1.6508102416992188,2.145719528198242,458.9065892516144
1157,/Users/soneyeoluwasina/Downloads/Skin/Train/nevus/ISIC_0000455.jpg,0.002317190170288086,2.5210211277008057,0.3943023681640625,458.94101691055425,2.317190170288086,2.147355079650879,458.91225979898854
1158,/Users/soneyeoluwasina/Downloads/Skin/Train/nevus/ISIC_0025825.jpg,0.0014851093292236328,2.522507905960083,0.2807788848876953,459.06694574233956,1.4851093292236328,2.1387720108032227,458.9194559611808
1159,/Users/soneyeoluwasina/Downloads/Skin/Train/nevus/ISIC_0000496.jpg,0.001528024673461914,2.524038076400757,0.3122549057006836,459.18483197080684,1.528024673461914,2.1179723739624023,458.93040040424586
1160,/Users/soneyeoluwasina/Downloads/Skin/Train/nevus/ISIC_0026848.jpg,0.0018470287322998047,2.525886058807373,0.2249441146850586,459.24478499545137,1.8470287322998047,2.1080732345581055,458.9431047610323
1161,/Users/soneyeoluwasina/Downloads/Skin/Train/nevus/ISIC_0000497.jpg,0.0017349720001220703,2.5276219844818115,0.35213565826416016,459.3250126513743,1.7349720001220703,2.104511260986328,458.9563874231388
1162,/Users/soneyeoluwasina/Downloads/Skin/Train/nevus/ISIC_0000483.jpg,0.0017390251159667969,2.529362201690674,0.3157482147216797,459.4043507186504,1.7390251159667969,2.0647716522216797,458.9769616679848
1163,/Users/soneyeoluwasina/Downloads/Skin/Train/nevus/ISIC_0000468.jpg,0.002908945083618164,2.5322721004486084,0.36759090423583984,459.2713396771093,2.908945083618164,2.082858085632324,458.99430152317217
1164,/Users/soneyeoluwasina/Downloads/Skin/Train/nevus/ISIC_0000332.jpg,0.0018470287322998047,2.5341291427612305,0.2821636199951172,459.3293926337494,1.8470287322998047,2.076096534729004,459.0127719025586
1165,/Users/soneyeoluwasina/Downloads/Skin/Train/nevus/ISIC_0000326.jpg,0.001255035400390625,2.5353851318359375,0.19751358032226562,459.49626562509405,1.255035400390625,2.380499839782715,458.97732709101496
1166,/Users/soneyeoluwasina/Downloads/Skin/Train/nevus/ISIC_0000508.jpg,0.0019409656524658203,2.537328004837036,0.37396240234375,459.53853730270407,1.9409656524658203,2.390918731689453,458.9399192845322
1167,/Users/soneyeoluwasina/Downloads/Skin/Train/nevus/ISIC_0000246.jpg,0.0013079643249511719,2.538638114929199,0.1454143524169922,459.69529612634324,1.3079643249511719,2.388005256652832,458.9029977817738
1168,/Users/soneyeoluwasina/Downloads/Skin/Train/nevus/ISIC_0000534.jpg,0.0012328624725341797,2.53987193107605,0.03402900695800781,459.86570649850114,1.2328624725341797,2.399125099182129,458.8639549055437
1169,/Users/soneyeoluwasina/Downloads/Skin/Train/nevus/ISIC_0026040.jpg,0.0013370513916015625,2.5412099361419678,0.2337045669555664,460.017090038126,1.3370513916015625,2.3183679580688477,458.8395906037349
1170,/Users/soneyeoluwasina/Downloads/Skin/Train/nevus/ISIC_0000087.jpg,0.0061168670654296875,2.547327995300293,1.2158517837524414,459.3048096509747,6.1168670654296875,2.379889488220215,458.8043122046354
1171,/Users/soneyeoluwasina/Downloads/Skin/Train/nevus/ISIC_0000093.jpg,0.004537105560302734,2.551868200302124,1.1134576797485352,458.87949850284645,4.537105560302734,2.397184371948242,458.7658186691986
1172,/Users/soneyeoluwasina/Downloads/Skin/Train/nevus/ISIC_0000050.jpg,0.0010492801666259766,2.55292010307312,0.07643890380859375,459.0821305332609,1.0492801666259766,2.4541282653808594,458.7172037123671
1173,/Users/soneyeoluwasina/Downloads/Skin/Train/nevus/ISIC_0000068.jpg,0.002270936965942383,2.5551929473876953,0.046466827392578125,459.0651368223359,2.270936965942383,2.449169158935547,458.6693070288052
1174,/Users/soneyeoluwasina/Downloads/Skin/Train/nevus/ISIC_0026905.jpg,0.00152587890625,2.5567209720611572,0.27359676361083984,459.1819024559234,1.52587890625,2.393794059753418,458.6314366170833
1175,/Users/soneyeoluwasina/Downloads/Skin/Train/nevus/ISIC_0000097.jpg,0.004141807556152344,2.5608649253845215,1.1886720657348633,458.8293542360772,4.141807556152344,2.341156005859375,458.6030246106465
1176,/Users/soneyeoluwasina/Downloads/Skin/Train/nevus/ISIC_0000083.jpg,0.0040972232818603516,2.5649631023406982,1.0151557922363281,458.486127510693,4.097223281860352,2.3522520065307617,458.57249115777785
1177,/Users/soneyeoluwasina/Downloads/Skin/Train/nevus/ISIC_0000256.jpg,0.0013110637664794922,2.5662760734558105,0.14374256134033203,458.641224213661,1.3110637664794922,2.379031181335449,458.5368935984676
1178,/Users/soneyeoluwasina/Downloads/Skin/Train/nevus/ISIC_0000530.jpg,0.0017518997192382812,2.5680298805236816,0.3491964340209961,458.71740392669346,1.7518997192382812,2.415633201599121,458.49513987272456
1179,/Users/soneyeoluwasina/Downloads/Skin/Train/nevus/ISIC_0000524.jpg,0.002170085906982422,2.570202112197876,0.4011058807373047,458.71878884722923,2.170085906982422,2.4097585678100586,458.4543843724485
1180,/Users/soneyeoluwasina/Downloads/Skin/Train/nevus/ISIC_0000478.jpg,0.0020227432250976562,2.572227954864502,0.33733177185058594,458.74627782052823,2.0227432250976562,2.4202346801757812,458.41176870011935
1181,/Users/soneyeoluwasina/Downloads/Skin/Train/nevus/ISIC_0000322.jpg,0.0017390251159667969,2.573970079421997,0.31116390228271484,458.8242922641905,1.7390251159667969,2.404346466064453,458.37192527244093
1182,/Users/soneyeoluwasina/Downloads/Skin/Train/nevus/ISIC_0000336.jpg,0.0017828941345214844,2.5757548809051514,0.3076353073120117,458.8945977594851,1.7828941345214844,2.4056482315063477,458.3317928604407
1183,/Users/soneyeoluwasina/Downloads/Skin/Train/nevus/ISIC_0026468.jpg,0.0015308856964111328,2.577288866043091,0.14852333068847656,459.0094713815525,1.5308856964111328,2.3969602584838867,458.29322176228374
1184,/Users/soneyeoluwasina/Downloads/Skin/Train/nevus/ISIC_0000493.jpg,0.0017881393432617188,2.5790791511535645,0.32506465911865234,459.0785821638794,1.7881393432617188,2.4287796020507812,458.24905520566136
1185,/Users/soneyeoluwasina/Downloads/Skin/Train/nevus/ISIC_0000492.jpg,0.0017390251159667969,2.580819845199585,0.35004520416259766,459.15641969513734,1.7390251159667969,2.434840202331543,458.2037632197566
1186,/Users/soneyeoluwasina/Downloads/Skin/Train/nevus/ISIC_0000486.jpg,0.0018639564514160156,2.5826849937438965,0.2939338684082031,459.2120227100393,1.8639564514160156,2.430276870727539,458.1592385551945
1187,/Users/soneyeoluwasina/Downloads/Skin/Train/nevus/ISIC_0000451.jpg,0.003068208694458008,2.5857551097869873,0.8665561676025391,459.05352579880787,3.068208694458008,2.432842254638672,458.1142267607571
1188,/Users/soneyeoluwasina/Downloads/Skin/Train/nevus/ISIC_0027950.jpg,0.0014328956604003906,2.587188959121704,0.15918350219726562,459.18563304448423,1.4328956604003906,2.430243492126465,458.0696172560397
1189,/Users/soneyeoluwasina/Downloads/Skin/Train/nevus/ISIC_0000337.jpg,0.016137123107910156,2.603327989578247,0.3023853302001953,456.723088585017,16.137123107910156,2.4018287658691406,458.0300754799783
1190,/Users/soneyeoluwasina/Downloads/Skin/Train/nevus/ISIC_0000323.jpg,0.0018107891082763672,2.6051418781280518,0.29457664489746094,456.7889411286441,1.8107891082763672,2.4036073684692383,457.9902368177609
1191,/Users/soneyeoluwasina/Downloads/Skin/Train/nevus/ISIC_0000479.jpg,0.0017490386962890625,2.6068930625915527,0.36971569061279297,456.8656908450278,1.7490386962890625,2.4210691452026367,457.9472586380382
1192,/Users/soneyeoluwasina/Downloads/Skin/Train/nevus/ISIC_0000525.jpg,0.0016169548034667969,2.608510971069336,0.32254981994628906,456.9656839554522,1.6169548034667969,2.4112892150878906,457.905959478255
1193,/Users/soneyeoluwasina/Downloads/Skin/Train/nevus/ISIC_0000243.jpg,0.000982046127319336,2.6094939708709717,0.0885629653930664,457.1767604436396,0.9820461273193359,2.4190711975097656,457.86320677589384
1194,/Users/soneyeoluwasina/Downloads/Skin/Train/nevus/ISIC_0000082.jpg,0.004251003265380859,2.6137449741363525,1.1006994247436523,456.8157994811746,4.251003265380859,2.4364519119262695,457.81733005667513
1195,/Users/soneyeoluwasina/Downloads/Skin/Train/nevus/ISIC_0024646.jpg,0.0017948150634765625,2.6155409812927246,0.22142505645751953,456.8844489713842,1.7948150634765625,2.464475631713867,457.76652387845365
1196,/Users/soneyeoluwasina/Downloads/Skin/Train/nevus/ISIC_0000096.jpg,0.003882884979248047,2.619426965713501,1.0516166687011719,456.58841252488355,3.882884979248047,2.382354736328125,457.73056403309084
1197,/Users/soneyeoluwasina/Downloads/Skin/Train/nevus/ISIC_0000041.jpg,0.00096893310546875,2.6203980445861816,0.0682840347290039,456.80082935225687,0.96893310546875,2.3278284072875977,457.7043921057428
1198,/Users/soneyeoluwasina/Downloads/Skin/Train/nevus/ISIC_0000055.jpg,0.001219034194946289,2.6216180324554443,0.07537269592285156,456.96969778543075,1.219034194946289,2.3277664184570312,457.6780731459754
1199,/Users/soneyeoluwasina/Downloads/Skin/Train/nevus/ISIC_0000057.jpg,0.0009589195251464844,2.6225781440734863,0.07735347747802734,457.1837078370784,0.9589195251464844,2.305727005004883,457.65557550543747
1200,/Users/soneyeoluwasina/Downloads/Skin/Train/nevus/ISIC_0026709.jpg,0.0014798641204833984,2.6240580081939697,0.2874727249145508,457.3069635857289,1.4798641204833984,2.350649833679199,457.6252999159351
1201,/Users/soneyeoluwasina/Downloads/Skin/Train/nevus/ISIC_0000080.jpg,0.0031249523162841797,2.627286911010742,0.7445459365844727,457.1255598186511,3.1249523162841797,2.3694515228271484,457.5921760442834
1202,/Users/soneyeoluwasina/Downloads/Skin/Train/nevus/ISIC_0000094.jpg,0.004971981048583984,2.632261037826538,1.112649917602539,456.6416410556657,4.971981048583984,2.3062849044799805,457.5701681009594
1203,/Users/soneyeoluwasina/Downloads/Skin/Train/nevus/ISIC_0000241.jpg,0.0016162395477294922,2.633881092071533,0.08725357055664062,456.7404366207918,1.6162395477294922,2.2954845428466797,457.54988280864694
1204,/Users/soneyeoluwasina/Downloads/Skin/Train/nevus/ISIC_0000527.jpg,0.0022668838500976562,2.6361498832702637,0.37441539764404297,456.72668600557085,2.2668838500976562,2.287883758544922,457.5308455897109
1205,/Users/soneyeoluwasina/Downloads/Skin/Train/nevus/ISIC_0025957.jpg,0.001313924789428711,2.6374659538269043,0.24854564666748047,456.8779355242754,1.313924789428711,2.2586584091186523,457.51680513139
1206,/Users/soneyeoluwasina/Downloads/Skin/Train/nevus/ISIC_0027615.jpg,0.0017158985137939453,2.6391830444335938,0.25101280212402344,456.9595892727572,1.7158985137939453,2.250843048095703,457.5040918957808
1207,/Users/soneyeoluwasina/Downloads/Skin/Train/nevus/ISIC_0000335.jpg,0.001882791519165039,2.641065835952759,0.30594539642333984,457.01246200270407,1.882791519165039,2.2414016723632812,457.49294243208556
1208,/Users/soneyeoluwasina/Downloads/Skin/Train/nevus/ISIC_0000453.jpg,0.0030760765075683594,2.644144058227539,0.7236442565917969,456.8586179112208,3.0760765075683594,2.2329044342041016,457.4831940209079
1209,/Users/soneyeoluwasina/Downloads/Skin/Train/nevus/ISIC_0000447.jpg,0.0018310546875,2.6459760665893555,0.3955049514770508,456.92023267557084,1.8310546875,2.2222042083740234,457.4751878171303
1210,/Users/soneyeoluwasina/Downloads/Skin/Train/nevus/ISIC_0000321.jpg,0.0016188621520996094,2.647594928741455,0.3042020797729492,457.01855176735,1.6188621520996094,2.2075366973876953,457.46963435579505
1211,/Users/soneyeoluwasina/Downloads/Skin/Train/nevus/ISIC_0026457.jpg,0.001863241195678711,2.64945912361145,0.2589559555053711,457.07442292949906,1.863241195678711,2.2057437896728516,457.46433193834287
1212,/Users/soneyeoluwasina/Downloads/Skin/Train/nevus/ISIC_0000490.jpg,0.0016090869903564453,2.6510701179504395,0.3426952362060547,457.1738754827826,1.6090869903564453,2.2063398361206055,457.45889007591984
1213,/Users/soneyeoluwasina/Downloads/Skin/Train/nevus/ISIC_0027562.jpg,0.0014882087707519531,2.6525590419769287,0.23655033111572266,457.2942508740397,1.4882087707519531,2.1831798553466797,457.45753011801355
1214,/Users/soneyeoluwasina/Downloads/Skin/Train/nevus/ISIC_0000485.jpg,0.0019359588623046875,2.6544950008392334,0.3352346420288086,457.3374595228799,1.9359588623046875,2.184600830078125,457.45582183685934
1215,/Users/soneyeoluwasina/Downloads/Skin/Train/nevus/ISIC_0000491.jpg,0.002128124237060547,2.6566240787506104,0.34465503692626953,457.3473566389585,2.128124237060547,1.8957805633544922,457.5050016220905
1216,/Users/soneyeoluwasina/Downloads/Skin/Train/nevus/ISIC_0025605.jpg,0.0014519691467285156,2.6580770015716553,0.23771095275878906,457.4735793135448,1.4519691467285156,1.9013643264770508,457.55315973842715
1217,/Users/soneyeoluwasina/Downloads/Skin/Train/nevus/ISIC_0000320.jpg,0.0016970634460449219,2.6597740650177,0.29451465606689453,457.5576610082861,1.6970634460449219,1.8988800048828125,457.6016580627286
1218,/Users/soneyeoluwasina/Downloads/Skin/Train/nevus/ISIC_0000334.jpg,0.002101898193359375,2.661876916885376,0.3184547424316406,457.571870537562,2.101898193359375,1.8944406509399414,457.6508146377401
1219,/Users/soneyeoluwasina/Downloads/Skin/Train/nevus/ISIC_0000452.jpg,0.0027382373809814453,2.664616107940674,0.7541513442993164,457.4767811270547,2.7382373809814453,1.9031953811645508,457.69831674634634
1220,/Users/soneyeoluwasina/Downloads/Skin/Train/nevus/ISIC_0027172.jpg,0.002010822296142578,2.6666269302368164,0.24303913116455078,457.5068173828331,2.010822296142578,1.8390941619873047,457.75687343741475
1221,/Users/soneyeoluwasina/Downloads/Skin/Train/nevus/ISIC_0000532.jpg,0.0018107891082763672,2.6684389114379883,0.35311126708984375,457.5709021354431,1.8107891082763672,1.8281745910644531,457.8171992936128
1222,/Users/soneyeoluwasina/Downloads/Skin/Train/nevus/ISIC_0000240.jpg,0.0010461807250976562,2.669485092163086,0.11885643005371094,457.76618254489387,1.0461807250976562,1.839156150817871,457.87578372607464
1223,/Users/soneyeoluwasina/Downloads/Skin/Train/nevus/ISIC_0000268.jpg,0.001168966293334961,2.670654058456421,0.13931560516357422,457.94025479543654,1.168966293334961,1.8369388580322266,457.9345795341984
1224,/Users/soneyeoluwasina/Downloads/Skin/Train/nevus/ISIC_0000095.jpg,0.0037720203399658203,2.674427032470703,1.0915985107421875,457.66812298080833,3.7720203399658203,1.8294191360473633,457.9945090189387
1225,/Users/soneyeoluwasina/Downloads/Skin/Train/nevus/ISIC_0000081.jpg,0.005081892013549805,2.6795098781585693,1.2508440017700195,457.1731606534896,5.081892013549805,1.8309640884399414,458.05401492999454
1226,/Users/soneyeoluwasina/Downloads/Skin/Train/nevus/ISIC_0000042.jpg,0.0009388923645019531,2.680450916290283,0.0975198745727539,457.3857303444943,0.9388923645019531,1.8370819091796875,458.11236519243226
1227,/Users/soneyeoluwasina/Downloads/Skin/Train/nevus/ISIC_0000067.jpg,0.0007710456848144531,2.681223154067993,0.039969444274902344,457.6269595980389,0.7710456848144531,1.7999029159545898,458.1774080563321
1228,/Users/soneyeoluwasina/Downloads/Skin/Train/nevus/ISIC_0010512.jpg,0.0013718605041503906,2.68259596824646,0.1417379379272461,457.7655429798883,1.3718605041503906,1.7279434204101562,458.25482909969696
1229,/Users/soneyeoluwasina/Downloads/Skin/Train/nevus/ISIC_0000073.jpg,0.0007088184356689453,2.6833078861236572,0.03827381134033203,458.0167659311843,0.7088184356689453,1.7289400100708008,458.33198542274084
1230,/Users/soneyeoluwasina/Downloads/Skin/Train/nevus/ISIC_0000503.jpg,0.0016319751739501953,2.684941053390503,0.35727596282958984,458.11061604007085,1.6319751739501953,1.7143440246582031,458.41155923844747
1231,/Users/soneyeoluwasina/Downloads/Skin/Train/nevus/ISIC_0027802.jpg,0.0012669563293457031,2.6862080097198486,0.21926021575927734,458.2668190794294,1.2669563293457031,1.7278814315795898,458.4887162348476
1232,/Users/soneyeoluwasina/Downloads/Skin/Train/nevus/ISIC_0000265.jpg,0.0013580322265625,2.6875669956207275,0.11846923828125,458.40717720060184,1.3580322265625,1.71722412109375,458.56757901759613
1233,/Users/soneyeoluwasina/Downloads/Skin/Train/nevus/ISIC_0000271.jpg,0.0009958744049072266,2.688563823699951,0.13952064514160156,458.60916119267296,0.9958744049072266,1.7266321182250977,458.64476081713855
1234,/Users/soneyeoluwasina/Downloads/Skin/Train/nevus/ISIC_0000259.jpg,0.0010547637939453125,2.689619779586792,0.15924072265625,458.8009090971142,1.0547637939453125,1.6991090774536133,458.7266032464745
1235,/Users/soneyeoluwasina/Downloads/Skin/Train/nevus/ISIC_0000477.jpg,0.0016493797302246094,2.6912691593170166,0.25462913513183594,458.8912988225284,1.6493797302246094,1.7341279983520508,458.80244476673613
1236,/Users/soneyeoluwasina/Downloads/Skin/Train/nevus/ISIC_0000339.jpg,0.001893758773803711,2.6931629180908203,0.33409595489501953,458.93992958888606,1.893758773803711,1.7342948913574219,458.8781476605537
1237,/Users/soneyeoluwasina/Downloads/Skin/Train/nevus/ISIC_0000488.jpg,0.0019102096557617188,2.6950740814208984,0.4286460876464844,458.9855279034958,1.9102096557617188,1.7586278915405273,458.94967022322487
1238,/Users/soneyeoluwasina/Downloads/Skin/Train/nevus/ISIC_0026857.jpg,0.0015039443969726562,2.6965789794921875,0.2648172378540039,459.10021898677593,1.5039443969726562,1.7723989486694336,459.01877334087686
1239,/Users/soneyeoluwasina/Downloads/Skin/Train/nevus/ISIC_0000489.jpg,0.0016961097717285156,2.6982760429382324,0.3241081237792969,459.1820778465706,1.6961097717285156,1.7779779434204102,459.0868218331844
1240,/Users/soneyeoluwasina/Downloads/Skin/Train/nevus/ISIC_0000338.jpg,0.002089977264404297,2.700366973876953,0.2939453125,459.19684694547846,2.089977264404297,1.7742395401000977,459.15541896085136
1241,/Users/soneyeoluwasina/Downloads/Skin/Train/nevus/ISIC_0000476.jpg,0.0016248226165771484,2.701992988586426,0.3199424743652344,459.29060706010245,1.6248226165771484,1.7567968368530273,459.2268881432508
1242,/Users/soneyeoluwasina/Downloads/Skin/Train/nevus/ISIC_0028517.jpg,0.0013949871063232422,2.703387975692749,0.27809810638427734,459.4235127060276,1.3949871063232422,1.7539119720458984,459.2987263087177
1243,/Users/soneyeoluwasina/Downloads/Skin/Train/nevus/ISIC_0000258.jpg,0.0014197826385498047,2.7048089504241943,0.18838214874267578,459.5518658739504,1.4197826385498047,1.7576313018798828,459.3698381872562
1244,/Users/soneyeoluwasina/Downloads/Skin/Train/nevus/ISIC_0000270.jpg,0.0010459423065185547,2.7058558464050293,0.13129329681396484,459.74363403459387,1.0459423065185547,1.7343330383300781,459.4447984266642
1245,/Users/soneyeoluwasina/Downloads/Skin/Train/nevus/ISIC_0000264.jpg,0.0012488365173339844,2.707105875015259,0.20897579193115234,459.90074178128793,1.2488365173339844,1.6997671127319336,459.5255420750511
1246,/Users/soneyeoluwasina/Downloads/Skin/Train/nevus/ISIC_0000099.jpg,0.004431962966918945,2.7115390300750732,1.4102191925048828,459.5176341479778,4.431962966918945,1.6804075241088867,459.6094525133213
1247,/Users/soneyeoluwasina/Downloads/Skin/Train/nevus/ISIC_0000066.jpg,0.0008580684661865234,2.7123990058898926,0.03790855407714844,459.74061975844154,0.8580684661865234,1.6642951965332031,459.6959731767542
1248,/Users/soneyeoluwasina/Downloads/Skin/Train/nevus/ISIC_0000064.jpg,0.000843048095703125,2.713243007659912,0.09051990509033203,459.96617202244676,0.843048095703125,1.6588878631591797,459.7832506146326
1249,/Users/soneyeoluwasina/Downloads/Skin/Train/nevus/ISIC_0000058.jpg,0.0010361671447753906,2.7142791748046875,0.08285140991210938,460.15900338986864,1.0361671447753906,1.6717290878295898,459.86823072513306
1250,/Users/soneyeoluwasina/Downloads/Skin/Train/nevus/ISIC_0000514.jpg,0.0017857551574707031,2.7160658836364746,0.35289478302001953,460.2244767076141,1.7857551574707031,1.6226530075073242,459.9614862015954
1251,/Users/soneyeoluwasina/Downloads/Skin/Train/nevus/ISIC_0000272.jpg,0.0012660026550292969,2.717334032058716,0.1608266830444336,460.37770301364577,1.2660026550292969,1.5503168106079102,460.0669758365273
1252,/Users/soneyeoluwasina/Downloads/Skin/Train/nevus/ISIC_0000266.jpg,0.0013740062713623047,2.7187089920043945,0.18645668029785156,460.51269322390806,1.3740062713623047,1.5639400482177734,460.1700324032317
1253,/Users/soneyeoluwasina/Downloads/Skin/Train/nevus/ISIC_0000500.jpg,0.0016660690307617188,2.7203750610351562,0.37363243103027344,460.5982527729867,1.6660690307617188,1.5860176086425781,460.2692231334518
1254,/Users/soneyeoluwasina/Downloads/Skin/Train/nevus/ISIC_0025780.jpg,0.0015370845794677734,2.7219130992889404,0.2488536834716797,460.70537679090086,1.5370845794677734,1.5957212448120117,460.3666627302713
1255,/Users/soneyeoluwasina/Downloads/Skin/Train/nevus/ISIC_0000528.jpg,0.001990795135498047,2.7239038944244385,0.4025545120239258,460.735785344285,1.9907951354980469,1.6120243072509766,460.4612081698815
1256,/Users/soneyeoluwasina/Downloads/Skin/Train/nevus/ISIC_0027829.jpg,0.0011830329895019531,2.7250869274139404,0.21199607849121094,460.90272841018026,1.1830329895019531,1.6085624694824219,460.55622323599084
1257,/Users/soneyeoluwasina/Downloads/Skin/Train/nevus/ISIC_0000460.jpg,0.002353191375732422,2.7274410724639893,0.3857746124267578,460.87155197982605,2.353191375732422,1.6136837005615234,460.6502429686082
1258,/Users/soneyeoluwasina/Downloads/Skin/Train/nevus/ISIC_0000474.jpg,0.0016999244689941406,2.7291419506073,0.33326148986816406,460.9507393780176,1.6999244689941406,1.610422134399414,460.7446803423726
1259,/Users/soneyeoluwasina/Downloads/Skin/Train/nevus/ISIC_0000448.jpg,0.003582000732421875,2.732724905014038,0.9379701614379883,460.71230868865393,3.582000732421875,1.6194820404052734,460.8374505625455
1260,/Users/soneyeoluwasina/Downloads/Skin/Train/nevus/ISIC_0029025.jpg,0.001627206802368164,2.7343530654907227,0.2528715133666992,460.80369645822356,1.627206802368164,1.6295337677001953,460.9283962734228
1261,/Users/soneyeoluwasina/Downloads/Skin/Train/nevus/ISIC_0000449.jpg,0.0030798912048339844,2.7374329566955566,0.8982667922973633,460.6505510630637,3.0798912048339844,1.6310310363769531,461.0189821077953
1262,/Users/soneyeoluwasina/Downloads/Skin/Train/nevus/ISIC_0000475.jpg,0.002297639846801758,2.739731788635254,0.35251903533935547,460.6290313653811,2.297639846801758,1.633152961730957,461.10912310859055
1263,/Users/soneyeoluwasina/Downloads/Skin/Train/nevus/ISIC_0000461.jpg,0.0017671585083007812,2.74150013923645,0.33243656158447266,460.69667548941464,1.7671585083007812,1.6240310668945312,461.2007012645891
1264,/Users/soneyeoluwasina/Downloads/Skin/Train/nevus/ISIC_0000529.jpg,0.0017490386962890625,2.7432501316070557,0.37086009979248047,460.7673159062317,1.7490386962890625,1.8298530578613281,461.25793373238884
1265,/Users/soneyeoluwasina/Downloads/Skin/Train/nevus/ISIC_0000267.jpg,0.0012559890747070312,2.7445061206817627,0.1316537857055664,460.92081575892473,1.2559890747070312,1.818089485168457,461.31702316945746
1266,/Users/soneyeoluwasina/Downloads/Skin/Train/nevus/ISIC_0000501.jpg,0.0013077259063720703,2.7458138465881348,0.23230266571044922,461.0654875868928,1.3077259063720703,1.815485954284668,461.3764890088893
1267,/Users/soneyeoluwasina/Downloads/Skin/Train/nevus/ISIC_0000515.jpg,0.0018830299377441406,2.7476980686187744,0.3288555145263672,461.1132549352125,1.8830299377441406,1.8009328842163086,461.43827261930835
1268,/Users/soneyeoluwasina/Downloads/Skin/Train/nevus/ISIC_0000273.jpg,0.0009369850158691406,2.7486350536346436,0.07826614379882812,461.3198825079621,0.9369850158691406,1.8021726608276367,461.4997343960242
1269,/Users/soneyeoluwasina/Downloads/Skin/Train/nevus/ISIC_0000059.jpg,0.0010099411010742188,2.749645948410034,0.07799625396728516,461.51396354639456,1.0099411010742188,1.7928791046142578,461.5626214383727
1270,/Users/soneyeoluwasina/Downloads/Skin/Train/nevus/ISIC_0000065.jpg,0.0010428428649902344,2.75068998336792,0.07817459106445312,461.7023392963476,1.0428428649902344,1.7949581146240234,461.6250208228528
1271,/Users/soneyeoluwasina/Downloads/Skin/Train/nevus/ISIC_0000061.jpg,0.0010051727294921875,2.7516961097717285,0.08200740814208984,461.8969353070888,1.0051727294921875,1.8535614013671875,461.6776008457744
1272,/Users/soneyeoluwasina/Downloads/Skin/Train/nevus/ISIC_0000539.jpg,0.0007758140563964844,2.752471923828125,0.034381866455078125,462.13005443881457,0.7758140563964844,1.7933845520019531,461.7402799624953
1273,/Users/soneyeoluwasina/Downloads/Skin/Train/nevus/ISIC_0000505.jpg,0.0018110275268554688,2.7542829513549805,0.4376182556152344,462.1892603204557,1.8110275268554688,1.7994213104248047,461.8018023579905
1274,/Users/soneyeoluwasina/Downloads/Skin/Train/nevus/ISIC_0000263.jpg,0.001318216323852539,2.7556021213531494,0.16463279724121094,462.3308968039251,1.318216323852539,1.8045997619628906,461.8623092551086
1275,/Users/soneyeoluwasina/Downloads/Skin/Train/nevus/ISIC_0024470.jpg,0.0014650821685791016,2.7570688724517822,0.2615175247192383,462.4476424000896,1.4650821685791016,1.8258428573608398,461.91916029145204
1276,/Users/soneyeoluwasina/Downloads/Skin/Train/nevus/ISIC_0027958.jpg,0.0016200542449951172,2.7586889266967773,0.29030418395996094,462.53855867970873,1.6200542449951172,1.8173027038574219,461.9773445578703
1277,/Users/soneyeoluwasina/Downloads/Skin/Train/nevus/ISIC_0000465.jpg,0.0018749237060546875,2.7605648040771484,0.36415576934814453,462.58649610904484,1.8749237060546875,1.8245983123779297,462.03408747722165
1278,/Users/soneyeoluwasina/Downloads/Skin/Train/nevus/ISIC_0000471.jpg,0.0018570423126220703,2.7624218463897705,0.32219505310058594,462.63752282086375,1.8570423126220703,1.8328380584716797,462.0893556698753
1279,/Users/soneyeoluwasina/Downloads/Skin/Train/nevus/ISIC_0000317.jpg,0.0015239715576171875,2.763947010040283,0.3005638122558594,462.7440379116961,1.5239715576171875,1.8420219421386719,462.1430199407958
1280,/Users/soneyeoluwasina/Downloads/Skin/Train/nevus/ISIC_0024707.jpg,0.001458883285522461,2.765406847000122,0.27161502838134766,462.86136934553684,1.458883285522461,1.837778091430664,462.1972867201281
1281,/Users/soneyeoluwasina/Downloads/Skin/Train/nevus/ISIC_0028854.jpg,0.0015230178833007812,2.7669310569763184,0.26497936248779297,462.9678057102974,1.5230178833007812,1.8204450607299805,462.25434889372815
1282,/Users/soneyeoluwasina/Downloads/Skin/Train/nevus/ISIC_0024511.jpg,0.0011949539184570312,2.768126964569092,0.21100616455078125,463.1290458888204,1.1949539184570312,1.8289995193481445,462.30986748265786
1283,/Users/soneyeoluwasina/Downloads/Skin/Train/nevus/ISIC_0000470.jpg,0.0014488697052001953,2.7695767879486084,0.2927999496459961,463.2476722013194,1.4488697052001953,1.809396743774414,462.3685812986382
1284,/Users/soneyeoluwasina/Downloads/Skin/Train/nevus/ISIC_0000316.jpg,0.0015573501586914062,2.7711341381073,0.2972087860107422,463.348194640978,1.5573501586914062,1.806173324584961,462.4277383923881
1285,/Users/soneyeoluwasina/Downloads/Skin/Train/nevus/ISIC_0000464.jpg,0.0017242431640625,2.7728590965270996,0.33997249603271484,463.4205905411543,1.7242431640625,1.768193244934082,462.4932183536983
1286,/Users/soneyeoluwasina/Downloads/Skin/Train/nevus/ISIC_0000458.jpg,0.0019998550415039062,2.7748589515686035,0.4306173324584961,463.44697962865297,1.9998550415039062,1.767868995666504,462.5586597005398
1287,/Users/soneyeoluwasina/Downloads/Skin/Train/nevus/ISIC_0029141.jpg,0.0014541149139404297,2.776313066482544,0.22575950622558594,463.56443570341565,1.4541149139404297,1.8489742279052734,462.6108297344232
1288,/Users/soneyeoluwasina/Downloads/Skin/Train/nevus/ISIC_0000504.jpg,0.0117950439453125,2.788109064102173,3.668191909790039,461.9618423767658,11.7950439453125,1.846165657043457,462.66343242902514
1289,/Users/soneyeoluwasina/Downloads/Skin/Train/nevus/ISIC_0000262.jpg,0.001107931137084961,2.7892189025878906,0.08077049255371094,462.13654970000425,1.107931137084961,1.8488216400146484,462.7155247607344
1290,/Users/soneyeoluwasina/Downloads/Skin/Train/nevus/ISIC_0000510.jpg,0.0019598007202148438,2.791179895401001,0.4432659149169922,462.1701389170652,1.9598007202148438,1.8367767333984375,462.7695066540816
1291,/Users/soneyeoluwasina/Downloads/Skin/Train/nevus/ISIC_0000538.jpg,0.0008971691131591797,2.79207706451416,0.03318595886230469,462.37978758105754,0.8971691131591797,1.8453359603881836,462.8219632508488
1292,/Users/soneyeoluwasina/Downloads/Skin/Train/nevus/ISIC_0026702.jpg,0.0014569759368896484,2.79353404045105,0.26683712005615234,462.4966015418201,1.4569759368896484,1.913142204284668,462.8632330359186
1293,/Users/soneyeoluwasina/Downloads/Skin/Train/nevus/ISIC_0000060.jpg,0.0009551048278808594,2.794490098953247,0.0937051773071289,462.69621799137116,0.9551048278808594,1.904139518737793,462.90591079298423
1294,/Users/soneyeoluwasina/Downloads/Skin/Train/nevus/ISIC_0000062.jpg,0.001149892807006836,2.795639991760254,0.09216117858886719,462.86360325860215,1.149892807006836,1.9123649597167969,462.94709270218647
1295,/Users/soneyeoluwasina/Downloads/Skin/Train/nevus/ISIC_0000089.jpg,0.0041790008544921875,2.7998199462890625,1.018977165222168,462.52974292736894,4.1790008544921875,1.913003921508789,462.9880284487752
1296,/Users/soneyeoluwasina/Downloads/Skin/Train/nevus/ISIC_0028063.jpg,0.0014231204986572266,2.801244020462036,0.25322914123535156,462.6515899840237,1.4231204986572266,1.9150066375732422,463.0284969875856
1297,/Users/soneyeoluwasina/Downloads/Skin/Train/nevus/ISIC_0000248.jpg,0.0011599063873291016,2.8024051189422607,0.19902801513671875,462.8167395331976,1.1599063873291016,1.9307231903076172,463.0662596754335
1298,/Users/soneyeoluwasina/Downloads/Skin/Train/nevus/ISIC_0000260.jpg,0.0011019706726074219,2.803507089614868,0.16086196899414062,462.9915168783514,1.1019706726074219,1.947321891784668,463.10115145980274
1299,/Users/soneyeoluwasina/Downloads/Skin/Train/nevus/ISIC_0000506.jpg,0.0020983219146728516,2.8056061267852783,0.4091520309448242,463.0015552070458,2.0983219146728516,1.9354820251464844,463.1379071911188
1300,/Users/soneyeoluwasina/Downloads/Skin/Train/nevus/ISIC_0000512.jpg,0.0013587474822998047,2.806964874267578,0.25462913513183594,463.1336900285257,1.3587474822998047,1.9330167770385742,463.1749501472032
1301,/Users/soneyeoluwasina/Downloads/Skin/Train/nevus/ISIC_0000328.jpg,0.0016307830810546875,2.8086318969726562,0.3122577667236328,463.2148489812106,1.6307830810546875,1.944136619567871,463.2100915769517
1302,/Users/soneyeoluwasina/Downloads/Skin/Train/nevus/ISIC_0000472.jpg,0.0017859935760498047,2.8104190826416016,0.4489917755126953,463.27610285659216,1.7859935760498047,1.9558954238891602,463.24323759030233
1303,/Users/soneyeoluwasina/Downloads/Skin/Train/nevus/ISIC_0000499.jpg,0.002125263214111328,2.81254506111145,0.4841594696044922,463.2814663190092,2.125263214111328,1.93511962890625,463.2797075767053
1304,/Users/soneyeoluwasina/Downloads/Skin/Train/nevus/ISIC_0025427.jpg,0.0013248920440673828,2.8138699531555176,0.27559471130371094,463.41871575751895,1.3248920440673828,1.9236230850219727,463.31798410079034
1305,/Users/soneyeoluwasina/Downloads/Skin/Train/nevus/ISIC_0025368.jpg,0.0011241436004638672,2.8149940967559814,0.22468852996826172,463.5888940242862,1.1241436004638672,1.9254398345947266,463.3558741702616
1306,/Users/soneyeoluwasina/Downloads/Skin/Train/nevus/ISIC_0027580.jpg,0.0016107559204101562,2.816605806350708,0.22685909271240234,463.67865785667,1.6107559204101562,1.931924819946289,463.3926128624551
1307,/Users/soneyeoluwasina/Downloads/Skin/Train/nevus/ISIC_0028314.jpg,0.0013730525970458984,2.817981004714966,0.26503944396972656,463.80724277884224,1.3730525970458984,1.9249248504638672,463.43039724341776
1308,/Users/soneyeoluwasina/Downloads/Skin/Train/nevus/ISIC_0000498.jpg,0.0015387535095214844,2.819520950317383,0.34234619140625,463.90859406551436,1.5387535095214844,1.9342470169067383,463.4665443079354
1309,/Users/soneyeoluwasina/Downloads/Skin/Train/nevus/ISIC_0000467.jpg,0.0016829967498779297,2.8212039470672607,0.3588447570800781,463.98630675416103,1.6829967498779297,1.9475889205932617,463.5004319314366
1310,/Users/soneyeoluwasina/Downloads/Skin/Train/nevus/ISIC_0000315.jpg,0.0016109943389892578,2.82281494140625,0.30995750427246094,464.0757638002984,1.6109943389892578,1.9522380828857422,463.53347536200505
1311,/Users/soneyeoluwasina/Downloads/Skin/Train/nevus/ISIC_0000473.jpg,0.007135152816772461,2.8299500942230225,2.4050512313842773,463.2590527572331,7.135152816772461,1.9520950317382812,463.56647515946656
1312,/Users/soneyeoluwasina/Downloads/Skin/Train/nevus/ISIC_0025803.jpg,0.0021572113037109375,2.8321080207824707,0.29825496673583984,463.25916609547727,2.1572113037109375,1.939840316772461,463.60141554536887
1313,/Users/soneyeoluwasina/Downloads/Skin/Train/nevus/ISIC_0000329.jpg,0.0018999576568603516,2.8340089321136475,0.30876731872558594,463.3012920748787,1.8999576568603516,1.9521188735961914,463.63426787741287
1314,/Users/soneyeoluwasina/Downloads/Skin/Train/nevus/ISIC_0000261.jpg,0.0011467933654785156,2.8351569175720215,0.14127826690673828,463.4664105735941,1.1467933654785156,1.7531394958496094,463.7001540019703
1315,/Users/soneyeoluwasina/Downloads/Skin/Train/nevus/ISIC_0000507.jpg,0.001683950424194336,2.8368418216705322,0.3442707061767578,463.54364559728447,1.683950424194336,1.7784357070922852,463.7618237760567
1316,/Users/soneyeoluwasina/Downloads/Skin/Train/nevus/ISIC_0000088.jpg,0.004698038101196289,2.841541051864624,1.318948745727539,463.12897684037983,4.698038101196289,1.7716598510742188,463.82452932996273
1317,/Users/soneyeoluwasina/Downloads/Skin/Train/nevus/ISIC_0026729.jpg,0.0014328956604003906,2.842974901199341,0.23502540588378906,463.2471427884955,1.4328956604003906,1.784677505493164,463.8849832261348
1318,/Users/soneyeoluwasina/Downloads/Skin/Train/nevus/ISIC_0028076.jpg,0.001348257064819336,2.8443241119384766,0.2449483871459961,463.3789779680737,1.348257064819336,1.7843389511108398,463.9453888688751
1319,/Users/soneyeoluwasina/Downloads/Skin/Train/nevus/ISIC_0000063.jpg,0.0010418891906738281,2.8453660011291504,0.09436988830566406,463.5607508758347,1.0418891906738281,1.7934179306030273,464.0041879988187
1320,/Users/soneyeoluwasina/Downloads/Skin/Train/nevus/ISIC_0000038.jpg,0.0011429786682128906,2.8465099334716797,0.08968257904052734,463.7257662368642,1.1429786682128906,1.7952394485473633,464.062565536052
1321,/Users/soneyeoluwasina/Downloads/Skin/Train/nevus/ISIC_0000372.jpg,0.0017910003662109375,2.848302125930786,0.31958484649658203,463.78506969948467,1.7910003662109375,1.7343807220458984,464.1308794510993
1322,/Users/soneyeoluwasina/Downloads/Skin/Train/nevus/ISIC_0000366.jpg,0.0016057491302490234,2.849907875061035,0.31091976165771484,463.87464365727516,1.6057491302490234,1.7326784133911133,464.1993642518518
1323,/Users/soneyeoluwasina/Downloads/Skin/Train/nevus/ISIC_0024763.jpg,0.001219034194946289,2.8511269092559814,0.22750186920166016,464.027046886259,1.219034194946289,1.7337799072265625,464.26754850611627
1324,/Users/soneyeoluwasina/Downloads/Skin/Train/nevus/ISIC_0026149.jpg,0.0011949539184570312,2.852323055267334,0.22080326080322266,464.18304460814596,1.1949539184570312,1.740279197692871,464.3345531868617
1325,/Users/soneyeoluwasina/Downloads/Skin/Train/nevus/ISIC_0000367.jpg,0.0020210742950439453,2.854344129562378,0.30976009368896484,464.2047138875109,2.0210742950439453,1.7150545120239258,464.405573927788
1326,/Users/soneyeoluwasina/Downloads/Skin/Train/nevus/ISIC_0000373.jpg,0.0022079944610595703,2.856552839279175,0.3262214660644531,464.19585934724176,2.2079944610595703,1.7165422439575195,464.47624060330213
1327,/Users/soneyeoluwasina/Downloads/Skin/Train/nevus/ISIC_0000039.jpg,0.0008361339569091797,2.857388973236084,0.08191871643066406,464.40999542919434,0.8361339569091797,1.714167594909668,464.5473151531166
1328,/Users/soneyeoluwasina/Downloads/Skin/Train/nevus/ISIC_0026765.jpg,0.0012822151184082031,2.8586721420288086,0.2529172897338867,464.55134902511566,1.2822151184082031,1.7124509811401367,464.6185870517569
1329,/Users/soneyeoluwasina/Downloads/Skin/Train/nevus/ISIC_0028990.jpg,0.0016148090362548828,2.86028790473938,0.2601146697998047,464.63854138525755,1.6148090362548828,1.6993045806884766,464.6919239111831
1330,/Users/soneyeoluwasina/Downloads/Skin/Train/nevus/ISIC_0027447.jpg,0.001783132553100586,2.862071990966797,0.2695140838623047,464.69830395521643,1.783132553100586,1.7032480239868164,464.7645083544199
1331,/Users/soneyeoluwasina/Downloads/Skin/Train/nevus/ISIC_0000239.jpg,0.0011730194091796875,2.863245964050293,0.1312999725341797,464.85702475842936,1.1730194091796875,1.714463233947754,464.835158296451
1332,/Users/soneyeoluwasina/Downloads/Skin/Train/nevus/ISIC_0000365.jpg,0.001661062240600586,2.86490797996521,0.3089313507080078,464.93639911470217,1.661062240600586,1.7293500900268555,464.9033232371133
1333,/Users/soneyeoluwasina/Downloads/Skin/Train/nevus/ISIC_0000403.jpg,0.002115964889526367,2.8670239448547363,0.4433450698852539,464.9420533763764,2.115964889526367,1.7432069778442383,464.9691577500284
1334,/Users/soneyeoluwasina/Downloads/Skin/Train/nevus/ISIC_0000371.jpg,0.0017898082733154297,2.8688149452209473,0.32689952850341797,465.0003661694043,1.7898082733154297,1.738128662109375,465.03571289523364
1335,/Users/soneyeoluwasina/Downloads/Skin/Train/nevus/ISIC_0000359.jpg,0.0017170906066894531,2.8705320358276367,0.3158149719238281,465.0705804142299,1.7170906066894531,1.7377710342407227,465.10223746613343
1336,/Users/soneyeoluwasina/Downloads/Skin/Train/nevus/ISIC_0028370.jpg,0.0013871192932128906,2.871920108795166,0.2639808654785156,465.1939989237659,1.3871192932128906,1.7224502563476562,465.1711334284815
1337,/Users/soneyeoluwasina/Downloads/Skin/Train/nevus/ISIC_0027254.jpg,0.002068042755126953,2.8739891052246094,0.2992696762084961,465.2070523056176,2.068042755126953,1.6102266311645508,465.2583393083169
1338,/Users/soneyeoluwasina/Downloads/Skin/Train/nevus/ISIC_0000358.jpg,0.0018460750579833984,2.8758351802825928,0.3063230514526367,465.2561486046366,1.8460750579833984,1.5903234481811523,465.34867930171606
1339,/Users/soneyeoluwasina/Downloads/Skin/Train/nevus/ISIC_0000416.jpg,0.00237274169921875,2.8782079219818115,0.6049518585205078,465.22003840432126,2.37274169921875,1.579728126525879,465.44064196382067
1340,/Users/soneyeoluwasina/Downloads/Skin/Train/nevus/ISIC_0000370.jpg,0.0016210079193115234,2.879828929901123,0.30906009674072266,465.3054166123708,1.6210079193115234,1.6223907470703125,465.5256323937905
1341,/Users/soneyeoluwasina/Downloads/Skin/Train/nevus/ISIC_0000364.jpg,0.0015480518341064453,2.8813769817352295,0.32585620880126953,465.4024823896594,1.5480518341064453,1.6402339935302734,465.6076711779814
1342,/Users/soneyeoluwasina/Downloads/Skin/Train/nevus/ISIC_0027650.jpg,0.0014400482177734375,2.882817029953003,0.234405517578125,465.51688367883617,1.4400482177734375,1.580214500427246,465.69941430119894
1343,/Users/soneyeoluwasina/Downloads/Skin/Train/nevus/ISIC_0029133.jpg,0.0014090538024902344,2.884226083755493,0.2852363586425781,465.63617448855,1.4090538024902344,1.5951824188232422,465.78865265468926
1344,/Users/soneyeoluwasina/Downloads/Skin/Train/nevus/ISIC_0000238.jpg,0.0012409687042236328,2.885467052459717,0.07382488250732422,465.7824801202658,1.2409687042236328,1.5996932983398438,465.87705929176946
1345,/Users/soneyeoluwasina/Downloads/Skin/Train/nevus/ISIC_0027334.jpg,0.0011360645294189453,2.886604070663452,0.1953420639038086,465.9454386797381,1.1360645294189453,1.6138553619384766,465.96306699554304
1346,/Users/soneyeoluwasina/Downloads/Skin/Train/nevus/ISIC_0027452.jpg,0.0013380050659179688,2.88794207572937,0.2779684066772461,466.0758300216455,1.3380050659179688,1.6225957870483398,466.04755206732
1347,/Users/soneyeoluwasina/Downloads/Skin/Train/nevus/ISIC_0029309.jpg,0.0012149810791015625,2.8891570568084717,0.1443042755126953,466.22595224642214,1.2149810791015625,1.6349554061889648,466.12997922037937
1348,/Users/soneyeoluwasina/Downloads/Skin/Train/nevus/ISIC_0026984.jpg,0.0014269351959228516,2.8905839920043945,0.2460956573486328,466.3417509156228,1.4269351959228516,1.6353797912597656,466.2122435127422
1349,/Users/soneyeoluwasina/Downloads/Skin/Train/nevus/ISIC_0000228.jpg,0.0008370876312255859,2.89142107963562,0.049770355224609375,466.55259225335743,0.8370876312255859,1.6666412353515625,466.28940151010937
1350,/Users/soneyeoluwasina/Downloads/Skin/Train/nevus/ISIC_0027668.jpg,0.0014331340789794922,2.892854928970337,0.30693817138671875,466.66702380423544,1.4331340789794922,1.6736793518066406,466.3653182900466
1351,/Users/soneyeoluwasina/Downloads/Skin/Train/nevus/ISIC_0000348.jpg,0.0015120506286621094,2.8943679332733154,0.2949495315551758,466.7685764719343,1.5120506286621094,1.6505241394042969,466.44485726893305
1352,/Users/soneyeoluwasina/Downloads/Skin/Train/nevus/ISIC_0000360.jpg,0.0017001628875732422,2.896069049835205,0.3395366668701172,466.8396977886051,1.7001628875732422,1.6377449035644531,466.52637749762084
1353,/Users/soneyeoluwasina/Downloads/Skin/Train/nevus/ISIC_0000374.jpg,0.0014679431915283203,2.8975369930267334,0.288238525390625,466.94830929032315,1.4679431915283203,1.6492223739624023,466.6059231748819
1354,/Users/soneyeoluwasina/Downloads/Skin/Train/nevus/ISIC_0027536.jpg,0.001522064208984375,2.899060010910034,0.26879405975341797,467.04793791935697,1.522064208984375,1.657257080078125,466.6840743580339
1355,/Users/soneyeoluwasina/Downloads/Skin/Train/nevus/ISIC_0024771.jpg,0.0016849040985107422,2.900744915008545,0.25305652618408203,467.12139112584066,1.6849040985107422,1.6509628295898438,466.76313565174496
1356,/Users/soneyeoluwasina/Downloads/Skin/Train/nevus/ISIC_0000375.jpg,0.0023550987243652344,2.90310001373291,0.5326604843139648,467.0869048897859,2.3550987243652344,1.6467809677124023,466.8427841637744
1357,/Users/soneyeoluwasina/Downloads/Skin/Train/nevus/ISIC_0000407.jpg,0.002065896987915039,2.905165910720825,0.46988582611083984,467.0989684245962,2.065896987915039,1.652522087097168,466.9214015186509
1358,/Users/soneyeoluwasina/Downloads/Skin/Train/nevus/ISIC_0000361.jpg,0.0012848377227783203,2.906451940536499,0.15622425079345703,467.2363513257777,1.2848377227783203,1.669754981994629,466.9971926577197
1359,/Users/soneyeoluwasina/Downloads/Skin/Train/nevus/ISIC_0000349.jpg,0.0016651153564453125,2.9081180095672607,0.3075742721557617,467.31253529915193,1.6651153564453125,1.6535139083862305,467.0755032584504
1360,/Users/soneyeoluwasina/Downloads/Skin/Train/nevus/ISIC_0000229.jpg,0.0008449554443359375,2.9089629650115967,0.06535625457763672,467.52056191769987,0.8449554443359375,1.6578388214111328,467.1530503937093
1361,/Users/soneyeoluwasina/Downloads/Skin/Train/nevus/ISIC_0028941.jpg,0.0015239715576171875,2.910486936569214,0.3286752700805664,467.6193467490021,1.5239715576171875,1.654219627380371,467.23108467727684
1362,/Users/soneyeoluwasina/Downloads/Skin/Train/nevus/ISIC_0028558.jpg,0.0011620521545410156,2.911648988723755,0.19272422790527344,467.7761657654335,1.1620521545410156,1.6545581817626953,467.3089594337526
1363,/Users/soneyeoluwasina/Downloads/Skin/Train/nevus/ISIC_0026575.jpg,0.0013701915740966797,2.9130191802978516,0.2620115280151367,467.89942518011003,1.3701915740966797,1.6516923904418945,467.3872301070836
1364,/Users/soneyeoluwasina/Downloads/Skin/Train/nevus/ISIC_0000439.jpg,0.0032799243927001953,2.916300058364868,0.8257360458374023,467.7159320720849,3.2799243927001953,1.645674705505371,467.46637893597193
1365,/Users/soneyeoluwasina/Downloads/Skin/Train/nevus/ISIC_0000377.jpg,0.002576112747192383,2.918877124786377,0.5029802322387695,467.6455848068287,2.576112747192383,1.622939109802246,467.54908585124195
1366,/Users/soneyeoluwasina/Downloads/Skin/Train/nevus/ISIC_0000363.jpg,0.0016970634460449219,2.920574903488159,0.31685924530029297,467.7161330012566,1.6970634460449219,1.6224336624145508,467.6317770330385
1367,/Users/soneyeoluwasina/Downloads/Skin/Train/nevus/ISIC_0000388.jpg,0.0021812915802001953,2.922757148742676,0.48027992248535156,467.7090604630159,2.1812915802001953,1.6139888763427734,467.71570666141145
1368,/Users/soneyeoluwasina/Downloads/Skin/Train/nevus/ISIC_0026171.jpg,0.001573801040649414,2.924330949783325,0.3067808151245117,467.79930982208435,1.573801040649414,1.6199111938476562,467.7985946150812
1369,/Users/soneyeoluwasina/Downloads/Skin/Train/nevus/ISIC_0028820.jpg,0.0017499923706054688,2.926081895828247,0.25216102600097656,467.8611360645104,1.7499923706054688,1.6261720657348633,467.8803839397541
1370,/Users/soneyeoluwasina/Downloads/Skin/Train/nevus/ISIC_0029041.jpg,0.0015799999237060547,2.9276630878448486,0.27156925201416016,467.95001982571125,1.5799999237060547,1.6357135772705078,467.9605441684749
1371,/Users/soneyeoluwasina/Downloads/Skin/Train/nevus/ISIC_0000389.jpg,0.0024089813232421875,2.9300730228424072,0.619110107421875,467.90642735245535,2.4089813232421875,1.6457700729370117,468.03899203331406
1372,/Users/soneyeoluwasina/Downloads/Skin/Train/nevus/ISIC_0000362.jpg,0.0016269683837890625,2.9316999912261963,0.31243038177490234,467.9878582754148,1.6269683837890625,1.6489553451538086,468.1168252823092
1373,/Users/soneyeoluwasina/Downloads/Skin/Train/nevus/ISIC_0000376.jpg,0.002782106399536133,2.9344820976257324,0.6807546615600586,467.88494675461953,2.782106399536133,1.6622495651245117,468.1924376881026
1374,/Users/soneyeoluwasina/Downloads/Skin/Train/nevus/ISIC_0026212.jpg,0.0015468597412109375,2.9360299110412598,0.2844886779785156,467.9788836050081,1.5468597412109375,1.657094955444336,468.2687640242532
1375,/Users/soneyeoluwasina/Downloads/Skin/Train/nevus/ISIC_0000028.jpg,0.0008633136749267578,2.936894178390503,0.09356403350830078,468.1816628318345,0.8633136749267578,1.6789531707763672,468.34149594235254
1376,/Users/soneyeoluwasina/Downloads/Skin/Train/basal cell carcinoma/ISIC_0025299.jpg,0.0015690326690673828,2.9384639263153076,0.16939830780029297,468.27187078162905,1.5690326690673828,1.6800498962402344,468.4139542472835
1377,/Users/soneyeoluwasina/Downloads/Skin/Train/basal cell carcinoma/ISIC_0025266.jpg,0.0014100074768066406,2.9398748874664307,0.27057361602783203,468.3872792922462,1.4100074768066406,1.6841316223144531,468.4853990170896
1378,/Users/soneyeoluwasina/Downloads/Skin/Train/basal cell carcinoma/ISIC_0028583.jpg,0.001683950424194336,2.9415600299835205,0.30020809173583984,468.4589081827169,1.683950424194336,1.6800498962402344,468.55741005524897
1379,/Users/soneyeoluwasina/Downloads/Skin/Train/basal cell carcinoma/ISIC_0028568.jpg,0.0013000965118408203,2.9428610801696777,0.22513961791992188,468.59160607081407,1.3000965118408203,1.6869068145751953,468.6282393618746
1380,/Users/soneyeoluwasina/Downloads/Skin/Train/basal cell carcinoma/ISIC_0029919.jpg,0.0015740394592285156,2.9444351196289062,0.2641143798828125,468.6807295566847,1.5740394592285156,1.6817474365234375,468.6997929605209
1381,/Users/soneyeoluwasina/Downloads/Skin/Train/basal cell carcinoma/ISIC_0027920.jpg,0.0014600753784179688,2.945895195007324,0.2792177200317383,468.78789250225395,1.4600753784179688,1.6745328903198242,468.77237168801116
1382,/Users/soneyeoluwasina/Downloads/Skin/Train/basal cell carcinoma/ISIC_0026343.jpg,0.002522706985473633,2.948417901992798,0.43791770935058594,468.7259560681421,2.522706985473633,1.6628742218017578,468.8467441873631
1383,/Users/soneyeoluwasina/Downloads/Skin/Train/basal cell carcinoma/ISIC_0031171.jpg,0.0013039112091064453,2.9497230052948,0.2234210968017578,468.85758341291466,1.3039112091064453,1.6440391540527344,468.9240268652935
1384,/Users/soneyeoluwasina/Downloads/Skin/Train/basal cell carcinoma/ISIC_0024795.jpg,0.002006053924560547,2.9517290592193604,0.2802753448486328,468.87772293234275,2.006053924560547,1.647639274597168,469.0006369389997
1385,/Users/soneyeoluwasina/Downloads/Skin/Train/basal cell carcinoma/ISIC_0030737.jpg,0.0015361309051513672,2.953266143798828,0.2572956085205078,468.9722945926082,1.5361309051513672,1.6483592987060547,469.0770518713884
1386,/Users/soneyeoluwasina/Downloads/Skin/Train/basal cell carcinoma/ISIC_0031400.jpg,0.0014040470123291016,2.9546711444854736,0.21498775482177734,469.08773674755537,1.4040470123291016,1.6638374328613281,469.15088935038
1387,/Users/soneyeoluwasina/Downloads/Skin/Train/basal cell carcinoma/ISIC_0029515.jpg,0.001924753189086914,2.9565958976745605,0.3080272674560547,469.1205859721687,1.924753189086914,1.664719581604004,469.2244953868735
1388,/Users/soneyeoluwasina/Downloads/Skin/Train/basal cell carcinoma/ISIC_0026154.jpg,0.0015451908111572266,2.9581410884857178,0.2629117965698242,469.213590049054,1.5451908111572266,1.662440299987793,469.29834136489757
1389,/Users/soneyeoluwasina/Downloads/Skin/Train/basal cell carcinoma/ISIC_0024743.jpg,0.0012359619140625,2.9593780040740967,0.18729877471923828,469.355384167822,1.2359619140625,1.660475730895996,469.37239129383204
1390,/Users/soneyeoluwasina/Downloads/Skin/Train/basal cell carcinoma/ISIC_0029501.jpg,0.0015957355499267578,2.960974931716919,0.23055553436279297,469.43997570219534,1.5957355499267578,1.6320991516113281,469.4509239783345
1391,/Users/soneyeoluwasina/Downloads/Skin/Train/basal cell carcinoma/ISIC_0026829.jpg,0.0011258125305175781,2.962101936340332,0.11251068115234375,469.59896380830713,1.1258125305175781,1.6054153442382812,469.5336259860269
1392,/Users/soneyeoluwasina/Downloads/Skin/Train/basal cell carcinoma/ISIC_0026395.jpg,0.0017361640930175781,2.9638381004333496,0.24029064178466797,469.6612813623229,1.7361640930175781,1.6026115417480469,469.61668652076884
1393,/Users/soneyeoluwasina/Downloads/Skin/Train/basal cell carcinoma/ISIC_0024582.jpg,0.001722097396850586,2.9655609130859375,0.24966144561767578,469.7256407221985,1.722097396850586,1.5936088562011719,469.7011082659153
1394,/Users/soneyeoluwasina/Downloads/Skin/Train/basal cell carcinoma/ISIC_0026593.jpg,0.0017180442810058594,2.967280149459839,0.27585506439208984,469.7904915563037,1.7180442810058594,1.5896320343017578,469.78605972436657
1395,/Users/soneyeoluwasina/Downloads/Skin/Train/basal cell carcinoma/ISIC_0028964.jpg,0.0016388893127441406,2.9689199924468994,0.2527627944946289,469.8678319216951,1.6388893127441406,1.5779304504394531,469.8727665244057
1396,/Users/soneyeoluwasina/Downloads/Skin/Train/basal cell carcinoma/ISIC_0026988.jpg,0.0014972686767578125,2.9704182147979736,0.27371978759765625,469.96749247140804,1.4972686767578125,1.5706491470336914,469.9605248669271
1397,/Users/soneyeoluwasina/Downloads/Skin/Train/basal cell carcinoma/ISIC_0025932.jpg,0.0018796920776367188,2.9722988605499268,0.3159446716308594,470.0065725360911,1.8796920776367188,1.5543270111083984,470.05079855213427
1398,/Users/soneyeoluwasina/Downloads/Skin/Train/basal cell carcinoma/ISIC_0031166.jpg,0.0011692047119140625,2.973468065261841,0.2509622573852539,470.1580677231499,1.1692047119140625,1.5499687194824219,470.141662614847
1399,/Users/soneyeoluwasina/Downloads/Skin/Train/basal cell carcinoma/ISIC_0027704.jpg,0.0019299983978271484,2.975398063659668,0.26752758026123047,470.18918815832785,1.9299983978271484,1.5179061889648438,470.23752424615145
1400,/Users/soneyeoluwasina/Downloads/Skin/Train/basal cell carcinoma/ISIC_0031614.jpg,0.0014879703521728516,2.9768869876861572,0.2599639892578125,470.28993905078573,1.4879703521728516,1.5171098709106445,470.3334171819639
1401,/Users/soneyeoluwasina/Downloads/Skin/Train/basal cell carcinoma/ISIC_0028147.jpg,0.0017161369323730469,2.9786911010742188,0.2930421829223633,470.34081496223325,1.7161369323730469,1.525125503540039,470.42792517514914
1402,/Users/soneyeoluwasina/Downloads/Skin/Train/basal cell carcinoma/ISIC_0028807.jpg,0.0014960765838623047,2.980187177658081,0.2606964111328125,470.4402496965754,1.4960765838623047,1.5174102783203125,470.5235488304201
1403,/Users/soneyeoluwasina/Downloads/Skin/Train/basal cell carcinoma/ISIC_0028350.jpg,0.0018107891082763672,2.981998920440674,0.24354934692382812,470.48977462160434,1.8107891082763672,1.5259027481079102,470.61773663211125
1404,/Users/soneyeoluwasina/Downloads/Skin/Train/basal cell carcinoma/ISIC_0026433.jpg,0.0012640953063964844,2.9832630157470703,0.20940303802490234,470.6256178516696,1.2640953063964844,1.5166664123535156,470.7132846227271
1405,/Users/soneyeoluwasina/Downloads/Skin/Train/basal cell carcinoma/ISIC_0024595.jpg,0.0013241767883300781,2.9845969676971436,0.22130584716796875,470.7503275003561,1.3241767883300781,1.5190839767456055,470.80834483837185
1406,/Users/soneyeoluwasina/Downloads/Skin/Train/basal cell carcinoma/ISIC_0031007.jpg,0.001772165298461914,2.9863710403442383,0.2353982925415039,470.8055298573786,1.772165298461914,1.5187597274780273,470.90336144198716
1407,/Users/soneyeoluwasina/Downloads/Skin/Train/basal cell carcinoma/ISIC_0028556.jpg,0.0011241436004638672,2.987495183944702,0.18027400970458984,470.9631023211193,1.1241436004638672,1.527261734008789,470.9969431464008
1408,/Users/soneyeoluwasina/Downloads/Skin/Train/basal cell carcinoma/ISIC_0028542.jpg,0.00146484375,2.988960027694702,0.25937843322753906,471.0668550110887,1.46484375,1.5027475357055664,471.0943132055856
1409,/Users/soneyeoluwasina/Downloads/Skin/Train/basal cell carcinoma/ISIC_0025700.jpg,0.0017011165618896484,2.990661144256592,0.2878904342651367,471.1332819185854,1.7011165618896484,1.5017890930175781,471.19172958444256
1410,/Users/soneyeoluwasina/Downloads/Skin/Train/basal cell carcinoma/ISIC_0027117.jpg,0.0016188621520996094,2.992280960083008,0.2927417755126953,471.2124358672809,1.6188621520996094,1.4878463745117188,471.2912540593313
1411,/Users/soneyeoluwasina/Downloads/Skin/Train/basal cell carcinoma/ISIC_0029847.jpg,0.0015680789947509766,2.993849039077759,0.30085086822509766,471.2996485736809,1.5680789947509766,1.484084129333496,471.3912704039062
1412,/Users/soneyeoluwasina/Downloads/Skin/Train/basal cell carcinoma/ISIC_0027473.jpg,0.0010480880737304688,2.9948980808258057,0.12199020385742188,471.4684646666369,1.0480880737304688,1.4770174026489258,471.49228912590786
1413,/Users/soneyeoluwasina/Downloads/Skin/Train/basal cell carcinoma/ISIC_0024634.jpg,0.001271963119506836,2.996170997619629,0.25873851776123047,471.6019216268322,1.271963119506836,1.4648675918579102,471.59512900807647
1414,/Users/soneyeoluwasina/Downloads/Skin/Train/basal cell carcinoma/ISIC_0029489.jpg,0.0018610954284667969,2.998033046722412,0.2312307357788086,471.64256629720944,1.8610954284667969,1.4579057693481445,471.6989609169424
1415,/Users/soneyeoluwasina/Downloads/Skin/Train/basal cell carcinoma/ISIC_0028973.jpg,0.001241922378540039,2.999274969100952,0.1741628646850586,471.7806851914459,1.241922378540039,1.4636659622192383,471.8017808531966
1416,/Users/soneyeoluwasina/Downloads/Skin/Train/basal cell carcinoma/ISIC_0025260.jpg,0.0015568733215332031,3.0008318424224854,0.3121986389160156,471.86915973835573,1.5568733215332031,1.462569236755371,471.9046780815451
1417,/Users/soneyeoluwasina/Downloads/Skin/Train/basal cell carcinoma/ISIC_0029466.jpg,0.0017311573028564453,3.002562999725342,0.35787200927734375,471.9301477203374,1.7311573028564453,1.4666509628295898,472.0068257423684
1418,/Users/soneyeoluwasina/Downloads/Skin/Train/basal cell carcinoma/ISIC_0029857.jpg,0.001374959945678711,3.003938913345337,0.21623516082763672,472.04688274464417,1.374959945678711,1.4564323425292969,472.1104824261849
1419,/Users/soneyeoluwasina/Downloads/Skin/Train/basal cell carcinoma/ISIC_0027846.jpg,0.0011649131774902344,3.0051050186157227,0.18642711639404297,472.19647606646737,1.1649131774902344,1.4490509033203125,472.2152025121764
1420,/Users/soneyeoluwasina/Downloads/Skin/Train/basal cell carcinoma/ISIC_0027675.jpg,0.0012159347534179688,3.006322145462036,0.19821739196777344,472.33793695178423,1.2159347534179688,1.438608169555664,472.32146525879114
1421,/Users/soneyeoluwasina/Downloads/Skin/Train/basal cell carcinoma/ISIC_0030335.jpg,0.001592874526977539,3.00791597366333,0.26799964904785156,472.42011161281516,1.592874526977539,1.4412927627563477,472.42721756139684
1422,/Users/soneyeoluwasina/Downloads/Skin/Train/basal cell carcinoma/ISIC_0025102.jpg,0.0014090538024902344,3.0093259811401367,0.27040672302246094,472.5310614110506,1.4090538024902344,1.4371871948242188,472.53351182431527
1423,/Users/soneyeoluwasina/Downloads/Skin/Train/basal cell carcinoma/ISIC_0024787.jpg,0.0011789798736572266,3.0105059146881104,0.19962692260742188,472.6780283198425,1.1789798736572266,1.420292854309082,472.64236343867464
1424,/Users/soneyeoluwasina/Downloads/Skin/Train/basal cell carcinoma/ISIC_0030094.jpg,0.0015070438385009766,3.0120129585266113,0.2370147705078125,472.7735303956259,1.5070438385009766,1.435084342956543,472.7487887308518
1425,/Users/soneyeoluwasina/Downloads/Skin/Train/basal cell carcinoma/ISIC_0031407.jpg,0.0012640953063964844,3.013277053833008,0.15101242065429688,472.9070624910987,1.2640953063964844,1.4219856262207031,472.8571763391561
1426,/Users/soneyeoluwasina/Downloads/Skin/Train/basal cell carcinoma/ISIC_0031413.jpg,0.0011832714080810547,3.014461040496826,0.20777225494384766,473.0530535451786,1.1832714080810547,1.4168262481689453,472.96626918591494
1427,/Users/soneyeoluwasina/Downloads/Skin/Train/basal cell carcinoma/ISIC_0025467.jpg,0.0018346309661865234,3.016296863555908,0.2939491271972656,473.09666937680385,1.8346309661865234,1.4092779159545898,473.07672248020225
1428,/Users/soneyeoluwasina/Downloads/Skin/Train/basal cell carcinoma/ISIC_0025301.jpg,0.0012221336364746094,3.017519950866699,0.24232196807861328,473.2363077135071,1.2221336364746094,1.4015007019042969,473.18828917619453
1429,/Users/soneyeoluwasina/Downloads/Skin/Train/basal cell carcinoma/ISIC_0026350.jpg,0.0014209747314453125,3.01894211769104,0.25546836853027344,473.3446168530498,1.4209747314453125,1.4021682739257812,473.2996627662285
1430,/Users/soneyeoluwasina/Downloads/Skin/Train/basal cell carcinoma/ISIC_0030526.jpg,0.0015578269958496094,3.0204999446868896,0.259429931640625,473.43155973745144,1.5578269958496094,1.3974618911743164,473.4116588891608
1431,/Users/soneyeoluwasina/Downloads/Skin/Train/basal cell carcinoma/ISIC_0024590.jpg,0.0018851757049560547,3.022386074066162,0.20368671417236328,473.4669777229375,1.8851757049560547,1.3920783996582031,473.5244191262721
1432,/Users/soneyeoluwasina/Downloads/Skin/Train/basal cell carcinoma/ISIC_0030452.jpg,0.0012969970703125,3.023684024810791,0.24535274505615234,473.59445902738076,1.2969970703125,1.3897371292114258,473.6374567449098
1433,/Users/soneyeoluwasina/Downloads/Skin/Train/basal cell carcinoma/ISIC_0026230.jpg,0.0012559890747070312,3.024940013885498,0.24096393585205078,473.72840235576416,1.2559890747070312,1.3985347747802734,473.74900674348186
1434,/Users/soneyeoluwasina/Downloads/Skin/Train/basal cell carcinoma/ISIC_0025711.jpg,0.0013089179992675781,3.0262489318847656,0.18654918670654297,473.8539466767846,1.3089179992675781,1.3924789428710938,473.8613966056691
1435,/Users/soneyeoluwasina/Downloads/Skin/Train/basal cell carcinoma/ISIC_0029856.jpg,0.0013480186462402344,3.0275979042053223,0.21679306030273438,473.97311182135195,1.3480186462402344,1.382899284362793,473.97518634671593
1436,/Users/soneyeoluwasina/Downloads/Skin/Train/basal cell carcinoma/ISIC_0030644.jpg,0.001050710678100586,3.0286498069763184,0.1321268081665039,474.1386728476358,1.050710678100586,1.374678611755371,474.09016085443443
1437,/Users/soneyeoluwasina/Downloads/Skin/Train/basal cell carcinoma/ISIC_0025513.jpg,0.0013172626495361328,3.0299670696258545,0.24886226654052734,474.2625800805958,1.3172626495361328,1.373276710510254,474.20525198684516
1438,/Users/soneyeoluwasina/Downloads/Skin/Train/basal cell carcinoma/ISIC_0028989.jpg,0.0011970996856689453,3.0311641693115234,0.1505746841430664,474.40518549235054,1.1970996856689453,1.3793325424194336,474.31928774549675
1439,/Users/soneyeoluwasina/Downloads/Skin/Train/basal cell carcinoma/ISIC_0028035.jpg,0.0015239715576171875,3.032689094543457,0.26898765563964844,474.49638098053305,1.5239715576171875,1.3861370086669922,474.4321595809378
1440,/Users/soneyeoluwasina/Downloads/Skin/Train/basal cell carcinoma/ISIC_0028747.jpg,0.0015408992767333984,3.034230947494507,0.3047447204589844,474.58483711962305,1.5408992767333984,1.3785934448242188,474.5461184426653
1441,/Users/soneyeoluwasina/Downloads/Skin/Train/basal cell carcinoma/ISIC_0027851.jpg,0.0013298988342285156,3.0355608463287354,0.27752017974853516,474.7063468494702,1.3298988342285156,1.383671760559082,474.65917516924213
1442,/Users/soneyeoluwasina/Downloads/Skin/Train/basal cell carcinoma/ISIC_0029129.jpg,0.0012252330780029297,3.0367860794067383,0.21548843383789062,474.84411555314654,1.2252330780029297,1.376495361328125,474.77325102153486
1443,/Users/soneyeoluwasina/Downloads/Skin/Train/basal cell carcinoma/ISIC_0028419.jpg,0.0013530254364013672,3.038140058517456,0.2259674072265625,474.96164502177413,1.3530254364013672,1.3768720626831055,474.8871736860876
1444,/Users/soneyeoluwasina/Downloads/Skin/Train/basal cell carcinoma/ISIC_0027058.jpg,0.0011959075927734375,3.039336919784546,0.17496967315673828,475.1036288870413,1.1959075927734375,1.3718128204345703,475.00177593788084
1445,/Users/soneyeoluwasina/Downloads/Skin/Train/basal cell carcinoma/ISIC_0030915.jpg,0.0017731189727783203,3.041110038757324,0.26830005645751953,475.1554470519798,1.7731189727783203,1.378636360168457,475.11520855263404
1446,/Users/soneyeoluwasina/Downloads/Skin/Train/basal cell carcinoma/ISIC_0028814.jpg,0.0012919902801513672,3.042402982711792,0.21610641479492188,475.28220561732866,1.2919902801513672,1.3741397857666016,475.229232539571
1447,/Users/soneyeoluwasina/Downloads/Skin/Train/basal cell carcinoma/ISIC_0029539.jpg,0.0010349750518798828,3.043437957763672,0.12765884399414062,475.4491532540589,1.0349750518798828,1.3715410232543945,475.34356757062335
1448,/Users/soneyeoluwasina/Downloads/Skin/Train/basal cell carcinoma/ISIC_0028155.jpg,0.0019087791442871094,3.0453479290008545,0.29374217987060547,475.47933233201144,1.9087791442871094,1.3798809051513672,475.4565051050104
1449,/Users/soneyeoluwasina/Downloads/Skin/Train/basal cell carcinoma/ISIC_0029263.jpg,0.0012750625610351562,3.0466229915618896,0.21830463409423828,475.6085685735444,1.2750625610351562,1.3892555236816406,475.56787687884605
1450,/Users/soneyeoluwasina/Downloads/Skin/Train/basal cell carcinoma/ISIC_0028168.jpg,0.001230001449584961,3.047853946685791,0.2305459976196289,475.74458138872336,1.230001449584961,1.3922595977783203,475.67868481480343
1451,/Users/soneyeoluwasina/Downloads/Skin/Train/basal cell carcinoma/ISIC_0024949.jpg,0.0013387203216552734,3.049193859100342,0.1809396743774414,475.863479676597,1.3387203216552734,1.3945531845092773,475.7890251338256
1452,/Users/soneyeoluwasina/Downloads/Skin/Train/basal cell carcinoma/ISIC_0028815.jpg,0.0011072158813476562,3.0503010749816895,0.18022441864013672,476.0185844961931,1.1072158813476562,1.3981103897094727,475.8987036487708
1453,/Users/soneyeoluwasina/Downloads/Skin/Train/basal cell carcinoma/ISIC_0030096.jpg,0.001844167709350586,3.0521461963653564,0.21249103546142578,476.05845412329944,1.844167709350586,1.391592025756836,476.009311747743
1454,/Users/soneyeoluwasina/Downloads/Skin/Train/basal cell carcinoma/ISIC_0026192.jpg,0.0010287761688232422,3.053175926208496,0.13091659545898438,476.2254239982858,1.0287761688232422,1.3919925689697266,476.1197501933685
1455,/Users/soneyeoluwasina/Downloads/Skin/Train/basal cell carcinoma/ISIC_0028197.jpg,0.001055002212524414,3.0542309284210205,0.12709903717041016,476.38833935592663,1.055002212524414,1.392512321472168,476.23000910499786
1456,/Users/soneyeoluwasina/Downloads/Skin/Train/basal cell carcinoma/ISIC_0024550.jpg,0.0016551017761230469,3.05588698387146,0.26270484924316406,476.457410789261,1.6551017761230469,1.3857126235961914,476.34122722705087
1457,/Users/soneyeoluwasina/Downloads/Skin/Train/basal cell carcinoma/ISIC_0031175.jpg,0.00156402587890625,3.0574519634246826,0.24740982055664062,476.5406022497242,1.56402587890625,1.376028060913086,476.4538653185262
1458,/Users/soneyeoluwasina/Downloads/Skin/Train/basal cell carcinoma/ISIC_0027677.jpg,0.0011620521545410156,3.05861496925354,0.2310028076171875,476.6863481204459,1.1620521545410156,1.3846492767333984,476.5650636147607
1459,/Users/soneyeoluwasina/Downloads/Skin/Train/basal cell carcinoma/ISIC_0024632.jpg,0.0012221336364746094,3.0598371028900146,0.21195602416992188,476.8227689709283,1.2221336364746094,1.390371322631836,476.6752705605649
1460,/Users/soneyeoluwasina/Downloads/Skin/Train/basal cell carcinoma/ISIC_0030690.jpg,0.0012078285217285156,3.0610458850860596,0.21628093719482422,476.9611612532077,1.2078285217285156,1.3870906829833984,476.7858825071699
1461,/Users/soneyeoluwasina/Downloads/Skin/Train/basal cell carcinoma/ISIC_0024829.jpg,0.0014979839324951172,3.06254506111145,0.2663383483886719,477.0542051942178,1.4979839324951172,1.3831138610839844,476.8970115913963
1462,/Users/soneyeoluwasina/Downloads/Skin/Train/basal cell carcinoma/ISIC_0026970.jpg,0.0013508796691894531,3.0638959407806396,0.20146560668945312,477.17025259921263,1.3508796691894531,1.3840818405151367,477.0078798400631
1463,/Users/soneyeoluwasina/Downloads/Skin/Train/basal cell carcinoma/ISIC_0030813.jpg,0.0016121864318847656,3.0655081272125244,0.22043132781982422,477.24551339888643,1.6121864318847656,1.3924837112426758,477.11734283748774
1464,/Users/soneyeoluwasina/Downloads/Skin/Train/basal cell carcinoma/ISIC_0028084.jpg,0.001483917236328125,3.066992998123169,0.2290029525756836,477.34050938358433,1.483917236328125,1.4031362533569336,477.22504828569794
1465,/Users/soneyeoluwasina/Downloads/Skin/Train/basal cell carcinoma/ISIC_0031258.jpg,0.0014958381652832031,3.0684900283813477,0.2131214141845703,477.43352152028956,1.4958381652832031,1.4106369018554688,477.3314996676077
1466,/Users/soneyeoluwasina/Downloads/Skin/Train/basal cell carcinoma/ISIC_0026056.jpg,0.0011980533599853516,3.069688081741333,0.17299175262451172,477.57295235299165,1.1980533599853516,1.4078617095947266,477.43828621594844
1467,/Users/soneyeoluwasina/Downloads/Skin/Train/basal cell carcinoma/ISIC_0027189.jpg,0.0017499923706054688,3.071439027786255,0.23699569702148438,477.62628094797077,1.7499923706054688,1.4024019241333008,477.5458128919192
1468,/Users/soneyeoluwasina/Downloads/Skin/Train/basal cell carcinoma/ISIC_0025826.jpg,0.0011219978332519531,3.0725631713867188,0.1480550765991211,477.77699533430837,1.1219978332519531,1.406712532043457,477.6525687380705
1469,/Users/soneyeoluwasina/Downloads/Skin/Train/basal cell carcinoma/ISIC_0030230.jpg,0.0015060901641845703,3.0740699768066406,0.23453330993652344,477.86810680412833,1.5060901641845703,1.4136552810668945,477.75815521741583
1470,/Users/soneyeoluwasina/Downloads/Skin/Train/basal cell carcinoma/ISIC_0025601.jpg,0.0009911060333251953,3.0750620365142822,0.12086200714111328,478.03913629863206,0.9911060333251953,1.4190196990966797,477.8628079803868
1471,/Users/soneyeoluwasina/Downloads/Skin/Train/basal cell carcinoma/ISIC_0028457.jpg,0.0014629364013671875,3.0765249729156494,0.2658052444458008,478.1368631654306,1.4629364013671875,1.4200735092163086,477.9672118709742
1472,/Users/soneyeoluwasina/Downloads/Skin/Train/basal cell carcinoma/ISIC_0031489.jpg,0.0018260478973388672,3.0783519744873047,0.23232078552246094,478.17793813040487,1.8260478973388672,1.420135498046875,478.07150793809075
1473,/Users/soneyeoluwasina/Downloads/Skin/Train/basal cell carcinoma/ISIC_0026687.jpg,0.0016477108001708984,3.080000877380371,0.2558097839355469,478.24661701162523,1.6477108001708984,1.4308929443359375,478.1740295945137
1474,/Users/soneyeoluwasina/Downloads/Skin/Train/basal cell carcinoma/ISIC_0025417.jpg,0.001657247543334961,3.081658124923706,0.31007862091064453,478.31392719349503,1.657247543334961,1.4223003387451172,478.2778003865096
1475,/Users/soneyeoluwasina/Downloads/Skin/Train/basal cell carcinoma/ISIC_0027229.jpg,0.001378774642944336,3.083038806915283,0.25212860107421875,478.42407844220514,1.378774642944336,1.4235353469848633,478.3812793080729
1476,/Users/soneyeoluwasina/Downloads/Skin/Train/basal cell carcinoma/ISIC_0030755.jpg,0.0013611316680908203,3.0844011306762695,0.26816558837890625,478.53697929243725,1.3611316680908203,1.4365148544311523,478.48265371990755
1477,/Users/soneyeoluwasina/Downloads/Skin/Train/basal cell carcinoma/ISIC_0030782.jpg,0.0015087127685546875,3.085909843444824,0.26321887969970703,478.6270743254164,1.5087127685546875,1.439204216003418,478.5833964497564
1478,/Users/soneyeoluwasina/Downloads/Skin/Train/basal cell carcinoma/ISIC_0027759.jpg,0.0012421607971191406,3.087153196334839,0.24604225158691406,478.75822999478163,1.2421607971191406,1.4429187774658203,478.68345669123084
1479,/Users/soneyeoluwasina/Downloads/Skin/Train/basal cell carcinoma/ISIC_0026321.jpg,0.0014469623565673828,3.0886011123657227,0.28313541412353516,478.85756243452096,1.4469623565673828,1.431894302368164,478.7851364093125
1480,/Users/soneyeoluwasina/Downloads/Skin/Train/basal cell carcinoma/ISIC_0026453.jpg,0.0012178421020507812,3.0898189544677734,0.22278213500976562,478.9924658401005,1.2178421020507812,1.4455175399780273,478.8846081707094
1481,/Users/soneyeoluwasina/Downloads/Skin/Train/basal cell carcinoma/ISIC_0028495.jpg,0.0014009475708007812,3.091219902038574,0.3083209991455078,479.0988822967015,1.4009475708007812,1.4541196823120117,478.9826438626008
1482,/Users/soneyeoluwasina/Downloads/Skin/Train/basal cell carcinoma/ISIC_0030594.jpg,0.001728057861328125,3.0929489135742188,0.28699493408203125,479.15437383910665,1.728057861328125,1.4549779891967773,479.0804664100567
1483,/Users/soneyeoluwasina/Downloads/Skin/Train/basal cell carcinoma/ISIC_0026282.jpg,0.0015420913696289062,3.0944910049438477,0.3005962371826172,479.238749645973,1.5420913696289062,1.4444971084594727,479.17981354307574
1484,/Users/soneyeoluwasina/Downloads/Skin/Train/basal cell carcinoma/ISIC_0025576.jpg,0.0011448860168457031,3.0956358909606934,0.2155017852783203,479.38454400703387,1.1448860168457031,1.4478397369384766,479.27854520494685
1485,/Users/soneyeoluwasina/Downloads/Skin/Train/basal cell carcinoma/ISIC_0028085.jpg,0.0011491775512695312,3.096785068511963,0.20829391479492188,479.529566032672,1.1491775512695312,1.4526605606079102,479.3764316282534
1486,/Users/soneyeoluwasina/Downloads/Skin/Train/basal cell carcinoma/ISIC_0026902.jpg,0.0010991096496582031,3.0978851318359375,0.2039327621459961,479.682085280978,1.0991096496582031,1.4568614959716797,479.4735701777718
1487,/Users/soneyeoluwasina/Downloads/Skin/Train/basal cell carcinoma/ISIC_0031298.jpg,0.001737356185913086,3.099623203277588,0.21955585479736328,479.735729951829,1.737356185913086,1.4483213424682617,479.57193176867406
1488,/Users/soneyeoluwasina/Downloads/Skin/Train/basal cell carcinoma/ISIC_0029372.jpg,0.001729726791381836,3.101353883743286,0.2711000442504883,479.7904579028586,1.729726791381836,1.4476203918457031,479.6703021611601
1489,/Users/soneyeoluwasina/Downloads/Skin/Train/basal cell carcinoma/ISIC_0030145.jpg,0.0018990039825439453,3.1032538414001465,0.2980012893676758,479.81895007602185,1.8990039825439453,1.4355802536010742,479.7704376252072
1490,/Users/soneyeoluwasina/Downloads/Skin/Train/basal cell carcinoma/ISIC_0028050.jpg,0.001402139663696289,3.1046571731567383,0.22678565979003906,479.92416453666124,1.402139663696289,1.4370441436767578,479.8702602082426
1491,/Users/soneyeoluwasina/Downloads/Skin/Train/basal cell carcinoma/ISIC_0029831.jpg,0.0010569095611572266,3.105715036392212,0.1232147216796875,480.08268064800836,1.0569095611572266,1.4323854446411133,479.97071196999445
1492,/Users/soneyeoluwasina/Downloads/Skin/Train/basal cell carcinoma/ISIC_0029602.jpg,0.0014407634735107422,3.1071557998657227,0.2115182876586914,480.1819078607122,1.4407634735107422,1.4342021942138672,480.0707797626637
1493,/Users/soneyeoluwasina/Downloads/Skin/Train/basal cell carcinoma/ISIC_0027175.jpg,0.0017001628875732422,3.108855962753296,0.2249612808227539,480.24096898904077,1.7001628875732422,1.4236211776733398,480.1723916558104
1494,/Users/soneyeoluwasina/Downloads/Skin/Train/basal cell carcinoma/ISIC_0029951.jpg,0.0014641284942626953,3.110321044921875,0.22022533416748047,480.33626703558707,1.4641284942626953,1.4280414581298828,480.2732266327505
1495,/Users/soneyeoluwasina/Downloads/Skin/Train/basal cell carcinoma/ISIC_0030233.jpg,0.0018258094787597656,3.112147808074951,0.23203277587890625,480.37564158135103,1.8258094787597656,1.4301204681396484,480.3736549376326
1496,/Users/soneyeoluwasina/Downloads/Skin/Train/basal cell carcinoma/ISIC_0026337.jpg,0.0012950897216796875,3.113442897796631,0.2349996566772461,480.4970089731571,1.2950897216796875,1.4364957809448242,480.4729980941504
1497,/Users/soneyeoluwasina/Downloads/Skin/Train/basal cell carcinoma/ISIC_0028871.jpg,0.0015728473663330078,3.1150169372558594,0.24471473693847656,480.5752360752061,1.5728473663330078,1.434774398803711,480.5725109386412
1498,/Users/soneyeoluwasina/Downloads/Skin/Train/basal cell carcinoma/ISIC_0030964.jpg,0.0014791488647460938,3.116497039794922,0.2309865951538086,480.66787193180664,1.4791488647460938,1.430673599243164,480.6725792605502
1499,/Users/soneyeoluwasina/Downloads/Skin/Train/basal cell carcinoma/ISIC_0028858.jpg,0.001336812973022461,3.1178338527679443,0.19985008239746094,480.78251465170945,1.336812973022461,1.4258384704589844,480.77330619395946
1500,/Users/soneyeoluwasina/Downloads/Skin/Train/basal cell carcinoma/ISIC_0025617.jpg,0.001878976821899414,3.1197140216827393,0.28568077087402344,480.8133019804541,1.878976821899414,1.4315366744995117,480.8730762818671
1501,/Users/soneyeoluwasina/Downloads/Skin/Train/basal cell carcinoma/ISIC_0025818.jpg,0.0014731884002685547,3.1212270259857178,0.206512451171875,480.9006161690426,1.4731884002685547,1.4345598220825195,480.97229236380156
1502,/Users/soneyeoluwasina/Downloads/Skin/Train/basal cell carcinoma/ISIC_0025824.jpg,0.0012929439544677734,3.122520923614502,0.22305679321289062,481.02159656991074,1.2929439544677734,1.426534652709961,481.07264742801794
1503,/Users/soneyeoluwasina/Downloads/Skin/Train/basal cell carcinoma/ISIC_0030352.jpg,0.0012929439544677734,3.1238150596618652,0.17563438415527344,481.1424400273846,1.2929439544677734,1.4168977737426758,481.17438655506436
1504,/Users/soneyeoluwasina/Downloads/Skin/Train/basal cell carcinoma/ISIC_0031266.jpg,0.0017099380493164062,3.125525951385498,0.21871566772460938,481.1990120681288,1.7099380493164062,1.4172744750976562,481.2759690118024
1505,/Users/soneyeoluwasina/Downloads/Skin/Train/basal cell carcinoma/ISIC_0031272.jpg,0.0014851093292236328,3.127012014389038,0.2486410140991211,481.2901239504991,1.4851093292236328,1.4113330841064453,481.3783733399996
1506,/Users/soneyeoluwasina/Downloads/Skin/Train/basal cell carcinoma/ISIC_0028079.jpg,0.0016980171203613281,3.1287100315093994,0.31154823303222656,481.34853816205293,1.6980171203613281,1.4166545867919922,481.47985919455016
1507,/Users/soneyeoluwasina/Downloads/Skin/Train/basal cell carcinoma/ISIC_0028928.jpg,0.0010399818420410156,3.129750967025757,0.16392803192138672,481.5079589006795,1.0399818420410156,1.426553726196289,481.57973397494067
1508,/Users/soneyeoluwasina/Downloads/Skin/Train/basal cell carcinoma/ISIC_0030197.jpg,0.001329183578491211,3.131080150604248,0.2663412094116211,481.622931214003,1.329183578491211,1.4199113845825195,481.6805447951844
1509,/Users/soneyeoluwasina/Downloads/Skin/Train/basal cell carcinoma/ISIC_0024848.jpg,0.001463174819946289,3.1325440406799316,0.2338714599609375,481.717090136254,1.463174819946289,1.4099693298339844,481.7827869020842
1510,/Users/soneyeoluwasina/Downloads/Skin/Train/basal cell carcinoma/ISIC_0029820.jpg,0.0014178752899169922,3.133962869644165,0.26035404205322266,481.81808872912643,1.4178752899169922,1.4082717895507812,481.88518681182285
1511,/Users/soneyeoluwasina/Downloads/Skin/Train/basal cell carcinoma/ISIC_0027819.jpg,0.0010709762573242188,3.1350350379943848,0.1561594009399414,481.97228473932813,1.0709762573242188,1.4084720611572266,481.9874514575784
1512,/Users/soneyeoluwasina/Downloads/Skin/Train/basal cell carcinoma/ISIC_0025940.jpg,0.0013158321380615234,3.1363518238067627,0.24601078033447266,482.08877222352004,1.3158321380615234,1.4159679412841797,482.08846884421894
1513,/Users/soneyeoluwasina/Downloads/Skin/Train/basal cell carcinoma/ISIC_0027825.jpg,0.0010101795196533203,3.137362003326416,0.1788787841796875,482.2522866012364,1.0101795196533203,1.4035606384277344,482.19130364474586
1514,/Users/soneyeoluwasina/Downloads/Skin/Train/basal cell carcinoma/ISIC_0028486.jpg,0.0015571117401123047,3.1389191150665283,0.17447948455810547,482.33163853535973,1.5571117401123047,1.4790630340576172,482.2825270057289
1515,/Users/soneyeoluwasina/Downloads/Skin/Train/basal cell carcinoma/ISIC_0027004.jpg,0.0012629032135009766,3.1401820182800293,0.22263813018798828,482.45610960787883,1.2629032135009766,1.4746618270874023,482.3743535515813
1516,/Users/soneyeoluwasina/Downloads/Skin/Train/basal cell carcinoma/ISIC_0028323.jpg,0.0012888908386230469,3.1414718627929688,0.23971271514892578,482.57634198645326,1.2888908386230469,1.4766168594360352,482.4657926849504
1517,/Users/soneyeoluwasina/Downloads/Skin/Train/basal cell carcinoma/ISIC_0027038.jpg,0.0012209415435791016,3.1426939964294434,0.1501445770263672,482.706875605303,1.2209415435791016,1.4790630340576172,482.5567548687216
1518,/Users/soneyeoluwasina/Downloads/Skin/Train/basal cell carcinoma/ISIC_0026865.jpg,0.0013430118560791016,3.1440370082855225,0.26592350006103516,482.81874418131673,1.3430118560791016,1.480727195739746,482.6473732031882
1519,/Users/soneyeoluwasina/Downloads/Skin/Train/basal cell carcinoma/ISIC_0026118.jpg,0.0016100406646728516,3.1456470489501953,0.2507028579711914,482.88952204823477,1.6100406646728516,1.4797210693359375,482.7380659631137
1520,/Users/soneyeoluwasina/Downloads/Skin/Train/basal cell carcinoma/ISIC_0028653.jpg,0.0013098716735839844,3.1469569206237793,0.19407272338867188,483.00629412451906,1.3098716735839844,1.4850425720214844,482.82786536746033
1521,/Users/soneyeoluwasina/Downloads/Skin/Train/basal cell carcinoma/ISIC_0031470.jpg,0.0013768672943115234,3.1483349800109863,0.21141624450683594,483.1125053899736,1.3768672943115234,1.4753055572509766,482.91907675886296
1522,/Users/soneyeoluwasina/Downloads/Skin/Train/basal cell carcinoma/ISIC_0030746.jpg,0.0016210079193115234,3.149955987930298,0.20159626007080078,483.18135422585425,1.6210079193115234,1.4780235290527344,483.0097812411232
1523,/Users/soneyeoluwasina/Downloads/Skin/Train/basal cell carcinoma/ISIC_0026656.jpg,0.001405954360961914,3.151362895965576,0.27992820739746094,483.2829636820844,1.405954360961914,1.4820671081542969,483.0997932205113
1524,/Users/soneyeoluwasina/Downloads/Skin/Train/basal cell carcinoma/ISIC_0029564.jpg,0.0019421577453613281,3.1533050537109375,0.3142070770263672,483.30243158888004,1.9421577453613281,1.484823226928711,483.1893042045264
1525,/Users/soneyeoluwasina/Downloads/Skin/Train/basal cell carcinoma/ISIC_0026643.jpg,0.0015299320220947266,3.1548359394073486,0.2921428680419922,483.3848825389249,1.5299320220947266,1.4827442169189453,483.27904037681435
1526,/Users/soneyeoluwasina/Downloads/Skin/Train/basal cell carcinoma/ISIC_0025362.jpg,0.0009598731994628906,3.1557958126068115,0.13620376586914062,483.5547325032617,0.9598731994628906,1.473526954650879,483.3701137496228
1527,/Users/soneyeoluwasina/Downloads/Skin/Train/basal cell carcinoma/ISIC_0028652.jpg,0.0010268688201904297,3.1568238735198975,0.1421947479248047,483.71403067773184,1.0268688201904297,1.4683246612548828,483.4620123135228
1528,/Users/soneyeoluwasina/Downloads/Skin/Train/basal cell carcinoma/ISIC_0026496.jpg,0.001260995864868164,3.158086061477661,0.2490987777709961,483.83735283168704,1.260995864868164,1.4652442932128906,483.5542890346517
1529,/Users/soneyeoluwasina/Downloads/Skin/Train/basal cell carcinoma/ISIC_0027788.jpg,0.001149892807006836,3.159235954284668,0.19865703582763672,483.9777788443804,1.149892807006836,1.4711427688598633,483.64557689751064
1530,/Users/soneyeoluwasina/Downloads/Skin/Train/basal cell carcinoma/ISIC_0031539.jpg,0.001483917236328125,3.1607210636138916,0.24692153930664062,484.06675856762735,1.483917236328125,1.4687061309814453,483.73715991174015
1531,/Users/soneyeoluwasina/Downloads/Skin/Train/basal cell carcinoma/ISIC_0030800.jpg,0.001895904541015625,3.1626179218292236,0.3269624710083008,484.09262131623103,1.895904541015625,1.4747428894042969,483.82774221817584
1532,/Users/soneyeoluwasina/Downloads/Skin/Train/basal cell carcinoma/ISIC_0028095.jpg,0.0013959407806396484,3.164015054702759,0.23565006256103516,484.19491485128935,1.3959407806396484,1.4690256118774414,483.9191141833474
1533,/Users/soneyeoluwasina/Downloads/Skin/Train/basal cell carcinoma/ISIC_0026090.jpg,0.0010449886322021484,3.1650609970092773,0.16578388214111328,484.3508549909651,1.0449886322021484,1.4809417724609375,484.00857544410695
1534,/Users/soneyeoluwasina/Downloads/Skin/Train/basal cell carcinoma/ISIC_0027371.jpg,0.0010600090026855469,3.166121006011963,0.14167499542236328,484.5045394939665,1.0600090026855469,1.482682228088379,484.0976825113605
1535,/Users/soneyeoluwasina/Downloads/Skin/Train/basal cell carcinoma/ISIC_0031513.jpg,0.0011591911315917969,3.167281150817871,0.18004131317138672,484.6427983204537,1.1591911315917969,1.4807415008544922,484.18700175720073
1536,/Users/soneyeoluwasina/Downloads/Skin/Train/basal cell carcinoma/ISIC_0029412.jpg,0.0014739036560058594,3.168755054473877,0.2583427429199219,484.73295461299995,1.4739036560058594,1.4822626113891602,484.27600501744223
1537,/Users/soneyeoluwasina/Downloads/Skin/Train/basal cell carcinoma/ISIC_0028283.jpg,0.0011169910430908203,3.169872999191284,0.19243717193603516,484.87746997817516,1.1169910430908203,1.4877843856811523,484.36407042586274
1538,/Users/soneyeoluwasina/Downloads/Skin/Train/basal cell carcinoma/ISIC_0027601.jpg,0.0055048465728759766,3.1753790378570557,0.19369888305664062,484.3516259520119,5.504846572875977,1.4959478378295898,484.4508089710161
1539,/Users/soneyeoluwasina/Downloads/Skin/Train/basal cell carcinoma/ISIC_0031063.jpg,0.0016789436340332031,3.1770589351654053,0.29110050201416016,484.41027736864316,1.6789436340332031,1.4964008331298828,484.53737254908026
1540,/Users/soneyeoluwasina/Downloads/Skin/Train/basal cell carcinoma/ISIC_0027629.jpg,0.0014998912811279297,3.1785600185394287,0.2511415481567383,484.49612120511136,1.4998912811279297,1.4888811111450195,484.62499244398504
1541,/Users/soneyeoluwasina/Downloads/Skin/Train/basal cell carcinoma/ISIC_0028687.jpg,0.0011792182922363281,3.1797401905059814,0.1883993148803711,484.6307898365702,1.1792182922363281,1.4964818954467773,484.71136930494976
1542,/Users/soneyeoluwasina/Downloads/Skin/Train/basal cell carcinoma/ISIC_0028693.jpg,0.0015239715576171875,3.181265115737915,0.2504005432128906,484.71282458404073,1.5239715576171875,1.4981412887573242,484.7974072542172
1543,/Users/soneyeoluwasina/Downloads/Skin/Train/basal cell carcinoma/ISIC_0028877.jpg,0.0016498565673828125,3.1829159259796143,0.26109790802001953,484.77560698531704,1.6498565673828125,1.502838134765625,484.88264088376394
1544,/Users/soneyeoluwasina/Downloads/Skin/Train/basal cell carcinoma/ISIC_0028122.jpg,0.001730203628540039,3.1846461296081543,0.20403480529785156,484.82623725292115,1.730203628540039,1.5088176727294922,484.9668791861147
1545,/Users/soneyeoluwasina/Downloads/Skin/Train/basal cell carcinoma/ISIC_0029201.jpg,0.001338958740234375,3.185986042022705,0.24948501586914062,484.93621115148295,1.338958740234375,1.5015983581542969,485.05213404244495
1546,/Users/soneyeoluwasina/Downloads/Skin/Train/basal cell carcinoma/ISIC_0030778.jpg,0.0014309883117675781,3.1874170303344727,0.26348304748535156,485.0322330861644,1.4309883117675781,1.5126466751098633,485.1356292768094
1547,/Users/soneyeoluwasina/Downloads/Skin/Train/basal cell carcinoma/ISIC_0026668.jpg,0.0017750263214111328,3.189192056655884,0.3458843231201172,485.07583504461314,1.7750263214111328,1.5125656127929688,485.2190548240392
1548,/Users/soneyeoluwasina/Downloads/Skin/Train/basal cell carcinoma/ISIC_0026324.jpg,0.0016169548034667969,3.1908090114593506,0.2636585235595703,485.14342113256276,1.6169548034667969,1.5108871459960938,485.30265038359937
1549,/Users/soneyeoluwasina/Downloads/Skin/Train/basal cell carcinoma/ISIC_0026442.jpg,0.0012328624725341797,3.1920418739318848,0.23820114135742188,485.2693232661064,1.2328624725341797,1.5164899826049805,485.38531633525037
1550,/Users/soneyeoluwasina/Downloads/Skin/Train/basal cell carcinoma/ISIC_0027774.jpg,0.0014181137084960938,3.193459987640381,0.2969837188720703,485.3669706208786,1.4181137084960938,1.5016508102416992,485.47016098567445
1551,/Users/soneyeoluwasina/Downloads/Skin/Train/basal cell carcinoma/ISIC_0031062.jpg,0.00121307373046875,3.194674015045166,0.20494556427001953,485.49554436403804,1.21307373046875,1.502065658569336,485.55486732300056
1552,/Users/soneyeoluwasina/Downloads/Skin/Train/basal cell carcinoma/ISIC_0028719.jpg,0.001138925552368164,3.195812940597534,0.17117691040039062,485.635432626359,1.138925552368164,1.5175104141235352,485.63713470861325
1553,/Users/soneyeoluwasina/Downloads/Skin/Train/basal cell carcinoma/ISIC_0026091.jpg,0.0015878677368164062,3.197402000427246,0.2838611602783203,485.7068331703313,1.5878677368164062,1.5239906311035156,485.7183240669503
1554,/Users/soneyeoluwasina/Downloads/Skin/Train/basal cell carcinoma/ISIC_0030181.jpg,0.0015881061553955078,3.198991060256958,0.2222890853881836,485.77816277960324,1.5881061553955078,1.5444135665893555,485.79634452843965
1555,/Users/soneyeoluwasina/Downloads/Skin/Train/basal cell carcinoma/ISIC_0028728.jpg,0.001786947250366211,3.2007789611816406,0.26190662384033203,485.81923927228524,1.786947250366211,1.5493965148925781,485.87351340109046
1556,/Users/soneyeoluwasina/Downloads/Skin/Train/basal cell carcinoma/ISIC_0031245.jpg,0.0014121532440185547,3.2021920680999756,0.24843597412109375,485.9171364206315,1.4121532440185547,1.5556144714355469,485.94966748519965
1557,/Users/soneyeoluwasina/Downloads/Skin/Train/basal cell carcinoma/ISIC_0027433.jpg,0.0016357898712158203,3.203828811645508,0.30533504486083984,485.981021938658,1.6357898712158203,1.5462732315063477,486.02717123990135
1558,/Users/soneyeoluwasina/Downloads/Skin/Train/basal cell carcinoma/ISIC_0030403.jpg,0.0014162063598632812,3.205245018005371,0.2301616668701172,486.07828457667983,1.4162063598632812,1.5453767776489258,486.1047277513129
1559,/Users/soneyeoluwasina/Downloads/Skin/Train/basal cell carcinoma/ISIC_0026275.jpg,0.0013661384582519531,3.206611156463623,0.2225198745727539,486.1830524282609,1.3661384582519531,1.5528440475463867,486.1810613379194
1560,/Users/soneyeoluwasina/Downloads/Skin/Train/basal cell carcinoma/ISIC_0027631.jpg,0.0014939308166503906,3.2081058025360107,0.24198436737060547,486.26825174120455,1.4939308166503906,1.5611839294433594,486.25603891168663
1561,/Users/soneyeoluwasina/Downloads/Skin/Train/basal cell carcinoma/ISIC_0027976.jpg,0.0013470649719238281,3.20945405960083,0.25173091888427734,486.37555516035223,1.3470649719238281,1.564798355102539,486.33037853103895
1562,/Users/soneyeoluwasina/Downloads/Skin/Train/basal cell carcinoma/ISIC_0027786.jpg,0.0017240047454833984,3.21117901802063,0.34926414489746094,486.42569948118825,1.7240047454833984,1.562514305114746,486.40496301538997
1563,/Users/soneyeoluwasina/Downloads/Skin/Train/basal cell carcinoma/ISIC_0026117.jpg,0.0010328292846679688,3.2122128009796143,0.14484214782714844,486.58046550444567,1.0328292846679688,1.5702533721923828,486.47828750461673
1564,/Users/soneyeoluwasina/Downloads/Skin/Train/basal cell carcinoma/ISIC_0029230.jpg,0.0011811256408691406,3.213395118713379,0.1866321563720703,486.71263328059536,1.1811256408691406,1.493077278137207,486.5633311271838
1565,/Users/soneyeoluwasina/Downloads/Skin/Train/basal cell carcinoma/ISIC_0028890.jpg,0.0016429424285888672,3.2150380611419678,0.3155097961425781,486.7749526561184,1.6429424285888672,1.486501693725586,486.64929211705487
1566,/Users/soneyeoluwasina/Downloads/Skin/Train/basal cell carcinoma/ISIC_0028106.jpg,0.0013718605041503906,3.216409921646118,0.2265338897705078,486.8782394498214,1.3718605041503906,1.502242088317871,486.73281316470144
1567,/Users/soneyeoluwasina/Downloads/Skin/Train/basal cell carcinoma/ISIC_0028113.jpg,0.0014557838439941406,3.217866897583008,0.26097583770751953,486.96855708264354,1.4557838439941406,1.5463781356811523,486.80961812193186
1568,/Users/soneyeoluwasina/Downloads/Skin/Train/basal cell carcinoma/ISIC_0031442.jpg,0.001641988754272461,3.2195098400115967,0.2521219253540039,487.03065929885526,1.641988754272461,1.5583181381225586,486.88455197844314
1569,/Users/soneyeoluwasina/Downloads/Skin/Train/basal cell carcinoma/ISIC_0027546.jpg,0.001249074935913086,3.2207589149475098,0.2183685302734375,487.15226486474563,1.249074935913086,1.5487194061279297,486.9608532397357
1570,/Users/soneyeoluwasina/Downloads/Skin/Train/basal cell carcinoma/ISIC_0028107.jpg,0.0018622875213623047,3.222621202468872,0.24481582641601562,487.1810558427445,1.8622875213623047,1.5442562103271484,487.0377550015341
1571,/Users/soneyeoluwasina/Downloads/Skin/Train/basal cell carcinoma/ISIC_0031318.jpg,0.0013728141784667969,3.223994016647339,0.20044994354248047,487.2837827514635,1.3728141784667969,1.5409564971923828,487.1150702338741
1572,/Users/soneyeoluwasina/Downloads/Skin/Train/basal cell carcinoma/ISIC_0027744.jpg,0.0015370845794677734,3.225534200668335,0.2536153793334961,487.3611322038624,1.5370845794677734,1.5340137481689453,487.19334608107886
1573,/Users/soneyeoluwasina/Downloads/Skin/Train/basal cell carcinoma/ISIC_0029755.jpg,0.00168609619140625,3.2272210121154785,0.26705169677734375,487.41626126463564,1.68609619140625,1.541275978088379,487.2704716907964
1574,/Users/soneyeoluwasina/Downloads/Skin/Train/basal cell carcinoma/ISIC_0024885.jpg,0.0012001991271972656,3.228422164916992,0.20929908752441406,487.5446641100824,1.2001991271972656,1.5490531921386719,487.3463579292862
1575,/Users/soneyeoluwasina/Downloads/Skin/Train/basal cell carcinoma/ISIC_0025557.jpg,0.0015506744384765625,3.2299728393554688,0.27434635162353516,487.62019940523294,1.5506744384765625,1.5575504302978516,487.4208721759887
1576,/Users/soneyeoluwasina/Downloads/Skin/Train/basal cell carcinoma/ISIC_0029392.jpg,0.0017321109771728516,3.231706142425537,0.24209022521972656,487.6681017838902,1.7321109771728516,1.5569257736206055,487.4953945730115
1577,/Users/soneyeoluwasina/Downloads/Skin/Train/basal cell carcinoma/ISIC_0028059.jpg,0.0013508796691894531,3.233057975769043,0.18491458892822266,487.7734985945871,1.3508796691894531,1.5617609024047852,487.56883881317435
1578,/Users/soneyeoluwasina/Downloads/Skin/Train/basal cell carcinoma/ISIC_0026074.jpg,0.0022821426391601562,3.2353410720825195,0.21308040618896484,487.738375906153,2.2821426391601562,1.5706825256347656,487.64085394427804
1579,/Users/soneyeoluwasina/Downloads/Skin/Train/basal cell carcinoma/ISIC_0031520.jpg,0.0013990402221679688,3.2367420196533203,0.2435321807861328,487.83622247692233,1.3990402221679688,1.5720033645629883,487.7126025771387
1580,/Users/soneyeoluwasina/Downloads/Skin/Train/basal cell carcinoma/ISIC_0029192.jpg,0.0017948150634765625,3.2385380268096924,0.2873420715332031,487.8744627730895,1.7948150634765625,1.5592241287231445,487.7861911621861
1581,/Users/soneyeoluwasina/Downloads/Skin/Train/basal cell carcinoma/ISIC_0025019.jpg,0.001428842544555664,3.2399678230285645,0.17838668823242188,487.96780905131277,1.428842544555664,1.5538644790649414,487.86052024421514
1582,/Users/soneyeoluwasina/Downloads/Skin/Train/basal cell carcinoma/ISIC_0025031.jpg,0.0013511180877685547,3.2413201332092285,0.23768138885498047,488.07274042186725,1.3511180877685547,1.5616416931152344,487.9336064682782
1583,/Users/soneyeoluwasina/Downloads/Skin/Train/basal cell carcinoma/ISIC_0024515.jpg,0.0014183521270751953,3.242739200592041,0.25790977478027344,488.16753432128763,1.4183521270751953,1.5563631057739258,488.0074133370714
1584,/Users/soneyeoluwasina/Downloads/Skin/Train/basal cell carcinoma/ISIC_0030574.jpg,0.0014770030975341797,3.2442169189453125,0.30365848541259766,488.2534181823313,1.4770030975341797,1.5627336502075195,488.08018840271114
1585,/Users/soneyeoluwasina/Downloads/Skin/Train/basal cell carcinoma/ISIC_0028688.jpg,0.0013399124145507812,3.245558023452759,0.15387248992919922,488.3597792880657,1.3399124145507812,1.570291519165039,488.1517500286199
1586,/Users/soneyeoluwasina/Downloads/Skin/Train/basal cell carcinoma/ISIC_0026855.jpg,0.001359701156616211,3.246924877166748,0.2008037567138672,488.4621788305544,1.359701156616211,1.5727901458740234,488.2228645407527
1587,/Users/soneyeoluwasina/Downloads/Skin/Train/basal cell carcinoma/ISIC_0030010.jpg,0.0015039443969726562,3.248430013656616,0.28155517578125,488.5436944395127,1.5039443969726562,1.589188575744629,488.29145297989095
1588,/Users/soneyeoluwasina/Downloads/Skin/Train/basal cell carcinoma/ISIC_0028677.jpg,0.0016460418701171875,3.25007700920105,0.3007688522338867,488.6038070803652,1.6460418701171875,1.5923309326171875,488.35951134085866
1589,/Users/soneyeoluwasina/Downloads/Skin/Train/basal cell carcinoma/ISIC_0027544.jpg,0.0013501644134521484,3.2514281272888184,0.24560928344726562,488.70832686219546,1.3501644134521484,1.6057109832763672,488.4254758590988
1590,/Users/soneyeoluwasina/Downloads/Skin/Train/basal cell carcinoma/ISIC_0027545.jpg,0.0022869110107421875,3.2537150382995605,0.42725181579589844,488.67217358744404,2.2869110107421875,1.6167640686035156,488.48970527555224
1591,/Users/soneyeoluwasina/Downloads/Skin/Train/basal cell carcinoma/ISIC_0024931.jpg,0.0033860206604003906,3.2571020126342773,0.1036520004272461,488.4710376980891,3.3860206604003906,1.6167449951171875,488.55387134006554
1592,/Users/soneyeoluwasina/Downloads/Skin/Train/basal cell carcinoma/ISIC_0025144.jpg,0.0021209716796875,3.259226083755493,0.30301570892333984,488.45951740960345,2.1209716796875,1.619248390197754,488.6175850765439
1593,/Users/soneyeoluwasina/Downloads/Skin/Train/basal cell carcinoma/ISIC_0029805.jpg,0.0011699199676513672,3.2603979110717773,0.19405460357666016,488.5906700499448,1.1699199676513672,1.6745519638061523,488.67301705466963
1594,/Users/soneyeoluwasina/Downloads/Skin/Train/basal cell carcinoma/ISIC_0029193.jpg,0.0015070438385009766,3.261906147003174,0.30093955993652344,488.6713253428407,1.5070438385009766,1.711435317993164,488.72291504267525
1595,/Users/soneyeoluwasina/Downloads/Skin/Train/basal cell carcinoma/ISIC_0025971.jpg,0.0011739730834960938,3.26308012008667,0.19840145111083984,488.8019727684883,1.1739730834960938,1.7276906967163086,488.77024759799974
1596,/Users/soneyeoluwasina/Downloads/Skin/Train/basal cell carcinoma/ISIC_0027814.jpg,0.0010838508605957031,3.2641639709472656,0.16640949249267578,488.94602544639883,1.0838508605957031,1.7206239700317383,488.81857763129096
1597,/Users/soneyeoluwasina/Downloads/Skin/Train/basal cell carcinoma/ISIC_0027425.jpg,0.0021381378173828125,3.2663021087646484,0.22467517852783203,488.9321155304899,2.1381378173828125,1.7193078994750977,488.8670231613489
1598,/Users/soneyeoluwasina/Downloads/Skin/Train/basal cell carcinoma/ISIC_0029352.jpg,0.0020058155059814453,3.2683098316192627,0.2008686065673828,488.9377330570527,2.0058155059814453,1.7203855514526367,488.91525218049725
1599,/Users/soneyeoluwasina/Downloads/Skin/Train/basal cell carcinoma/ISIC_0031284.jpg,0.001657724380493164,3.2699718475341797,0.25673866271972656,488.9950356012312,1.657724380493164,1.73370361328125,488.9614560200708
1600,/Users/soneyeoluwasina/Downloads/Skin/Train/basal cell carcinoma/ISIC_0029391.jpg,0.001386880874633789,3.2713608741760254,0.2012195587158203,489.09309047201964,1.386880874633789,1.7411136627197266,489.0064775569603
1601,/Users/soneyeoluwasina/Downloads/Skin/Train/basal cell carcinoma/ISIC_0031294.jpg,0.0014548301696777344,3.2729058265686035,0.1553668975830078,489.1677563721803,1.4548301696777344,1.7368602752685547,489.0520573164722
1602,/Users/soneyeoluwasina/Downloads/Skin/Train/basal cell carcinoma/ISIC_0031531.jpg,0.0015850067138671875,3.274492025375366,0.29822444915771484,489.23618918154403,1.5850067138671875,1.7285776138305664,489.09880824751724
1603,/Users/soneyeoluwasina/Downloads/Skin/Train/basal cell carcinoma/ISIC_0031243.jpg,0.001653909683227539,3.2761471271514893,0.3195066452026367,489.2942648133632,1.653909683227539,1.733403205871582,489.1447727531818
1604,/Users/soneyeoluwasina/Downloads/Skin/Train/basal cell carcinoma/ISIC_0029342.jpg,0.0009491443634033203,3.27709698677063,0.11123847961425781,489.45759203197696,0.9491443634033203,1.7110776901245117,489.1940182297793
1605,/Users/soneyeoluwasina/Downloads/Skin/Train/basal cell carcinoma/ISIC_0024666.jpg,0.0015189647674560547,3.2786169052124023,0.29848575592041016,489.5356933737342,1.5189647674560547,1.711716651916504,489.2431009614277
1606,/Users/soneyeoluwasina/Downloads/Skin/Train/basal cell carcinoma/ISIC_0025975.jpg,0.0018010139465332031,3.2804200649261475,0.2534055709838867,489.5714476237835,1.8010139465332031,1.7003202438354492,489.29382218110294
1607,/Users/soneyeoluwasina/Downloads/Skin/Train/basal cell carcinoma/ISIC_0025752.jpg,0.0013718605041503906,3.2817928791046143,0.2915191650390625,489.6713653783187,1.3718605041503906,1.7034626007080078,489.3440102402919
1608,/Users/soneyeoluwasina/Downloads/Skin/Train/basal cell carcinoma/ISIC_0031041.jpg,0.0017347335815429688,3.2835288047790527,0.2476034164428711,489.71703785866487,1.7347335815429688,1.7036867141723633,489.39409169940654
1609,/Users/soneyeoluwasina/Downloads/Skin/Train/basal cell carcinoma/ISIC_0028316.jpg,0.0017440319061279297,3.2852749824523926,0.2235116958618164,489.7611337237023,1.7440319061279297,1.7023038864135742,489.4443070457384
1610,/Users/soneyeoluwasina/Downloads/Skin/Train/basal cell carcinoma/ISIC_0029034.jpg,0.0016188621520996094,3.2868950366973877,0.29756832122802734,489.82397734784337,1.6188621520996094,1.7041444778442383,489.4941841037196
1611,/Users/soneyeoluwasina/Downloads/Skin/Train/basal cell carcinoma/ISIC_0029020.jpg,0.0021669864654541016,3.2890641689300537,0.25335216522216797,489.8049771172646,2.1669864654541016,1.7100858688354492,489.54311179966464
1612,/Users/soneyeoluwasina/Downloads/Skin/Train/basal cell carcinoma/ISIC_0024504.jpg,0.0018811225891113281,3.2909469604492188,0.30728816986083984,489.8286175295757,1.8811225891113281,1.7089319229125977,489.592155011127
1613,/Users/soneyeoluwasina/Downloads/Skin/Train/basal cell carcinoma/ISIC_0030954.jpg,0.0017018318176269531,3.292651891708374,0.13935375213623047,489.8786914164509,1.7018318176269531,1.703810691833496,489.6418828299525
1614,/Users/soneyeoluwasina/Downloads/Skin/Train/basal cell carcinoma/ISIC_0030767.jpg,0.0017337799072265625,3.2943878173828125,0.3074016571044922,489.92410410326954,1.7337799072265625,1.693868637084961,489.6930221408142
1615,/Users/soneyeoluwasina/Downloads/Skin/Train/basal cell carcinoma/ISIC_0029545.jpg,0.001641988754272461,3.2960309982299805,0.2356252670288086,489.9832558817802,1.641988754272461,1.6899871826171875,489.7446619341982
1616,/Users/soneyeoluwasina/Downloads/Skin/Train/basal cell carcinoma/ISIC_0030766.jpg,0.001497030258178711,3.2975289821624756,0.3081693649291992,490.0639262737423,1.497030258178711,1.673126220703125,489.7987629409389
1617,/Users/soneyeoluwasina/Downloads/Skin/Train/basal cell carcinoma/ISIC_0031450.jpg,0.0042209625244140625,3.301750898361206,0.24062252044677734,489.74015598892794,4.2209625244140625,1.6312456130981445,489.8590711103053
1618,/Users/soneyeoluwasina/Downloads/Skin/Train/basal cell carcinoma/ISIC_0026845.jpg,0.003486156463623047,3.305241107940674,0.2698345184326172,489.52555869913306,3.486156463623047,1.6179466247558594,489.92130962496077
1619,/Users/soneyeoluwasina/Downloads/Skin/Train/basal cell carcinoma/ISIC_0029747.jpg,0.0020618438720703125,3.307328939437866,0.26375293731689453,489.5188926309746,2.0618438720703125,1.6291475296020508,489.98182033999865
1620,/Users/soneyeoluwasina/Downloads/Skin/Train/basal cell carcinoma/ISIC_0029035.jpg,0.001508951187133789,3.308840036392212,0.13825321197509766,489.5975575073022,1.508951187133789,1.619429588317871,490.0436971827959
1621,/Users/soneyeoluwasina/Downloads/Skin/Train/basal cell carcinoma/ISIC_0028303.jpg,0.0013070106506347656,3.3101489543914795,0.19698810577392578,489.7060592543625,1.3070106506347656,1.6267728805541992,490.1044068126485
1622,/Users/soneyeoluwasina/Downloads/Skin/Train/basal cell carcinoma/ISIC_0029974.jpg,0.0015909671783447266,3.3117411136627197,0.2573661804199219,489.77258316127865,1.5909671783447266,1.6268539428710938,490.1650111497585
1623,/Users/soneyeoluwasina/Downloads/Skin/Train/basal cell carcinoma/ISIC_0026528.jpg,0.002351999282836914,3.3140950202941895,0.3135995864868164,489.72645324331336,2.351999282836914,1.6063117980957031,490.22860313427003
1624,/Users/soneyeoluwasina/Downloads/Skin/Train/basal cell carcinoma/ISIC_0024673.jpg,0.0015707015991210938,3.3156678676605225,0.24939537048339844,489.7957409545565,1.5707015991210938,1.6086769104003906,490.2918123514438
1625,/Users/soneyeoluwasina/Downloads/Skin/Train/basal cell carcinoma/ISIC_0026716.jpg,0.0013380050659179688,3.3170089721679688,0.21649837493896484,489.89918738082696,1.3380050659179688,1.6034221649169922,490.35574435393175
1626,/Users/soneyeoluwasina/Downloads/Skin/Train/basal cell carcinoma/ISIC_0024897.jpg,0.0013179779052734375,3.318329095840454,0.2128314971923828,490.00564833614635,1.3179779052734375,1.6095876693725586,490.41870086825946
1627,/Users/soneyeoluwasina/Downloads/Skin/Train/basal cell carcinoma/ISIC_0031526.jpg,0.0015921592712402344,3.3199222087860107,0.2193613052368164,490.07172387781395,1.5921592712402344,1.6080474853515625,490.4820803948496
1628,/Users/soneyeoluwasina/Downloads/Skin/Train/basal cell carcinoma/ISIC_0028739.jpg,0.0011658668518066406,3.321089029312134,0.13418006896972656,490.20064973602723,1.1658668518066406,1.6056489944458008,490.54574985332675
1629,/Users/soneyeoluwasina/Downloads/Skin/Train/basal cell carcinoma/ISIC_0029341.jpg,0.0014309883117675781,3.3225209712982178,0.22735118865966797,490.2903590593429,1.4309883117675781,1.602630615234375,490.609806485433
1630,/Users/soneyeoluwasina/Downloads/Skin/Train/basal cell carcinoma/ISIC_0024665.jpg,0.0012249946594238281,3.3237459659576416,0.19432926177978516,490.4105237568487,1.2249946594238281,1.6231107711791992,490.67076188469554
1631,/Users/soneyeoluwasina/Downloads/Skin/Train/basal cell carcinoma/ISIC_0031095.jpg,0.0015859603881835938,3.3253328800201416,0.2599191665649414,490.47721201076297,1.5859603881835938,1.6209888458251953,490.73196024238337
1632,/Users/soneyeoluwasina/Downloads/Skin/Train/basal cell carcinoma/ISIC_0027146.jpg,0.0013623237609863281,3.3266961574554443,0.23852920532226562,490.57681337760044,1.3623237609863281,1.6070079803466797,490.79516060099127
1633,/Users/soneyeoluwasina/Downloads/Skin/Train/basal cell carcinoma/ISIC_0031056.jpg,0.0013492107391357422,3.3280460834503174,0.20273590087890625,490.67830163788,1.3492107391357422,1.6089248657226562,490.8580028875664
1634,/Users/soneyeoluwasina/Downloads/Skin/Train/basal cell carcinoma/ISIC_0029779.jpg,0.0015690326690673828,3.329616069793701,0.2568626403808594,490.74727108138944,1.5690326690673828,1.607046127319336,490.9210661334242
1635,/Users/soneyeoluwasina/Downloads/Skin/Train/basal cell carcinoma/ISIC_0027998.jpg,0.0016369819641113281,3.331254005432129,0.2807483673095703,490.8061640853197,1.6369819641113281,1.5994834899902344,490.98518605612276
1636,/Users/soneyeoluwasina/Downloads/Skin/Train/basal cell carcinoma/ISIC_0031122.jpg,0.0013020038604736328,3.332556962966919,0.21146202087402344,490.9143394036683,1.3020038604736328,1.5954208374023438,491.0498401746479
1637,/Users/soneyeoluwasina/Downloads/Skin/Train/basal cell carcinoma/ISIC_0029745.jpg,0.0012478828430175781,3.333807945251465,0.22045040130615234,491.03008538079513,1.2478828430175781,1.5855789184570312,491.11590223101507
1638,/Users/soneyeoluwasina/Downloads/Skin/Train/basal cell carcinoma/ISIC_0028329.jpg,0.0011489391326904297,3.3349568843841553,0.1896982192993164,491.1607726234454,1.1489391326904297,1.5740585327148438,491.18360354468336
1639,/Users/soneyeoluwasina/Downloads/Skin/Train/basal cell carcinoma/ISIC_0027595.jpg,0.0011560916900634766,3.3361129760742188,0.20852088928222656,491.2903165313959,1.1560916900634766,1.566162109375,491.25240962246346
1640,/Users/soneyeoluwasina/Downloads/Skin/Train/basal cell carcinoma/ISIC_0028671.jpg,0.0014438629150390625,3.3375580310821533,0.2556324005126953,491.37722392447944,1.4438629150390625,1.5660858154296875,491.32117312663866
1641,/Users/soneyeoluwasina/Downloads/Skin/Train/basal cell carcinoma/ISIC_0025433.jpg,0.0012919902801513672,3.338850975036621,0.2171955108642578,491.48644616640945,1.2919902801513672,1.556868553161621,491.3912243240367
1642,/Users/soneyeoluwasina/Downloads/Skin/Train/basal cell carcinoma/ISIC_0029220.jpg,0.0014560222625732422,3.3403079509735107,0.2103424072265625,491.57144314237553,1.4560222625732422,1.5562629699707031,491.4612985251699
1643,/Users/soneyeoluwasina/Downloads/Skin/Train/basal cell carcinoma/ISIC_0029546.jpg,0.0017299652099609375,3.3420379161834717,0.2347421646118164,491.6162058018382,1.7299652099609375,1.4994478225708008,491.53973337378955
1644,/Users/soneyeoluwasina/Downloads/Skin/Train/basal cell carcinoma/ISIC_0028670.jpg,0.0010211467742919922,3.3430590629577637,0.14642715454101562,491.7651674827052,1.0211467742919922,1.4548206329345703,491.62471326350334
1645,/Users/soneyeoluwasina/Downloads/Skin/Train/basal cell carcinoma/ISIC_0025383.jpg,0.0015411376953125,3.3446009159088135,0.2745552062988281,491.83745426111966,1.5411376953125,1.4390230178833008,491.71202423580564
1646,/Users/soneyeoluwasina/Downloads/Skin/Train/basal cell carcinoma/ISIC_0025630.jpg,0.0010879039764404297,3.3456900119781494,0.18860721588134766,491.9762423018974,1.0879039764404297,1.4473819732666016,491.79804502142395
1647,/Users/soneyeoluwasina/Downloads/Skin/Train/basal cell carcinoma/ISIC_0027966.jpg,0.0011110305786132812,3.3468010425567627,0.20684146881103516,492.11171475606665,1.1110305786132812,1.4587831497192383,491.88232683948496
1648,/Users/soneyeoluwasina/Downloads/Skin/Train/basal cell carcinoma/ISIC_0027609.jpg,0.0021240711212158203,3.3489251136779785,0.3943214416503906,492.09819391574075,2.1240711212158203,1.4574861526489258,491.96673031048647
1649,/Users/soneyeoluwasina/Downloads/Skin/Train/basal cell carcinoma/ISIC_0031057.jpg,0.0013949871063232422,3.350321054458618,0.26152992248535156,492.1916357256286,1.3949871063232422,1.4555644989013672,492.0513780201444
1650,/Users/soneyeoluwasina/Downloads/Skin/Train/basal cell carcinoma/ISIC_0030349.jpg,0.0016951560974121094,3.3520171642303467,0.27342891693115234,492.2409161884035,1.6951560974121094,1.454610824584961,492.1360991742177
1651,/Users/soneyeoluwasina/Downloads/Skin/Train/basal cell carcinoma/ISIC_0025793.jpg,0.0013778209686279297,3.353395938873291,0.2792043685913086,492.3367327016923,1.3778209686279297,1.460714340209961,492.2198590120456
1652,/Users/soneyeoluwasina/Downloads/Skin/Train/basal cell carcinoma/ISIC_0030177.jpg,0.0014650821685791016,3.3548619747161865,0.22284507751464844,492.4196621054001,1.4650821685791016,1.470656394958496,492.302095312211
1653,/Users/soneyeoluwasina/Downloads/Skin/Train/basal cell carcinoma/ISIC_0028937.jpg,0.00150299072265625,3.3563649654388428,0.29092979431152344,492.49709641867605,1.50299072265625,1.465773582458496,492.384975466476
1654,/Users/soneyeoluwasina/Downloads/Skin/Train/basal cell carcinoma/ISIC_0028978.jpg,0.0019731521606445312,3.3583390712738037,0.27695465087890625,492.5053619951022,1.9731521606445312,1.466836929321289,492.4676137911197
1655,/Users/soneyeoluwasina/Downloads/Skin/Train/basal cell carcinoma/ISIC_0031597.jpg,0.0014128684997558594,3.3597538471221924,0.2291097640991211,492.59561125812695,1.4128684997558594,1.4626598358154297,492.5507866875788
1656,/Users/soneyeoluwasina/Downloads/Skin/Train/basal cell carcinoma/ISIC_0025509.jpg,0.0011019706726074219,3.3608570098876953,0.11807727813720703,492.731465554179,1.1019706726074219,1.4690399169921875,492.6329462392941
1657,/Users/soneyeoluwasina/Downloads/Skin/Train/basal cell carcinoma/ISIC_0026766.jpg,0.0014677047729492188,3.3623268604278564,0.23783493041992188,492.81347970707003,1.4677047729492188,1.461777687072754,492.7160947730302
1658,/Users/soneyeoluwasina/Downloads/Skin/Train/basal cell carcinoma/ISIC_0027478.jpg,0.0016407966613769531,3.363968849182129,0.2721233367919922,492.87020015155736,1.6407966613769531,1.4689874649047852,492.7981208611291
1659,/Users/soneyeoluwasina/Downloads/Skin/Train/basal cell carcinoma/ISIC_0030138.jpg,0.0013659000396728516,3.3653359413146973,0.189697265625,492.9671298586308,1.3659000396728516,1.469564437866211,492.87998523004967
1660,/Users/soneyeoluwasina/Downloads/Skin/Train/basal cell carcinoma/ISIC_0029680.jpg,0.0014157295227050781,3.366752862930298,0.2341928482055664,493.056683274102,1.4157295227050781,1.4631414413452148,492.9627188352857
1661,/Users/soneyeoluwasina/Downloads/Skin/Train/basal cell carcinoma/ISIC_0027120.jpg,0.0016748905181884766,3.3684298992156982,0.22138595581054688,493.1080799356239,1.6748905181884766,1.4596033096313477,493.04590448331373
1662,/Users/soneyeoluwasina/Downloads/Skin/Train/basal cell carcinoma/ISIC_0027915.jpg,0.0013051033020019531,3.3697361946105957,0.23130416870117188,493.213683212985,1.3051033020019531,1.4678430557250977,493.12781424607385
1663,/Users/soneyeoluwasina/Downloads/Skin/Train/basal cell carcinoma/ISIC_0030514.jpg,0.0013070106506347656,3.3710439205169678,0.21097087860107422,493.3189953054572,1.3070106506347656,1.4665651321411133,493.2098359827302
1664,/Users/soneyeoluwasina/Downloads/Skin/Train/basal cell carcinoma/ISIC_0030528.jpg,0.0017299652099609375,3.372775077819824,0.28421878814697266,493.36227931203064,1.7299652099609375,1.473245620727539,493.29080039949787
1665,/Users/soneyeoluwasina/Downloads/Skin/Train/basal cell carcinoma/ISIC_0028818.jpg,0.0011811256408691406,3.3739571571350098,0.18837642669677734,493.4858157516831,1.1811256408691406,1.4797019958496094,493.37074008940306
1666,/Users/soneyeoluwasina/Downloads/Skin/Train/basal cell carcinoma/ISIC_0027281.jpg,0.0014667510986328125,3.3754239082336426,0.2423534393310547,493.56763633040003,1.4667510986328125,1.4845848083496094,493.4499027185172
1667,/Users/soneyeoluwasina/Downloads/Skin/Train/basal cell carcinoma/ISIC_0027525.jpg,0.0013802051544189453,3.376805067062378,0.2267932891845703,493.66189841991445,1.3802051544189453,1.4860248565673828,493.5287815635886
1668,/Users/soneyeoluwasina/Downloads/Skin/Train/basal cell carcinoma/ISIC_0027531.jpg,0.0012547969818115234,3.3780598640441895,0.2311391830444336,493.77455318482197,1.2547969818115234,1.487884521484375,493.60731988657784
1669,/Users/soneyeoluwasina/Downloads/Skin/Train/basal cell carcinoma/ISIC_0031384.jpg,0.001271963119506836,3.379333019256592,0.21280574798583984,493.8844412460888,1.271963119506836,1.480865478515625,493.6868136538393
1670,/Users/soneyeoluwasina/Downloads/Skin/Train/basal cell carcinoma/ISIC_0026439.jpg,0.0019268989562988281,3.381260871887207,0.31229686737060547,493.8985967882186,1.9268989562988281,1.4866828918457031,493.7653724297809
1671,/Users/soneyeoluwasina/Downloads/Skin/Train/basal cell carcinoma/ISIC_0027135.jpg,0.0018770694732666016,3.3831379413604736,0.22887039184570312,493.9201501574112,1.8770694732666016,1.4840173721313477,493.84424739287255
1672,/Users/soneyeoluwasina/Downloads/Skin/Train/basal cell carcinoma/ISIC_0030893.jpg,0.0015261173248291016,3.384665012359619,0.28526878356933594,493.9927567113548,1.5261173248291016,1.491079330444336,493.9220130468941
1673,/Users/soneyeoluwasina/Downloads/Skin/Train/basal cell carcinoma/ISIC_0027337.jpg,0.0022559165954589844,3.3869218826293945,0.26513195037841797,493.9588387262086,2.2559165954589844,1.4951372146606445,493.99910337631593
1674,/Users/soneyeoluwasina/Downloads/Skin/Train/basal cell carcinoma/ISIC_0031569.jpg,0.0015230178833007812,3.3884458541870117,0.27569580078125,494.03179865822057,1.5230178833007812,1.4792156219482422,494.0784586762005
1675,/Users/soneyeoluwasina/Downloads/Skin/Train/basal cell carcinoma/ISIC_0025285.jpg,0.0016431808471679688,3.390089988708496,0.17564964294433594,494.08717927222796,1.6431808471679688,1.4788007736206055,494.15780134550636
1676,/Users/soneyeoluwasina/Downloads/Skin/Train/basal cell carcinoma/ISIC_0026798.jpg,0.0018150806427001953,3.3919060230255127,0.2679023742675781,494.1174633444123,1.8150806427001953,1.4764595031738281,494.2374232500682
1677,/Users/soneyeoluwasina/Downloads/Skin/Train/basal cell carcinoma/ISIC_0026940.jpg,0.0013480186462402344,3.3932549953460693,0.23299789428710938,494.2157315910669,1.3480186462402344,1.4884662628173828,494.31510568297597
1678,/Users/soneyeoluwasina/Downloads/Skin/Train/basal cell carcinoma/ISIC_0026968.jpg,0.001219034194946289,3.3944759368896484,0.1985006332397461,494.33256596820894,1.219034194946289,1.491084098815918,494.39234002982886
1679,/Users/soneyeoluwasina/Downloads/Skin/Train/basal cell carcinoma/ISIC_0024833.jpg,0.0012221336364746094,3.3956990242004395,0.20997905731201172,494.4490038822984,1.2221336364746094,1.4932441711425781,494.4691943681604
1680,/Users/soneyeoluwasina/Downloads/Skin/Train/basal cell carcinoma/ISIC_0026995.jpg,0.0015439987182617188,3.3972439765930176,0.2810325622558594,494.51850134261355,1.5439987182617188,1.4838600158691406,494.5473578315629
1681,/Users/soneyeoluwasina/Downloads/Skin/Train/basal cell carcinoma/ISIC_0031225.jpg,0.001222848892211914,3.398468017578125,0.23461055755615234,494.6346386975692,1.222848892211914,1.486806869506836,494.625029519318
1682,/Users/soneyeoluwasina/Downloads/Skin/Train/basal cell carcinoma/ISIC_0028238.jpg,0.0017228126525878906,3.400190830230713,0.25982666015625,494.6781177825456,1.7228126525878906,1.492605209350586,494.70178269528725
1683,/Users/soneyeoluwasina/Downloads/Skin/Train/basal cell carcinoma/ISIC_0025046.jpg,0.0013780593872070312,3.4015700817108154,0.198944091796875,494.77152008390703,1.3780593872070312,1.491551399230957,494.77862311162676
1684,/Users/soneyeoluwasina/Downloads/Skin/Train/basal cell carcinoma/ISIC_0030339.jpg,0.0012478828430175781,3.402817964553833,0.19000244140625,494.8839513431924,1.2478828430175781,1.4795970916748047,494.85713274503615
1685,/Users/soneyeoluwasina/Downloads/Skin/Train/basal cell carcinoma/ISIC_0030271.jpg,0.0014600753784179688,3.404278039932251,0.3178853988647461,494.9654464867192,1.4600753784179688,1.4859580993652344,494.93465122778167
1686,/Users/soneyeoluwasina/Downloads/Skin/Train/basal cell carcinoma/ISIC_0027057.jpg,0.0017139911651611328,3.4059929847717285,0.3365516662597656,495.00982754167256,1.7139911651611328,1.4949607849121094,495.0107991824446
1687,/Users/soneyeoluwasina/Downloads/Skin/Train/basal cell carcinoma/ISIC_0031351.jpg,0.0011839866638183594,3.4071779251098633,0.20081138610839844,495.13117221361523,1.1839866638183594,1.4878654479980469,495.08791521599034
1688,/Users/soneyeoluwasina/Downloads/Skin/Train/basal cell carcinoma/ISIC_0024984.jpg,0.0014829635620117188,3.4086618423461914,0.24756336212158203,495.2089934618287,1.4829635620117188,1.4972209930419922,495.1636097702374
1689,/Users/soneyeoluwasina/Downloads/Skin/Train/basal cell carcinoma/ISIC_0029278.jpg,0.0014789104461669922,3.410141944885254,0.21028995513916016,495.2873010266534,1.4789104461669922,1.4978551864624023,495.23913693245305
1690,/Users/soneyeoluwasina/Downloads/Skin/Train/basal cell carcinoma/ISIC_0027526.jpg,0.0016880035400390625,3.411829948425293,0.29248809814453125,495.33535538018475,1.6880035400390625,1.4945745468139648,495.31508040884387
1691,/Users/soneyeoluwasina/Downloads/Skin/Train/basal cell carcinoma/ISIC_0031378.jpg,0.001363992691040039,3.413193941116333,0.17401695251464844,495.43038841998373,1.363992691040039,1.4932680130004883,495.39113265314006
1692,/Users/soneyeoluwasina/Downloads/Skin/Train/basal cell carcinoma/ISIC_0027297.jpg,0.0015490055084228516,3.4147439002990723,0.2792091369628906,495.4983592918374,1.5490055084228516,1.4995145797729492,495.4662132714392
1693,/Users/soneyeoluwasina/Downloads/Skin/Train/basal cell carcinoma/ISIC_0029053.jpg,0.0013790130615234375,3.416124105453491,0.26349925994873047,495.5908941649103,1.3790130615234375,1.5044879913330078,495.5405089877241
1694,/Users/soneyeoluwasina/Downloads/Skin/Train/basal cell carcinoma/ISIC_0029669.jpg,0.0013120174407958984,3.4174370765686035,0.22070980072021484,495.6931062797854,1.3120174407958984,1.5116357803344727,495.61369898499083
1695,/Users/soneyeoluwasina/Downloads/Skin/Train/basal cell carcinoma/ISIC_0031026.jpg,0.0014078617095947266,3.418846845626831,0.2166576385498047,495.78120241570196,1.4078617095947266,1.513352394104004,495.6865673712886
1696,/Users/soneyeoluwasina/Downloads/Skin/Train/basal cell carcinoma/ISIC_0028577.jpg,0.0014410018920898438,3.4202890396118164,0.18281936645507812,495.8645250029765,1.4410018920898438,1.504654884338379,495.7606408378679
1697,/Users/soneyeoluwasina/Downloads/Skin/Train/basal cell carcinoma/ISIC_0029655.jpg,0.001313924789428711,3.4216039180755615,0.22243690490722656,495.96623122715397,1.313924789428711,1.5135574340820312,495.8333839305435
1698,/Users/soneyeoluwasina/Downloads/Skin/Train/basal cell carcinoma/ISIC_0029899.jpg,0.0013279914855957031,3.4229319095611572,0.2621030807495117,496.0659589099729,1.3279914855957031,1.5108919143676758,495.9064492031759
1699,/Users/soneyeoluwasina/Downloads/Skin/Train/basal cell carcinoma/ISIC_0029331.jpg,0.0013742446899414062,3.424307107925415,0.21536540985107422,496.1587691909221,1.3742446899414062,1.4956331253051758,495.98167776856957
1700,/Users/soneyeoluwasina/Downloads/Skin/Train/basal cell carcinoma/ISIC_0031585.jpg,0.0015780925750732422,3.4258859157562256,0.2571067810058594,496.2220114164964,1.5780925750732422,1.4921951293945312,496.05733860732295
1701,/Users/soneyeoluwasina/Downloads/Skin/Train/basal cell carcinoma/ISIC_0028765.jpg,0.001978158950805664,3.4279091358184814,0.21879863739013672,496.2208543470778,1.978158950805664,1.494288444519043,496.13263887915656
1702,/Users/soneyeoluwasina/Downloads/Skin/Train/basal cell carcinoma/ISIC_0031552.jpg,0.0015959739685058594,3.4295060634613037,0.19875526428222656,496.281379448042,1.5959739685058594,1.4844655990600586,496.20929688779245
1703,/Users/soneyeoluwasina/Downloads/Skin/Train/basal cell carcinoma/ISIC_0026760.jpg,0.0016109943389892578,3.431117057800293,0.2657451629638672,496.33981333525304,1.6109943389892578,1.4839839935302734,496.28595487353886
1704,/Users/soneyeoluwasina/Downloads/Skin/Train/basal cell carcinoma/ISIC_0025731.jpg,0.0015039443969726562,3.432621955871582,0.24553775787353516,496.41353516523054,1.5039443969726562,1.4848041534423828,496.3624201098397
1705,/Users/soneyeoluwasina/Downloads/Skin/Train/basal cell carcinoma/ISIC_0029123.jpg,0.001560211181640625,3.4341821670532227,0.26282787322998047,496.4791956458774,1.560211181640625,1.4984798431396484,496.43684517914016
1706,/Users/soneyeoluwasina/Downloads/Skin/Train/basal cell carcinoma/ISIC_0030314.jpg,0.0013918876647949219,3.4355740547180176,0.2772407531738281,496.5691243526473,1.3918876647949219,1.490182876586914,496.51239779364374
1707,/Users/soneyeoluwasina/Downloads/Skin/Train/basal cell carcinoma/ISIC_0027046.jpg,0.0014150142669677734,3.4369900226593018,0.25714683532714844,496.65550052404376,1.4150142669677734,1.4951229095458984,496.5871684383447
1708,/Users/soneyeoluwasina/Downloads/Skin/Train/basal cell carcinoma/ISIC_0024573.jpg,0.001043081283569336,3.438033103942871,0.13656044006347656,496.79568182202746,1.043081283569336,1.497187614440918,496.6615844258904
1709,/Users/soneyeoluwasina/Downloads/Skin/Train/basal cell carcinoma/ISIC_0024572.jpg,0.001683950424194336,3.439718008041382,0.25278472900390625,496.8430539959076,1.683950424194336,1.4996051788330078,496.73558125177624
1710,/Users/soneyeoluwasina/Downloads/Skin/Train/basal cell carcinoma/ISIC_0030261.jpg,0.0018658638000488281,3.441585063934326,0.23273277282714844,496.86408100724805,1.8658638000488281,1.5077495574951172,496.8083328422583
1711,/Users/soneyeoluwasina/Downloads/Skin/Train/basal cell carcinoma/ISIC_0030249.jpg,0.0013201236724853516,3.442906141281128,0.2067556381225586,496.9638816129114,1.3201236724853516,1.5047073364257812,496.8814517525113
1712,/Users/soneyeoluwasina/Downloads/Skin/Train/basal cell carcinoma/ISIC_0025644.jpg,0.0017728805541992188,3.444679021835327,0.2661323547363281,496.9984109253365,1.7728805541992188,1.5001916885375977,496.9551623039367
1713,/Users/soneyeoluwasina/Downloads/Skin/Train/basal cell carcinoma/ISIC_0025650.jpg,0.0013387203216552734,3.446018934249878,0.19491291046142578,497.09535341624064,1.3387203216552734,1.5100908279418945,497.02737765330073
1714,/Users/soneyeoluwasina/Downloads/Skin/Train/basal cell carcinoma/ISIC_0027090.jpg,0.0015659332275390625,3.4475860595703125,0.29213619232177734,497.15945313156976,1.5659332275390625,1.5166139602661133,497.0985946963124
1715,/Users/soneyeoluwasina/Downloads/Skin/Train/basal cell carcinoma/ISIC_0029917.jpg,0.0011157989501953125,3.448702812194824,0.19782733917236328,497.28842796649656,1.1157989501953125,1.5220975875854492,497.16896413176676
1716,/Users/soneyeoluwasina/Downloads/Skin/Train/basal cell carcinoma/ISIC_0025718.jpg,0.0017790794372558594,3.4504830837249756,0.30103111267089844,497.3216672453554,1.7790794372558594,1.518101692199707,497.2398473123592
1717,/Users/soneyeoluwasina/Downloads/Skin/Train/basal cell carcinoma/ISIC_0029644.jpg,0.001628875732421875,3.4521119594573975,0.22020721435546875,497.3766842341573,1.628875732421875,1.516423225402832,497.310899380865
1718,/Users/soneyeoluwasina/Downloads/Skin/Train/basal cell carcinoma/ISIC_0028994.jpg,0.0016121864318847656,3.4537241458892822,0.2911520004272461,497.4340530481599,1.6121864318847656,1.5136051177978516,497.38229598014135
1719,/Users/soneyeoluwasina/Downloads/Skin/Train/basal cell carcinoma/ISIC_0028980.jpg,0.0013577938079833984,3.455082893371582,0.21127605438232422,497.5278605609789,1.3577938079833984,1.5098905563354492,497.45415590414285
1720,/Users/soneyeoluwasina/Downloads/Skin/Train/basal cell carcinoma/ISIC_0030659.jpg,0.0014920234680175781,3.456575870513916,0.2453603744506836,497.60227011718223,1.4920234680175781,1.5074682235717773,497.52629356844824
1721,/Users/soneyeoluwasina/Downloads/Skin/Train/basal cell carcinoma/ISIC_0026952.jpg,0.0023221969604492188,3.4588980674743652,0.2526845932006836,497.5573047911898,2.3221969604492188,1.5103912353515625,497.59794908694164
1722,/Users/soneyeoluwasina/Downloads/Skin/Train/basal cell carcinoma/ISIC_0026978.jpg,0.0013928413391113281,3.4602909088134766,0.2589988708496094,497.64602034297417,1.3928413391113281,1.5142297744750977,497.6689940463399
1723,/Users/soneyeoluwasina/Downloads/Skin/Train/basal cell carcinoma/ISIC_0030868.jpg,0.0014929771423339844,3.4617838859558105,0.2679452896118164,497.7202669958913,1.4929771423339844,1.5198278427124023,497.7391687361599
1724,/Users/soneyeoluwasina/Downloads/Skin/Train/basal cell carcinoma/ISIC_0025530.jpg,0.0013511180877685547,3.463135004043579,0.24814701080322266,497.8148405958897,1.3511180877685547,1.5265655517578125,497.80830814054224
1725,/Users/soneyeoluwasina/Downloads/Skin/Train/basal cell carcinoma/ISIC_0027858.jpg,0.0017478466033935547,3.464883804321289,0.3659248352050781,497.8521928639098,1.7478466033935547,1.5238380432128906,497.8777684680556
1726,/Users/soneyeoluwasina/Downloads/Skin/Train/basal cell carcinoma/ISIC_0028570.jpg,0.0013239383697509766,3.4662089347839355,0.28153228759765625,497.9503637762071,1.3239383697509766,1.5167951583862305,497.94817696617093
1727,/Users/soneyeoluwasina/Downloads/Skin/Train/basal cell carcinoma/ISIC_0031009.jpg,0.0013239383697509766,3.4675328731536865,0.251495361328125,498.04863087838896,1.3239383697509766,1.5056705474853516,498.0202574071666
1728,/Users/soneyeoluwasina/Downloads/Skin/Train/basal cell carcinoma/ISIC_0026213.jpg,0.0012600421905517578,3.468794107437134,0.20037078857421875,498.15582778324847,1.2600421905517578,1.505584716796875,498.0922905539196
1729,/Users/soneyeoluwasina/Downloads/Skin/Train/basal cell carcinoma/ISIC_0025691.jpg,0.0019059181213378906,3.470700979232788,0.2076587677001953,498.17025734732186,1.9059181213378906,1.5047025680541992,498.1643851613446
1730,/Users/soneyeoluwasina/Downloads/Skin/Train/basal cell carcinoma/ISIC_0029083.jpg,0.001129150390625,3.4718310832977295,0.13568496704101562,498.29613206779464,1.129150390625,1.512303352355957,498.2353305056961
1731,/Users/soneyeoluwasina/Downloads/Skin/Train/basal cell carcinoma/ISIC_0024564.jpg,0.0014698505401611328,3.4733009338378906,0.21593379974365234,498.3731709326143,1.4698505401611328,1.509861946105957,498.3065611132858
1732,/Users/soneyeoluwasina/Downloads/Skin/Train/basal cell carcinoma/ISIC_0030511.jpg,0.0018260478973388672,3.475127935409546,0.27141761779785156,498.3989171598319,1.8260478973388672,1.5149831771850586,498.37699265262285
1733,/Users/soneyeoluwasina/Downloads/Skin/Train/basal cell carcinoma/ISIC_0031169.jpg,0.0014989376068115234,3.4766290187835693,0.23665428161621094,498.47136137819956,1.4989376068115234,1.5290641784667969,498.44535126656194
1734,/Users/soneyeoluwasina/Downloads/Skin/Train/basal cell carcinoma/ISIC_0024799.jpg,0.0016551017761230469,3.478285074234009,0.25906944274902344,498.52153086729476,1.6551017761230469,1.5428829193115234,498.5116567605944
1735,/Users/soneyeoluwasina/Downloads/Skin/Train/basal cell carcinoma/ISIC_0025322.jpg,0.0013079643249511719,3.4795939922332764,0.1875743865966797,498.6213919993696,1.3079643249511719,1.5498876571655273,498.57691090486185
1736,/Users/soneyeoluwasina/Downloads/Skin/Train/basal cell carcinoma/ISIC_0029524.jpg,0.0014882087707519531,3.4810831546783447,0.23213672637939453,498.6953551129427,1.4882087707519531,1.5464353561401367,498.64260978188787
1737,/Users/soneyeoluwasina/Downloads/Skin/Train/basal cell carcinoma/ISIC_0030712.jpg,0.0016789436340332031,3.4827630519866943,0.26571083068847656,498.7419396818145,1.6789436340332031,1.552872657775879,498.7073254528235
1738,/Users/soneyeoluwasina/Downloads/Skin/Train/basal cell carcinoma/ISIC_0026831.jpg,0.0018091201782226562,3.4845731258392334,0.2651510238647461,498.76984561241363,1.8091201782226562,1.567234992980957,498.76995134915575
1739,/Users/soneyeoluwasina/Downloads/Skin/Train/basal cell carcinoma/ISIC_0027291.jpg,0.001753091812133789,3.4863269329071045,0.23865509033203125,498.8057727993741,1.753091812133789,1.5822076797485352,498.83036402710445
1740,/Users/soneyeoluwasina/Downloads/Skin/Train/basal cell carcinoma/ISIC_0027722.jpg,0.0014882087707519531,3.487816095352173,0.24240589141845703,498.8795144098067,1.4882087707519531,1.591649055480957,498.88937210939156
1741,/Users/soneyeoluwasina/Downloads/Skin/Train/basal cell carcinoma/ISIC_0031140.jpg,0.001280069351196289,3.4890968799591064,0.2123584747314453,498.98299184527235,1.280069351196289,1.6052675247192383,498.94636680802427
1742,/Users/soneyeoluwasina/Downloads/Skin/Train/basal cell carcinoma/ISIC_0031154.jpg,0.0014081001281738281,3.4905049800872803,0.2354755401611328,499.0681892556535,1.4081001281738281,1.602625846862793,499.00369187674323
1743,/Users/soneyeoluwasina/Downloads/Skin/Train/basal cell carcinoma/ISIC_0029082.jpg,0.0011932849884033203,3.49169921875,0.18954849243164062,499.18389036498394,1.1932849884033203,1.5947675704956055,499.06207245547296
1744,/Users/soneyeoluwasina/Downloads/Skin/Train/basal cell carcinoma/ISIC_0027093.jpg,0.0011909008026123047,3.4928901195526123,0.12610530853271484,499.2999894950548,1.1909008026123047,1.6025400161743164,499.1192973207473
1745,/Users/soneyeoluwasina/Downloads/Skin/Train/basal cell carcinoma/ISIC_0026574.jpg,0.0015540122985839844,3.4944450855255127,0.2820901870727539,499.3639783403773,1.5540122985839844,1.6051435470581055,499.1760830698248
1746,/Users/soneyeoluwasina/Downloads/Skin/Train/basal cell carcinoma/ISIC_0029647.jpg,0.0016329288482666016,3.4960780143737793,0.33696651458740234,499.4167729728838,1.6329288482666016,1.6013431549072266,499.2333488024773
1747,/Users/soneyeoluwasina/Downloads/Skin/Train/basal cell carcinoma/ISIC_0027865.jpg,0.0015938282012939453,3.4976727962493896,0.30969715118408203,499.47496571815867,1.5938282012939453,1.58233642578125,499.29328222715594
1748,/Users/soneyeoluwasina/Downloads/Skin/Train/basal cell carcinoma/ISIC_0029323.jpg,0.001664876937866211,3.4993388652801514,0.2226886749267578,499.5229291290879,1.664876937866211,1.5785789489746094,499.35368117885344
1749,/Users/soneyeoluwasina/Downloads/Skin/Train/basal cell carcinoma/ISIC_0030114.jpg,0.0012378692626953125,3.500577926635742,0.17858028411865234,499.6317855665879,1.2378692626953125,1.569681167602539,499.4152773194153
1750,/Users/soneyeoluwasina/Downloads/Skin/Train/basal cell carcinoma/ISIC_0029337.jpg,0.0012259483337402344,3.5018038749694824,0.2254323959350586,499.74243632226575,1.2259483337402344,1.5729808807373047,499.4763413626632
1751,/Users/soneyeoluwasina/Downloads/Skin/Train/basal cell carcinoma/ISIC_0031236.jpg,0.0014219284057617188,3.5032269954681396,0.2239665985107422,499.82487639685826,1.4219284057617188,1.5659427642822266,499.5383563391264
1752,/Users/soneyeoluwasina/Downloads/Skin/Train/actinic keratosis/ISIC_0029460.jpg,0.0015916824340820312,3.504819869995117,0.2895364761352539,499.8830367856939,1.5916824340820312,1.5792655944824219,499.598422485273
1753,/Users/soneyeoluwasina/Downloads/Skin/Train/actinic keratosis/ISIC_0031993.jpg,0.0015668869018554688,3.5063889026641846,0.25922298431396484,499.94454370650544,1.5668869018554688,1.6112661361694336,499.65389475381426
1754,/Users/soneyeoluwasina/Downloads/Skin/Train/actinic keratosis/ISIC_0029500.jpg,0.0018839836120605469,3.508275032043457,0.26958656311035156,499.9608023828028,1.8839836120605469,1.6226005554199219,499.70769386863896
1755,/Users/soneyeoluwasina/Downloads/Skin/Train/actinic keratosis/ISIC_0026626.jpg,0.001438140869140625,3.509714126586914,0.27747249603271484,500.0407260253649,1.438140869140625,1.618046760559082,499.7620909389989
1756,/Users/soneyeoluwasina/Downloads/Skin/Train/actinic keratosis/ISIC_0032135.jpg,0.00164794921875,3.5113630294799805,0.2348165512084961,500.09070131949784,1.64794921875,1.6226673126220703,499.8157597682433
1757,/Users/soneyeoluwasina/Downloads/Skin/Train/actinic keratosis/ISIC_0029930.jpg,0.0021190643310546875,3.513484001159668,0.2599353790283203,500.0734312209991,2.1190643310546875,1.6201305389404297,499.86972880681134
1758,/Users/soneyeoluwasina/Downloads/Skin/Train/actinic keratosis/ISIC_0027896.jpg,0.001734018325805664,3.5152199268341064,0.2776308059692383,500.11095652365003,1.734018325805664,1.6126728057861328,499.924709336929
1759,/Users/soneyeoluwasina/Downloads/Skin/Train/actinic keratosis/ISIC_0033413.jpg,0.0020341873168945312,3.517256021499634,0.30730628967285156,500.10576120928056,2.0341873168945312,1.6086101531982422,499.980212289899
1760,/Users/soneyeoluwasina/Downloads/Skin/Train/actinic keratosis/ISIC_0028190.jpg,0.0016932487487792969,3.518951177597046,0.24045753479003906,500.14902485854753,1.6932487487792969,1.6100883483886719,500.03545850175635
1761,/Users/soneyeoluwasina/Downloads/Skin/Train/actinic keratosis/ISIC_0026625.jpg,0.001641988754272461,3.5205941200256348,0.2873268127441406,500.19966515969116,1.641988754272461,1.6175460815429688,500.0895917188576
1762,/Users/soneyeoluwasina/Downloads/Skin/Train/actinic keratosis/ISIC_0026194.jpg,0.002490997314453125,3.5230860710144043,0.24042415618896484,500.1297057419509,2.490997314453125,1.6139411926269531,500.14416137731735
1763,/Users/soneyeoluwasina/Downloads/Skin/Train/actinic keratosis/ISIC_0028393.jpg,0.0020873546600341797,3.5251822471618652,0.1314229965209961,500.1159873136762,2.0873546600341797,1.612844467163086,500.1988358441595
1764,/Users/soneyeoluwasina/Downloads/Skin/Train/actinic keratosis/ISIC_0030655.jpg,0.0020380020141601562,3.5272250175476074,0.2703275680541992,500.109857245928,2.0380020141601562,1.6093206405639648,500.2539649395812
1765,/Users/soneyeoluwasina/Downloads/Skin/Train/actinic keratosis/ISIC_0030133.jpg,0.001796722412109375,3.529024839401245,0.24019527435302734,500.13816289812803,1.796722412109375,1.6066980361938477,500.3094215089189
1766,/Users/soneyeoluwasina/Downloads/Skin/Train/actinic keratosis/ISIC_0033358.jpg,0.0016469955444335938,3.530673027038574,0.29147815704345703,500.1879206813069,1.6469955444335938,1.6088485717773438,500.36450797208715
1767,/Users/soneyeoluwasina/Downloads/Skin/Train/actinic keratosis/ISIC_0030730.jpg,0.0012359619140625,3.5319111347198486,0.21092605590820312,500.29571317064256,1.2359619140625,1.6036319732666016,500.42026327742656
1768,/Users/soneyeoluwasina/Downloads/Skin/Train/actinic keratosis/ISIC_0031823.jpg,0.0020008087158203125,3.5339128971099854,0.2725057601928711,500.2952963118759,2.0008087158203125,1.6022872924804688,500.4761446062763
1769,/Users/soneyeoluwasina/Downloads/Skin/Train/actinic keratosis/ISIC_0027884.jpg,0.0014879703521728516,3.5354039669036865,0.23024559020996094,500.3671480148543,1.4879703521728516,1.6075611114501953,500.53121084854035
1770,/Users/soneyeoluwasina/Downloads/Skin/Train/actinic keratosis/ISIC_0029659.jpg,0.0013020038604736328,3.5367069244384766,0.25550174713134766,500.4655567498071,1.3020038604736328,1.613306999206543,500.5853965528797
1771,/Users/soneyeoluwasina/Downloads/Skin/Train/actinic keratosis/ISIC_0030491.jpg,0.0013718605041503906,3.5380799770355225,0.2622976303100586,500.55397602512113,1.3718605041503906,1.609330177307129,500.6400862790586
1772,/Users/soneyeoluwasina/Downloads/Skin/Train/actinic keratosis/ISIC_0031228.jpg,0.0012049674987792969,3.539285898208618,0.25030040740966797,500.6659679278478,1.2049674987792969,1.6068553924560547,500.6950720430377
1773,/Users/soneyeoluwasina/Downloads/Skin/Train/actinic keratosis/ISIC_0030877.jpg,0.0010480880737304688,3.540334939956665,0.15540122985839844,500.8000740239855,1.0480880737304688,1.6038751602172852,500.7504254609096
1774,/Users/soneyeoluwasina/Downloads/Skin/Train/actinic keratosis/ISIC_0029840.jpg,0.001516103744506836,3.541851043701172,0.25072288513183594,500.86804275828644,1.516103744506836,1.6064786911010742,500.8053669598887
1775,/Users/soneyeoluwasina/Downloads/Skin/Train/actinic keratosis/ISIC_0029713.jpg,0.0013959407806396484,3.5432469844818115,0.24905014038085938,500.95294168706897,1.3959407806396484,1.6099023818969727,500.8597602768175
1776,/Users/soneyeoluwasina/Downloads/Skin/Train/actinic keratosis/ISIC_0030242.jpg,0.001990079879760742,3.5452380180358887,0.24971485137939453,500.9536710835367,1.9900798797607422,1.6164207458496094,500.91316835568205
1777,/Users/soneyeoluwasina/Downloads/Skin/Train/actinic keratosis/ISIC_0030344.jpg,0.0029239654541015625,3.5481650829315186,0.2487773895263672,500.8222443054511,2.9239654541015625,1.622319221496582,500.96536627841357
1778,/Users/soneyeoluwasina/Downloads/Skin/Train/actinic keratosis/ISIC_0033705.jpg,0.0018267631530761719,3.549994945526123,0.3009319305419922,500.8457835244871,1.8267631530761719,1.616525650024414,501.01832382879155
1779,/Users/soneyeoluwasina/Downloads/Skin/Train/actinic keratosis/ISIC_0026650.jpg,0.0016782283782958984,3.5516772270202637,0.24082469940185547,500.89011086531656,1.6782283782958984,1.6157293319702148,501.07134533590505
1780,/Users/soneyeoluwasina/Downloads/Skin/Train/actinic keratosis/ISIC_0029210.jpg,0.001360177993774414,3.553039073944092,0.25989437103271484,500.97957353001766,1.360177993774414,1.6047477722167969,501.12587298325394
1781,/Users/soneyeoluwasina/Downloads/Skin/Train/actinic keratosis/ISIC_0029827.jpg,0.0013430118560791016,3.554382085800171,0.2201080322265625,501.07162286101186,1.3430118560791016,1.6048860549926758,501.1803235943844
1782,/Users/soneyeoluwasina/Downloads/Skin/Train/actinic keratosis/ISIC_0025953.jpg,0.0014531612396240234,3.5558362007141113,0.2603912353515625,501.1479436657191,1.4531612396240234,1.610722541809082,501.23390918245997
1783,/Users/soneyeoluwasina/Downloads/Skin/Train/actinic keratosis/ISIC_0026525.jpg,0.0012958049774169922,3.5571320056915283,0.2611064910888672,501.2465090266938,1.2958049774169922,1.6046619415283203,501.28832072400286
1784,/Users/soneyeoluwasina/Downloads/Skin/Train/actinic keratosis/ISIC_0025992.jpg,0.0017290115356445312,3.5588619709014893,0.23753833770751953,501.28384146016714,1.7290115356445312,1.6017627716064453,501.3430973224938
1785,/Users/soneyeoluwasina/Downloads/Skin/Train/actinic keratosis/ISIC_0025825.jpg,0.0016808509826660156,3.5605428218841553,0.2807788848876953,501.3280528544297,1.6808509826660156,1.5826416015625,501.4005219259866
1786,/Users/soneyeoluwasina/Downloads/Skin/Train/actinic keratosis/ISIC_0026848.jpg,0.0013079643249511719,3.561856985092163,0.2249441146850586,501.4238380359304,1.3079643249511719,1.5800809860229492,501.4582637047097
1787,/Users/soneyeoluwasina/Downloads/Skin/Train/actinic keratosis/ISIC_0030408.jpg,0.0016241073608398438,3.5634829998016357,0.2964162826538086,501.47566302392204,1.6241073608398438,1.5757989883422852,501.5165579733751
1788,/Users/soneyeoluwasina/Downloads/Skin/Train/actinic keratosis/ISIC_0029830.jpg,0.0016329288482666016,3.565117120742798,0.24788951873779297,501.5263003834969,1.6329288482666016,1.5509939193725586,501.5783079167514
1789,/Users/soneyeoluwasina/Downloads/Skin/Train/actinic keratosis/ISIC_0026040.jpg,0.0016219615936279297,3.566739082336426,0.2337045669555664,501.5786012662577,1.6219615936279297,1.5486717224121094,501.6403735066499
1790,/Users/soneyeoluwasina/Downloads/Skin/Train/actinic keratosis/ISIC_0026905.jpg,0.0015957355499267578,3.5683398246765137,0.27359676361083984,501.6338375682231,1.5957355499267578,1.5325546264648438,501.70466556053475
1791,/Users/soneyeoluwasina/Downloads/Skin/Train/actinic keratosis/ISIC_0026468.jpg,0.0010192394256591797,3.569359064102173,0.14852333068847656,501.77075711224455,1.0192394256591797,1.5234804153442383,501.7701889778003
1792,/Users/soneyeoluwasina/Downloads/Skin/Train/actinic keratosis/ISIC_0027950.jpg,0.0013408660888671875,3.5707008838653564,0.15918350219726562,501.8622556981372,1.3408660888671875,1.5189409255981445,501.83629836970795
1793,/Users/soneyeoluwasina/Downloads/Skin/Train/actinic keratosis/ISIC_0030586.jpg,0.0014569759368896484,3.572160005569458,0.2821025848388672,501.9372024781874,1.4569759368896484,1.5242195129394531,501.901606202894
1794,/Users/soneyeoluwasina/Downloads/Skin/Train/actinic keratosis/ISIC_0026709.jpg,0.0014781951904296875,3.573639154434204,0.2874727249145508,502.00927471202243,1.4781951904296875,1.509861946105957,501.9688803039714
1795,/Users/soneyeoluwasina/Downloads/Skin/Train/actinic keratosis/ISIC_0030143.jpg,0.0013551712036132812,3.574995994567871,0.23226261138916016,502.0984646493209,1.3551712036132812,1.5089607238769531,502.03622821708285
1796,/Users/soneyeoluwasina/Downloads/Skin/Train/actinic keratosis/ISIC_0031922.jpg,0.0015091896057128906,3.5765061378479004,0.23196887969970703,502.1660611718428,1.5091896057128906,1.5072822570800781,502.1037447432911
1797,/Users/soneyeoluwasina/Downloads/Skin/Train/actinic keratosis/ISIC_0025957.jpg,0.0014448165893554688,3.5779519081115723,0.24854564666748047,502.2426366117506,1.4448165893554688,1.5019845962524414,502.1719407971029
1798,/Users/soneyeoluwasina/Downloads/Skin/Train/actinic keratosis/ISIC_0027615.jpg,0.001795053482055664,3.5797479152679443,0.25101280212402344,502.27000407804405,1.795053482055664,1.502070426940918,502.24005548347225
1799,/Users/soneyeoluwasina/Downloads/Skin/Train/actinic keratosis/ISIC_0026457.jpg,0.0014090538024902344,3.58115816116333,0.2589559555053711,502.3514514130254,1.4090538024902344,1.5088462829589844,502.307152409589
1800,/Users/soneyeoluwasina/Downloads/Skin/Train/actinic keratosis/ISIC_0032422.jpg,0.0015518665313720703,3.5827109813690186,0.24391841888427734,502.41284026549846,1.5518665313720703,1.5069818496704102,502.3744500211866
1801,/Users/soneyeoluwasina/Downloads/Skin/Train/actinic keratosis/ISIC_0030036.jpg,0.0017168521881103516,3.5845448970794678,0.22205638885498047,502.43477253343286,1.7168521881103516,1.5106010437011719,502.44117856477646
1802,/Users/soneyeoluwasina/Downloads/Skin/Train/actinic keratosis/ISIC_0027562.jpg,0.0013020038604736328,3.5858490467071533,0.23655033111572266,502.5309143045933,1.3020038604736328,1.5007638931274414,502.50924031564557
1803,/Users/soneyeoluwasina/Downloads/Skin/Train/actinic keratosis/ISIC_0032437.jpg,0.0015270709991455078,3.5873770713806152,0.27222728729248047,502.59561906217704,1.5270709991455078,1.4784431457519531,502.58041470984625
1804,/Users/soneyeoluwasina/Downloads/Skin/Train/actinic keratosis/ISIC_0027172.jpg,0.0013349056243896484,3.5887129306793213,0.24303913116455078,502.68718475024804,1.3349056243896484,1.4782905578613281,502.6515707517249
1805,/Users/soneyeoluwasina/Downloads/Skin/Train/actinic keratosis/ISIC_0030142.jpg,0.0014450550079345703,3.5901589393615723,0.23969078063964844,502.76325658188773,1.4450550079345703,1.4788818359375,502.7226020249423
1806,/Users/soneyeoluwasina/Downloads/Skin/Train/actinic keratosis/ISIC_0031506.jpg,0.0019397735595703125,3.592099905014038,0.2879009246826172,502.76998072327893,1.9397735595703125,1.4879560470581055,502.7923067003362
1807,/Users/soneyeoluwasina/Downloads/Skin/Train/actinic keratosis/ISIC_0030826.jpg,0.0018160343170166016,3.59391713142395,0.2505817413330078,502.7940082981397,1.8160343170166016,1.4884567260742188,502.8618748239571
1808,/Users/soneyeoluwasina/Downloads/Skin/Train/actinic keratosis/ISIC_0031292.jpg,0.001589059829711914,3.5955071449279785,0.24570083618164062,502.8497864481969,1.589059829711914,1.4906501770019531,502.9310788434134
1809,/Users/soneyeoluwasina/Downloads/Skin/Train/actinic keratosis/ISIC_0027802.jpg,0.0010781288146972656,3.596585988998413,0.21926021575927734,502.97699138392494,1.0781288146972656,1.4998579025268555,502.9989382203668
1810,/Users/soneyeoluwasina/Downloads/Skin/Train/actinic keratosis/ISIC_0026857.jpg,0.0015652179718017578,3.598151206970215,0.2648172378540039,503.0361137946983,1.5652179718017578,1.4906740188598633,503.068022771001
1811,/Users/soneyeoluwasina/Downloads/Skin/Train/actinic keratosis/ISIC_0028517.jpg,0.0014278888702392578,3.599579095840454,0.27809810638427734,503.11437859296586,1.4278888702392578,1.4925575256347656,503.13679236558016
1812,/Users/soneyeoluwasina/Downloads/Skin/Train/actinic keratosis/ISIC_0030825.jpg,0.0012507438659667969,3.6008307933807373,0.23310565948486328,503.2172029107635,1.2507438659667969,1.4937162399291992,503.2053481028968
1813,/Users/soneyeoluwasina/Downloads/Skin/Train/actinic keratosis/ISIC_0025780.jpg,0.0019712448120117188,3.6028032302856445,0.2488536834716797,503.21926680860065,1.9712448120117188,1.4858341217041016,503.27494581578605
1814,/Users/soneyeoluwasina/Downloads/Skin/Train/actinic keratosis/ISIC_0027829.jpg,0.001232147216796875,3.604037046432495,0.21199607849121094,503.32445994016973,1.232147216796875,1.484236717224121,503.34471387248914
1815,/Users/soneyeoluwasina/Downloads/Skin/Train/actinic keratosis/ISIC_0029025.jpg,0.0013430118560791016,3.605380058288574,0.2528715133666992,503.41433376140554,1.3430118560791016,1.477217674255371,503.4154005504832
1816,/Users/soneyeoluwasina/Downloads/Skin/Train/actinic keratosis/ISIC_0032404.jpg,0.0014200210571289062,3.606800079345703,0.2528867721557617,503.4933902766893,1.4200210571289062,1.4746284484863281,503.48640406933504
1817,/Users/soneyeoluwasina/Downloads/Skin/Train/actinic keratosis/ISIC_0029781.jpg,0.0014998912811279297,3.6083009243011475,0.22606849670410156,503.5611048299457,1.4998912811279297,1.4814043045043945,503.5563878326121
1818,/Users/soneyeoluwasina/Downloads/Skin/Train/actinic keratosis/ISIC_0032206.jpg,0.0012829303741455078,3.6095850467681885,0.2525196075439453,503.65900136574726,1.2829303741455078,1.4848899841308594,503.62582795065197
1819,/Users/soneyeoluwasina/Downloads/Skin/Train/actinic keratosis/ISIC_0027958.jpg,0.0014429092407226562,3.6110289096832275,0.29030418395996094,503.73454367042694,1.4429092407226562,1.4830923080444336,503.69546216075184
1820,/Users/soneyeoluwasina/Downloads/Skin/Train/actinic keratosis/ISIC_0028854.jpg,0.0012180805206298828,3.612247943878174,0.26497936248779297,503.84138306021583,1.2180805206298828,1.4813852310180664,503.765277963219
1821,/Users/soneyeoluwasina/Downloads/Skin/Train/actinic keratosis/ISIC_0031108.jpg,0.0011069774627685547,3.6133549213409424,0.13060760498046875,503.9637787157132,1.1069774627685547,1.4795637130737305,503.83528851550477
1822,/Users/soneyeoluwasina/Downloads/Skin/Train/actinic keratosis/ISIC_0029141.jpg,0.001209259033203125,3.614565134048462,0.22575950622558594,504.07170224631835,1.209259033203125,1.480698585510254,503.9050847974132
1823,/Users/soneyeoluwasina/Downloads/Skin/Train/actinic keratosis/ISIC_0031040.jpg,0.001386880874633789,3.6159520149230957,0.24228191375732422,504.1549203298185,1.386880874633789,1.479039192199707,503.97505212349046
1824,/Users/soneyeoluwasina/Downloads/Skin/Train/actinic keratosis/ISIC_0026702.jpg,0.001422882080078125,3.6173758506774902,0.26683712005615234,504.2329233381671,1.422882080078125,1.4737749099731445,504.0457020276092
1825,/Users/soneyeoluwasina/Downloads/Skin/Train/actinic keratosis/ISIC_0033494.jpg,0.0015769004821777344,3.6189539432525635,0.3083658218383789,504.2893688665645,1.5769004821777344,1.469430923461914,504.11689369444576
1826,/Users/soneyeoluwasina/Downloads/Skin/Train/actinic keratosis/ISIC_0028063.jpg,0.0014982223510742188,3.620453119277954,0.25322914123535156,504.35675862698884,1.4982223510742188,1.4640378952026367,504.18877938957115
1827,/Users/soneyeoluwasina/Downloads/Skin/Train/actinic keratosis/ISIC_0033866.jpg,0.0018079280853271484,3.6222620010375977,0.32340431213378906,504.3809640154841,1.8079280853271484,1.4575815200805664,504.2618374394481
1828,/Users/soneyeoluwasina/Downloads/Skin/Train/actinic keratosis/ISIC_0031335.jpg,0.0018191337585449219,3.624082088470459,0.2688312530517578,504.4035856184223,1.8191337585449219,1.4586973190307617,504.33467939706287
1829,/Users/soneyeoluwasina/Downloads/Skin/Train/actinic keratosis/ISIC_0027580.jpg,0.0017077922821044922,3.62579083442688,0.22685909271240234,504.4416745261881,1.7077922821044922,1.4609003067016602,504.40716047673936
1830,/Users/soneyeoluwasina/Downloads/Skin/Train/actinic keratosis/ISIC_0032199.jpg,0.0018138885498046875,3.6276068687438965,0.2661886215209961,504.4648072997116,1.8138885498046875,1.4708471298217773,504.4782014491997
1831,/Users/soneyeoluwasina/Downloads/Skin/Train/actinic keratosis/ISIC_0028314.jpg,0.0013680458068847656,3.6289761066436768,0.26503944396972656,504.55002904205753,1.3680458068847656,1.4639616012573242,504.55013546166606
1832,/Users/soneyeoluwasina/Downloads/Skin/Train/actinic keratosis/ISIC_0025803.jpg,0.0015628337860107422,3.630539894104004,0.29825496673583984,504.6081446385337,1.5628337860107422,1.4502477645874023,504.62392360628945
1833,/Users/soneyeoluwasina/Downloads/Skin/Train/actinic keratosis/ISIC_0026729.jpg,0.0017561912536621094,3.632296085357666,0.23502540588378906,504.63947787436706,1.7561912536621094,1.4415216445922852,504.6988745197296
1834,/Users/soneyeoluwasina/Downloads/Skin/Train/actinic keratosis/ISIC_0028076.jpg,0.0012698173522949219,3.6335678100585938,0.2449483871459961,504.73806899187207,1.2698173522949219,1.4391565322875977,504.7740970390294
1835,/Users/soneyeoluwasina/Downloads/Skin/Train/actinic keratosis/ISIC_0033456.jpg,0.0017750263214111328,3.6353440284729004,0.29671764373779297,504.7665325833904,1.7750263214111328,1.4505958557128906,504.84766634439836
1836,/Users/soneyeoluwasina/Downloads/Skin/Train/actinic keratosis/ISIC_0032854.jpg,0.0013659000396728516,3.636712074279785,0.2024078369140625,504.8516249017601,1.3659000396728516,1.4516353607177734,504.92102950995394
1837,/Users/soneyeoluwasina/Downloads/Skin/Train/actinic keratosis/ISIC_0026149.jpg,0.001230001449584961,3.637943983078003,0.22080326080322266,504.9555486683842,1.230001449584961,1.4490985870361328,504.99468065550286
1838,/Users/soneyeoluwasina/Downloads/Skin/Train/actinic keratosis/ISIC_0026765.jpg,0.0015530586242675781,3.639497995376587,0.2529172897338867,505.0147032186559,1.5530586242675781,1.4525604248046875,505.0677884251112
1839,/Users/soneyeoluwasina/Downloads/Skin/Train/actinic keratosis/ISIC_0028990.jpg,0.0012710094451904297,3.6407699584960938,0.2601146697998047,505.1129351659566,1.2710094451904297,1.4451980590820312,505.1418722232295
1840,/Users/soneyeoluwasina/Downloads/Skin/Train/actinic keratosis/ISIC_0027447.jpg,0.0014662742614746094,3.6422371864318848,0.2695140838623047,505.18401351081553,1.4662742614746094,1.449275016784668,505.2153295062659
1841,/Users/soneyeoluwasina/Downloads/Skin/Train/actinic keratosis/ISIC_0030463.jpg,0.0013580322265625,3.643596887588501,0.2605619430541992,505.2699452760972,1.3580322265625,1.4525318145751953,505.28826960494587
1842,/Users/soneyeoluwasina/Downloads/Skin/Train/actinic keratosis/ISIC_0031609.jpg,0.0015151500701904297,3.6451120376586914,0.2259988784790039,505.33426160013,1.5151500701904297,1.45233154296875,505.3611752981731
1843,/Users/soneyeoluwasina/Downloads/Skin/Train/actinic keratosis/ISIC_0028370.jpg,0.0013670921325683594,3.646480083465576,0.2639808654785156,505.4189129831836,1.3670921325683594,1.455235481262207,505.4336244098426
1844,/Users/soneyeoluwasina/Downloads/Skin/Train/actinic keratosis/ISIC_0027254.jpg,0.0013928413391113281,3.6478729248046875,0.2992696762084961,505.5000648353809,1.3928413391113281,1.4660358428955078,505.5045225856791
1845,/Users/soneyeoluwasina/Downloads/Skin/Train/actinic keratosis/ISIC_0027650.jpg,0.0012640953063964844,3.649137020111084,0.234405517578125,505.59899226361085,1.2640953063964844,1.4673328399658203,505.57518367037306
1846,/Users/soneyeoluwasina/Downloads/Skin/Train/actinic keratosis/ISIC_0029133.jpg,0.0015659332275390625,3.6507041454315186,0.2852363586425781,505.655875267263,1.5659332275390625,1.5096712112426758,505.6399505582683
1847,/Users/soneyeoluwasina/Downloads/Skin/Train/actinic keratosis/ISIC_0027334.jpg,0.001361846923828125,3.652066946029663,0.1953420639038086,505.7410029156125,1.361846923828125,1.5245914459228516,505.70258310232146
1848,/Users/soneyeoluwasina/Downloads/Skin/Train/actinic keratosis/ISIC_0027452.jpg,0.001531839370727539,3.653599977493286,0.2779684066772461,505.80249928398075,1.531839370727539,1.5354490280151367,505.7636586569004
1849,/Users/soneyeoluwasina/Downloads/Skin/Train/actinic keratosis/ISIC_0029309.jpg,0.001191854476928711,3.6547927856445312,0.1443042755126953,505.911034754854,1.191854476928711,1.549372673034668,505.82275672893263
1850,/Users/soneyeoluwasina/Downloads/Skin/Train/actinic keratosis/ISIC_0026984.jpg,0.0012822151184082031,3.6560750007629395,0.2460956573486328,506.00712502176435,1.2822151184082031,1.5588188171386719,505.8805002064857
1851,/Users/soneyeoluwasina/Downloads/Skin/Train/actinic keratosis/ISIC_0027668.jpg,0.001394033432006836,3.6574690341949463,0.30693817138671875,506.0876750272823,1.394033432006836,1.5555381774902344,505.9386459520888
1852,/Users/soneyeoluwasina/Downloads/Skin/Train/actinic keratosis/ISIC_0027536.jpg,0.0013577938079833984,3.658828020095825,0.26879405975341797,506.1730121853325,1.3577938079833984,1.5567922592163086,505.9965644820936
1853,/Users/soneyeoluwasina/Downloads/Skin/Train/actinic keratosis/ISIC_0028941.jpg,0.0016372203826904297,3.660466194152832,0.3286752700805664,506.21967304600474,1.6372203826904297,1.5488910675048828,506.0555271837362
1854,/Users/soneyeoluwasina/Downloads/Skin/Train/actinic keratosis/ISIC_0033811.jpg,0.0018322467803955078,3.6623001098632812,0.2858304977416992,506.2392333732618,1.8322467803955078,1.551809310913086,506.11405145320447
1855,/Users/soneyeoluwasina/Downloads/Skin/Train/actinic keratosis/ISIC_0028558.jpg,0.001100778579711914,3.6634018421173096,0.19272422790527344,506.3599572052077,1.100778579711914,1.577296257019043,506.16903705509236
1856,/Users/soneyeoluwasina/Downloads/Skin/Train/actinic keratosis/ISIC_0026575.jpg,0.0012540817260742188,3.6646571159362793,0.2620115280151367,506.45938795444783,1.2540817260742188,1.5715551376342773,506.22476894520065
1857,/Users/soneyeoluwasina/Downloads/Skin/Train/actinic keratosis/ISIC_0029915.jpg,0.0013797283172607422,3.66603684425354,0.2392406463623047,506.5415539701465,1.3797283172607422,1.57623291015625,506.2798047080555
1858,/Users/soneyeoluwasina/Downloads/Skin/Train/actinic keratosis/ISIC_0026171.jpg,0.001470804214477539,3.667508840560913,0.3067808151245117,506.6109124131887,1.470804214477539,1.5737342834472656,506.33512844683713
1859,/Users/soneyeoluwasina/Downloads/Skin/Train/actinic keratosis/ISIC_0031430.jpg,0.001650094985961914,3.6691601276397705,0.18960952758789062,506.6554566523711,1.650094985961914,1.5694332122802734,506.390997555993
1860,/Users/soneyeoluwasina/Downloads/Skin/Train/actinic keratosis/ISIC_0028820.jpg,0.0016171932220458984,3.6707801818847656,0.25216102600097656,506.7042720724784,1.6171932220458984,1.5743589401245117,506.44613565230736
1861,/Users/soneyeoluwasina/Downloads/Skin/Train/actinic keratosis/ISIC_0031381.jpg,0.0013010501861572266,3.6720821857452393,0.23528385162353516,506.7969358704086,1.3010501861572266,1.569657325744629,506.5018784544242
1862,/Users/soneyeoluwasina/Downloads/Skin/Train/actinic keratosis/ISIC_0029041.jpg,0.0014238357543945312,3.67350697517395,0.27156925201416016,506.8725913911813,1.4238357543945312,1.5683984756469727,506.55773936243384
1863,/Users/soneyeoluwasina/Downloads/Skin/Train/actinic keratosis/ISIC_0029900.jpg,0.0016031265258789062,3.6751110553741455,0.27071571350097656,506.9234567145174,1.6031265258789062,1.5771770477294922,506.6123438669988
1864,/Users/soneyeoluwasina/Downloads/Skin/Train/actinic keratosis/ISIC_0026212.jpg,0.001435995101928711,3.6765480041503906,0.2844886779785156,506.99732409199146,1.435995101928711,1.5851783752441406,506.6658079933316
1865,/Users/soneyeoluwasina/Downloads/Skin/Train/actinic keratosis/ISIC_0033151.jpg,0.0015058517456054688,3.678056001663208,0.27822113037109375,507.06133869540093,1.5058517456054688,1.5924310684204102,506.7182162136952
1866,/Users/soneyeoluwasina/Downloads/Skin/Train/squamous cell carcinoma/ISIC_0028795.jpg,0.0014100074768066406,3.679466962814331,0.21814441680908203,507.1386749380524,1.4100074768066406,1.5928316116333008,506.77051869022137
1867,/Users/soneyeoluwasina/Downloads/Skin/Train/squamous cell carcinoma/ISIC_0027303.jpg,0.0016450881958007812,3.6811130046844482,0.2482147216796875,507.18356041341974,1.6450881958007812,1.6002511978149414,506.82175784908287
1868,/Users/soneyeoluwasina/Downloads/Skin/Train/squamous cell carcinoma/ISIC_0029851.jpg,0.0018229484558105469,3.682936906814575,0.2828531265258789,507.2039101575758,1.8229484558105469,1.6080856323242188,506.8718778788009
1869,/Users/soneyeoluwasina/Downloads/Skin/Train/squamous cell carcinoma/ISIC_0028232.jpg,0.0015077590942382812,3.684445858001709,0.2114267349243164,507.26759790512114,1.5077590942382812,1.618180274963379,506.92056156130553
1870,/Users/soneyeoluwasina/Downloads/Skin/Train/squamous cell carcinoma/ISIC_0033000.jpg,0.0033349990844726562,3.6877830028533936,0.3113985061645508,507.07972745497824,3.3349990844726562,1.6156244277954102,506.9695341279141
1871,/Users/soneyeoluwasina/Downloads/Skin/Train/squamous cell carcinoma/ISIC_0029059.jpg,0.0018529891967773438,3.689640998840332,0.23230361938476562,507.09540591837043,1.8529891967773438,1.6182231903076172,507.01809325790254
1872,/Users/soneyeoluwasina/Downloads/Skin/Train/squamous cell carcinoma/ISIC_0031012.jpg,0.0017521381378173828,3.691394090652466,0.2338857650756836,507.1254799752681,1.7521381378173828,1.6137409210205078,507.06722086693514
1873,/Users/soneyeoluwasina/Downloads/Skin/Train/squamous cell carcinoma/ISIC_0028231.jpg,0.0020830631256103516,3.6934800148010254,0.2722930908203125,507.10982393142905,2.0830631256103516,1.615438461303711,507.1160619568443
1874,/Users/soneyeoluwasina/Downloads/Skin/Train/squamous cell carcinoma/ISIC_0029932.jpg,0.0018951892852783203,3.6953771114349365,0.3005256652832031,507.1200972158197,1.8951892852783203,1.6243219375610352,507.16364751097353
1875,/Users/soneyeoluwasina/Downloads/Skin/Train/squamous cell carcinoma/ISIC_0029715.jpg,0.0014128684997558594,3.696790933609009,0.25147533416748047,507.1966561467199,1.4128684997558594,1.6350030899047852,507.2097144570147
1876,/Users/soneyeoluwasina/Downloads/Skin/Train/squamous cell carcinoma/ISIC_0029067.jpg,0.0015609264373779297,3.6983540058135986,0.2671241760253906,507.2526851272313,1.5609264373779297,1.636357307434082,507.25553419308466
1877,/Users/soneyeoluwasina/Downloads/Skin/Train/squamous cell carcinoma/ISIC_0027506.jpg,0.0014128684997558594,3.69976806640625,0.26378631591796875,507.32909909761287,1.4128684997558594,1.6373157501220703,507.30106495370376
1878,/Users/soneyeoluwasina/Downloads/Skin/Train/squamous cell carcinoma/ISIC_0030245.jpg,0.001965045928955078,3.7017340660095215,0.19522857666015625,507.3297990918318,1.9650459289550781,1.6459035873413086,507.345375302525
1879,/Users/soneyeoluwasina/Downloads/Skin/Train/squamous cell carcinoma/ISIC_0031198.jpg,0.0029821395874023438,3.704719066619873,0.23931884765625,507.19095462058067,2.9821395874023438,1.6402959823608398,507.39040750790576
1880,/Users/soneyeoluwasina/Downloads/Skin/Train/squamous cell carcinoma/ISIC_0028224.jpg,0.0015268325805664062,3.7062489986419678,0.23725318908691406,507.2514018051307,1.5268325805664062,1.6401100158691406,507.43543886454967
1881,/Users/soneyeoluwasina/Downloads/Skin/Train/squamous cell carcinoma/ISIC_0025264.jpg,0.0016019344329833984,3.7078518867492676,0.21775054931640625,507.30181718480196,1.6019344329833984,1.648855209350586,507.4792166601907
1882,/Users/soneyeoluwasina/Downloads/Skin/Train/squamous cell carcinoma/ISIC_0031211.jpg,0.0014379024505615234,3.7092928886413574,0.2520160675048828,507.37433157761245,1.4379024505615234,1.6486930847167969,507.52295798837184
1883,/Users/soneyeoluwasina/Downloads/Skin/Train/squamous cell carcinoma/ISIC_0029462.jpg,0.0015411376953125,3.7108352184295654,0.23415279388427734,507.43293333215973,1.5411376953125,1.650538444519043,507.5663940122084
1884,/Users/soneyeoluwasina/Downloads/Skin/Train/squamous cell carcinoma/ISIC_0025089.jpg,0.001516103744506836,3.7123520374298096,0.2574033737182617,507.49497380759146,1.516103744506836,1.6516828536987305,507.6096303952252
1885,/Users/soneyeoluwasina/Downloads/Skin/Train/squamous cell carcinoma/ISIC_0026152.jpg,0.0015399456024169922,3.713892936706543,0.2864952087402344,507.5536726892311,1.5399456024169922,1.6547966003417969,507.65240068064645
1886,/Users/soneyeoluwasina/Downloads/Skin/Train/squamous cell carcinoma/ISIC_0028816.jpg,0.001302957534790039,3.7151970863342285,0.2154226303100586,507.64467030224483,1.302957534790039,1.6570329666137695,507.69482715919855
1887,/Users/soneyeoluwasina/Downloads/Skin/Train/squamous cell carcinoma/ISIC_0027700.jpg,0.0016689300537109375,3.7168660163879395,0.2651634216308594,507.68577389663125,1.6689300537109375,1.654806137084961,507.7374965581717
1888,/Users/soneyeoluwasina/Downloads/Skin/Train/squamous cell carcinoma/ISIC_0030297.jpg,0.001953125,3.718820095062256,0.26313304901123047,507.687909535294,1.953125,1.657710075378418,507.7797222712343
1889,/Users/soneyeoluwasina/Downloads/Skin/Train/squamous cell carcinoma/ISIC_0029315.jpg,0.0016336441040039062,3.720456838607788,0.20508861541748047,507.7333461841402,1.6336441040039062,1.6588640213012695,507.82174538269135
1890,/Users/soneyeoluwasina/Downloads/Skin/Train/squamous cell carcinoma/ISIC_0031570.jpg,0.0014863014221191406,3.7219440937042236,0.27227115631103516,507.7991373371217,1.4863014221191406,1.6646242141723633,507.86293985501214
1891,/Users/soneyeoluwasina/Downloads/Skin/Train/squamous cell carcinoma/ISIC_0025539.jpg,0.0017290115356445312,3.723673105239868,0.2817058563232422,507.8319032191703,1.7290115356445312,1.6734504699707031,507.9028955639671
1892,/Users/soneyeoluwasina/Downloads/Skin/Train/squamous cell carcinoma/ISIC_0030487.jpg,0.0019068717956542969,3.725580930709839,0.2631063461303711,507.84026308603507,1.9068717956542969,1.6773319244384766,507.9422741769042
1893,/Users/soneyeoluwasina/Downloads/Skin/Train/squamous cell carcinoma/ISIC_0032455.jpg,0.0018718242645263672,3.7274558544158936,0.2732820510864258,507.8530971084137,1.8718242645263672,1.6750717163085938,507.98192120584923
1894,/Users/soneyeoluwasina/Downloads/Skin/Train/squamous cell carcinoma/ISIC_0025471.jpg,0.0012650489807128906,3.7287230491638184,0.20652008056640625,507.9486931658111,1.2650489807128906,1.6745758056640625,508.0216070118727
1895,/Users/soneyeoluwasina/Downloads/Skin/Train/squamous cell carcinoma/ISIC_0026178.jpg,0.001394033432006836,3.730117082595825,0.2800760269165039,508.0269487630267,1.394033432006836,1.6948175430297852,508.05851447928114
1896,/Users/soneyeoluwasina/Downloads/Skin/Train/squamous cell carcinoma/ISIC_0027529.jpg,0.0013418197631835938,3.731458902359009,0.22443771362304688,508.1122557188982,1.3418197631835938,1.6576576232910156,508.1004839926139
1897,/Users/soneyeoluwasina/Downloads/Skin/Train/squamous cell carcinoma/ISIC_0030280.jpg,0.0014467239379882812,3.7329068183898926,0.25335121154785156,508.18305741106855,1.4467239379882812,1.6466188430786133,508.14392700194054
1898,/Users/soneyeoluwasina/Downloads/Skin/Train/squamous cell carcinoma/ISIC_0027930.jpg,0.00197601318359375,3.734884023666382,0.35254955291748047,508.1817769904436,1.97601318359375,1.6473817825317383,508.18723372940417
1899,/Users/soneyeoluwasina/Downloads/Skin/Train/squamous cell carcinoma/ISIC_0028381.jpg,0.001725912094116211,3.73661208152771,0.26055431365966797,508.2143820569129,1.725912094116211,1.6344022750854492,508.2322800460421
1900,/Users/soneyeoluwasina/Downloads/Skin/Train/squamous cell carcinoma/ISIC_0025712.jpg,0.0013499259948730469,3.737963914871216,0.24804973602294922,508.2981118252611,1.3499259948730469,1.6358757019042969,508.277105737606
1901,/Users/soneyeoluwasina/Downloads/Skin/Train/squamous cell carcinoma/ISIC_0031940.jpg,0.00144195556640625,3.7394449710845947,0.23226261138916016,508.36421305823654,1.44195556640625,1.638340950012207,508.3215491208624
1902,/Users/soneyeoluwasina/Downloads/Skin/Train/squamous cell carcinoma/ISIC_0030191.jpg,0.0017871856689453125,3.7412331104278564,0.23818111419677734,508.3885296263944,1.7871856689453125,1.6286039352416992,508.36726800276455
1903,/Users/soneyeoluwasina/Downloads/Skin/Train/squamous cell carcinoma/ISIC_0029371.jpg,0.0013568401336669922,3.74259090423584,0.19159412384033203,508.4712833150418,1.3568401336669922,1.6280841827392578,508.4130075244048
1904,/Users/soneyeoluwasina/Downloads/Skin/Train/squamous cell carcinoma/ISIC_0025577.jpg,0.0018229484558105469,3.7444138526916504,0.22742557525634766,508.49080120545983,1.8229484558105469,1.6254043579101562,508.45908653900267
1905,/Users/soneyeoluwasina/Downloads/Skin/Train/squamous cell carcinoma/ISIC_0031927.jpg,0.0015380382537841797,3.745952844619751,0.2505521774291992,508.54884698725436,1.5380382537841797,1.6231966018676758,508.5054879406941
1906,/Users/soneyeoluwasina/Downloads/Skin/Train/squamous cell carcinoma/ISIC_0030387.jpg,0.0012459754943847656,3.7472000122070312,0.1989307403564453,508.6464543635079,1.2459754943847656,1.6234207153320312,508.55181450823153
1907,/Users/soneyeoluwasina/Downloads/Skin/Train/squamous cell carcinoma/ISIC_0028872.jpg,0.0014719963073730469,3.7486729621887207,0.22388172149658203,508.71335516197405,1.4719963073730469,1.6231822967529297,508.59812871027333
1908,/Users/soneyeoluwasina/Downloads/Skin/Train/squamous cell carcinoma/ISIC_0029563.jpg,0.001528024673461914,3.7502009868621826,0.2650461196899414,508.7727315640317,1.528024673461914,1.6256427764892578,508.64406915228983
1909,/Users/soneyeoluwasina/Downloads/Skin/Train/squamous cell carcinoma/ISIC_0028132.jpg,0.0018057823181152344,3.752009868621826,0.2430410385131836,508.7939709234311,1.8057823181152344,1.6323184967041016,508.68906660257727
1910,/Users/soneyeoluwasina/Downloads/Skin/Train/squamous cell carcinoma/ISIC_0026645.jpg,0.0017290115356445312,3.753741979598999,0.2830533981323242,508.8255960000851,1.7290115356445312,1.6298532485961914,508.73434415388795
1911,/Users/soneyeoluwasina/Downloads/Skin/Train/squamous cell carcinoma/ISIC_0025358.jpg,0.0011897087097167969,3.7549338340759277,0.21798324584960938,508.93040581906513,1.1897087097167969,1.6317129135131836,508.7793276572191
1912,/Users/soneyeoluwasina/Downloads/Skin/Train/squamous cell carcinoma/ISIC_0032397.jpg,0.0015690326690673828,3.7565040588378906,0.2309398651123047,508.983877044311,1.5690326690673828,1.6457128524780273,508.82237746198183
1913,/Users/soneyeoluwasina/Downloads/Skin/Train/squamous cell carcinoma/ISIC_0031852.jpg,0.0016608238220214844,3.7581679821014404,0.2514324188232422,509.0246122873718,1.6608238220214844,1.6397905349731445,508.8661795679792
1914,/Users/soneyeoluwasina/Downloads/Skin/Train/squamous cell carcinoma/ISIC_0033869.jpg,0.0017240047454833984,3.7598929405212402,0.28689002990722656,509.05704770802834,1.7240047454833984,1.6369295120239258,508.9103388423223
1915,/Users/soneyeoluwasina/Downloads/Skin/Train/squamous cell carcinoma/ISIC_0031918.jpg,0.001947164535522461,3.7618420124053955,0.26375389099121094,509.0591241431512,1.947164535522461,1.6408205032348633,508.9539383693719
1916,/Users/soneyeoluwasina/Downloads/Skin/Train/squamous cell carcinoma/ISIC_0025831.jpg,0.0016040802001953125,3.7634479999542236,0.20043468475341797,509.1076055849065,1.6040802001953125,1.6402721405029297,508.99756594923144
1917,/Users/soneyeoluwasina/Downloads/Skin/Train/squamous cell carcinoma/ISIC_0026492.jpg,0.0015320777893066406,3.7649810314178467,0.26257801055908203,509.16591186067166,1.5320777893066406,1.6353511810302734,509.04181586890076
1918,/Users/soneyeoluwasina/Downloads/Skin/Train/squamous cell carcinoma/ISIC_0032356.jpg,0.0017981529235839844,3.766780138015747,0.22661399841308594,509.1882004587499,1.7981529235839844,1.6390132904052734,509.0855462702215
1919,/Users/soneyeoluwasina/Downloads/Skin/Train/squamous cell carcinoma/ISIC_0027767.jpg,0.002519845962524414,3.769300937652588,0.2813072204589844,509.1129712755432,2.519845962524414,1.6333341598510742,509.13001577463757
1920,/Users/soneyeoluwasina/Downloads/Skin/Train/squamous cell carcinoma/ISIC_0030794.jpg,0.0014770030975341797,3.770781993865967,0.25786685943603516,509.1782031216114,1.4770030975341797,1.6470527648925781,509.1725930719556
1921,/Users/soneyeoluwasina/Downloads/Skin/Train/squamous cell carcinoma/ISIC_0032154.jpg,0.0013010501861572266,3.7720839977264404,0.21699047088623047,509.2675563847067,1.3010501861572266,1.6596746444702148,509.2134246674327
1922,/Users/soneyeoluwasina/Downloads/Skin/Train/squamous cell carcinoma/ISIC_0029549.jpg,0.0017902851104736328,3.7738752365112305,0.2488536834716797,509.29081634844886,1.7902851104736328,1.6636180877685547,509.253669720391
1923,/Users/soneyeoluwasina/Downloads/Skin/Train/squamous cell carcinoma/ISIC_0026083.jpg,0.0014340877532958984,3.7753100395202637,0.23492813110351562,509.3621397633238,1.4340877532958984,1.6770458221435547,509.2920743783689
1924,/Users/soneyeoluwasina/Downloads/Skin/Train/squamous cell carcinoma/ISIC_0025029.jpg,0.001968860626220703,3.7772789001464844,0.23039913177490234,509.3613817940175,1.9688606262207031,1.6852092742919922,509.32936749277354
1925,/Users/soneyeoluwasina/Downloads/Skin/Train/squamous cell carcinoma/ISIC_0025808.jpg,0.0015361309051513672,3.778815984725952,0.24398040771484375,509.4188253095381,1.5361309051513672,1.6833257675170898,509.3668814202124
1926,/Users/soneyeoluwasina/Downloads/Skin/Train/squamous cell carcinoma/ISIC_0031672.jpg,0.001074075698852539,3.7798900604248047,0.13395977020263672,509.53862922233924,1.074075698852539,1.6881656646728516,509.4037011030278
1927,/Users/soneyeoluwasina/Downloads/Skin/Train/squamous cell carcinoma/ISIC_0030785.jpg,0.001386880874633789,3.781277894973755,0.2450246810913086,509.6160751796252,1.386880874633789,1.6967487335205078,509.43943084969294
1928,/Users/soneyeoluwasina/Downloads/Skin/Train/squamous cell carcinoma/ISIC_0025411.jpg,0.0018310546875,3.783108949661255,0.2642040252685547,509.6337498217269,1.8310546875,1.6972875595092773,509.4750618947753
1929,/Users/soneyeoluwasina/Downloads/Skin/Train/squamous cell carcinoma/ISIC_0026327.jpg,0.0028717517852783203,3.785982847213745,0.26974964141845703,509.5110247051509,2.8717517852783203,1.7010498046875,509.51013950537975
1930,/Users/soneyeoluwasina/Downloads/Skin/Train/squamous cell carcinoma/ISIC_0029362.jpg,0.0015380382537841797,3.7875239849090576,0.2418813705444336,509.5677301820021,1.5380382537841797,1.6983938217163086,509.54553991409875
1931,/Users/soneyeoluwasina/Downloads/Skin/Train/squamous cell carcinoma/ISIC_0028730.jpg,0.0015900135040283203,3.789116144180298,0.2600879669189453,509.61752728689044,1.5900135040283203,1.6975688934326172,509.5810102323805
1932,/Users/soneyeoluwasina/Downloads/Skin/Train/squamous cell carcinoma/ISIC_0029638.jpg,0.0015609264373779297,3.790678024291992,0.22512054443359375,509.6713536784363,1.5609264373779297,1.7319679260253906,509.6118460686628
1933,/Users/soneyeoluwasina/Downloads/Skin/Train/squamous cell carcinoma/ISIC_0030341.jpg,0.0018749237060546875,3.7925548553466797,0.25055789947509766,509.6828058465362,1.8749237060546875,1.7318439483642578,509.64264807037324
1934,/Users/soneyeoluwasina/Downloads/Skin/Train/squamous cell carcinoma/ISIC_0029610.jpg,0.0013928413391113281,3.7939507961273193,0.24506473541259766,509.75885137312093,1.3928413391113281,1.793203353881836,509.6652508993843
1935,/Users/soneyeoluwasina/Downloads/Skin/Train/squamous cell carcinoma/ISIC_0026319.jpg,0.0016329288482666016,3.7955849170684814,0.2489490509033203,509.80284785579147,1.6329288482666016,1.7929649353027344,509.68786480841214
1936,/Users/soneyeoluwasina/Downloads/Skin/Train/squamous cell carcinoma/ISIC_0029002.jpg,0.0020029544830322266,3.79758882522583,0.25188255310058594,509.7971605403785,2.0029544830322266,1.7937660217285156,509.71035000215204
1937,/Users/soneyeoluwasina/Downloads/Skin/Train/squamous cell carcinoma/ISIC_0031659.jpg,0.0013728141784667969,3.798963785171509,0.19950485229492188,509.87587919650355,1.3728141784667969,1.7943286895751953,509.7327052674229
1938,/Users/soneyeoluwasina/Downloads/Skin/Train/squamous cell carcinoma/ISIC_0026872.jpg,0.0018100738525390625,3.8007760047912598,0.23835372924804688,509.89587325245066,1.8100738525390625,1.7943906784057617,509.75502137900935
1939,/Users/soneyeoluwasina/Downloads/Skin/Train/squamous cell carcinoma/ISIC_0027577.jpg,0.0018281936645507812,3.8026070594787598,0.27634143829345703,509.9133225366145,1.8281936645507812,1.8019342422485352,509.7763145370498
1940,/Users/soneyeoluwasina/Downloads/Skin/Train/squamous cell carcinoma/ISIC_0028644.jpg,0.001458883285522461,3.8040668964385986,0.2386331558227539,509.9805163301006,1.458883285522461,1.8000173568725586,509.7978186245802
1941,/Users/soneyeoluwasina/Downloads/Skin/Train/squamous cell carcinoma/ISIC_0029573.jpg,0.0014829635620117188,3.805551052093506,0.28495025634765625,510.0443992026382,1.4829635620117188,1.791677474975586,509.8204154786553
1942,/Users/soneyeoluwasina/Downloads/Skin/Train/squamous cell carcinoma/ISIC_0026132.jpg,0.002089977264404297,3.807643175125122,0.2300271987915039,510.02678315207004,2.089977264404297,1.7931175231933594,509.84279218444294
1943,/Users/soneyeoluwasina/Downloads/Skin/Train/squamous cell carcinoma/ISIC_0029567.jpg,0.0015878677368164062,3.809231996536255,0.22362995147705078,510.0765723292189,1.5878677368164062,1.7898368835449219,509.8655652530834
1944,/Users/soneyeoluwasina/Downloads/Skin/Train/squamous cell carcinoma/ISIC_0029598.jpg,0.001950979232788086,3.811185121536255,0.23976707458496094,510.07755803171034,1.950979232788086,1.7844152450561523,509.88903738204834
1945,/Users/soneyeoluwasina/Downloads/Skin/Train/squamous cell carcinoma/ISIC_0028335.jpg,0.002025127410888672,3.8132131099700928,0.22867965698242188,510.0685285368839,2.025127410888672,1.7642736434936523,509.91519272159707
1946,/Users/soneyeoluwasina/Downloads/Skin/Train/squamous cell carcinoma/ISIC_0030591.jpg,0.001538991928100586,3.8147549629211426,0.23050498962402344,510.12450836681097,1.538991928100586,1.7793989181518555,509.93931029648957
1947,/Users/soneyeoluwasina/Downloads/Skin/Train/squamous cell carcinoma/ISIC_0026522.jpg,0.0021181106567382812,3.8168740272521973,0.2867288589477539,510.1032903099669,2.1181106567382812,1.8148994445800781,509.9586878779123
1948,/Users/soneyeoluwasina/Downloads/Skin/Train/squamous cell carcinoma/ISIC_0031738.jpg,0.002384185791015625,3.8192601203918457,0.32531070709228516,510.04643271067397,2.384185791015625,1.8615102767944336,509.97188451709
1949,/Users/soneyeoluwasina/Downloads/Skin/Train/squamous cell carcinoma/ISIC_0026720.jpg,0.0016317367553710938,3.8208937644958496,0.25707149505615234,510.0900784288521,1.6317367553710938,1.9061851501464844,509.97914595026356
1950,/Users/soneyeoluwasina/Downloads/Skin/Train/squamous cell carcinoma/ISIC_0030803.jpg,0.0015919208526611328,3.8224868774414062,0.21729660034179688,510.13909596603736,1.5919208526611328,1.9159460067749023,509.98510883157314
1951,/Users/soneyeoluwasina/Downloads/Skin/Train/squamous cell carcinoma/ISIC_0031286.jpg,0.0018711090087890625,3.8243601322174072,0.2636232376098633,510.1507003914896,1.8711090087890625,1.945805549621582,509.98710627749
1952,/Users/soneyeoluwasina/Downloads/Skin/Train/squamous cell carcinoma/ISIC_0029634.jpg,0.001814126968383789,3.8261749744415283,0.29345035552978516,510.1700818805119,1.814126968383789,2.020564079284668,509.97921794667667
1953,/Users/soneyeoluwasina/Downloads/Skin/Train/squamous cell carcinoma/ISIC_0030991.jpg,0.001544952392578125,3.8277218341827393,0.2645301818847656,510.2251638452685,1.544952392578125,3.271503448486328,509.8097587599474
1954,/Users/soneyeoluwasina/Downloads/Skin/Train/squamous cell carcinoma/ISIC_0025350.jpg,0.0016901493072509766,3.829414129257202,0.24975109100341797,510.2608216414088,1.6901493072509766,3.367319107055664,509.62817843925075
1955,/Users/soneyeoluwasina/Downloads/Skin/Train/squamous cell carcinoma/ISIC_0030953.jpg,0.0014967918395996094,3.830911874771118,0.25071048736572266,510.32236290134017,1.4967918395996094,3.379640579223633,509.4452701923247
1956,/Users/soneyeoluwasina/Downloads/Skin/Train/squamous cell carcinoma/ISIC_0032349.jpg,0.0029659271240234375,3.833878993988037,0.30151939392089844,510.1882461776266,2.9659271240234375,3.5144758224487305,509.24535721430397
1957,/Users/soneyeoluwasina/Downloads/Skin/Train/squamous cell carcinoma/ISIC_0026466.jpg,0.0014657974243164062,3.8353488445281982,0.21880722045898438,510.25345524749486,1.4657974243164062,3.5190963745117188,509.04489633746255
1958,/Users/soneyeoluwasina/Downloads/Skin/Train/squamous cell carcinoma/ISIC_0030827.jpg,0.00459599494934082,3.839946985244751,0.27898311614990234,509.9028730145869,4.59599494934082,3.5324811935424805,508.84277314476606
1959,/Users/soneyeoluwasina/Downloads/Skin/Train/squamous cell carcinoma/ISIC_0030602.jpg,0.0017938613891601562,3.8417439460754395,0.2596464157104492,509.92466637481925,1.7938613891601562,3.53668212890625,508.64020421876876
1960,/Users/soneyeoluwasina/Downloads/Skin/Train/squamous cell carcinoma/ISIC_0030158.jpg,0.0017690658569335938,3.843515157699585,0.24344635009765625,509.94985568707796,1.7690658569335938,3.5389232635498047,508.43735674140714
1961,/Users/soneyeoluwasina/Downloads/Skin/Train/squamous cell carcinoma/ISIC_0032203.jpg,0.0012178421020507812,3.8447349071502686,0.1812419891357422,510.0481690826118,1.2178421020507812,3.5364198684692383,508.2348659521235
1962,/Users/soneyeoluwasina/Downloads/Skin/Train/squamous cell carcinoma/ISIC_0031044.jpg,0.0015721321105957031,3.8463070392608643,0.2737541198730469,510.0996826236298,1.5721321105957031,3.5262632369995117,508.03375636738906
1963,/Users/soneyeoluwasina/Downloads/Skin/Train/squamous cell carcinoma/ISIC_0025637.jpg,0.0020380020141601562,3.848345994949341,0.24249935150146484,510.0892701893975,2.0380020141601562,3.534722328186035,507.83158362755677
1964,/Users/soneyeoluwasina/Downloads/Skin/Train/squamous cell carcinoma/ISIC_0029582.jpg,0.0016281604766845703,3.8499820232391357,0.20480632781982422,510.13225208454674,1.6281604766845703,3.543119430541992,507.6284248440728
1965,/Users/soneyeoluwasina/Downloads/Skin/Train/squamous cell carcinoma/ISIC_0026100.jpg,0.0015301704406738281,3.8515141010284424,0.22576904296875,510.18896684690833,1.5301704406738281,3.533034324645996,507.42661232800884
1966,/Users/soneyeoluwasina/Downloads/Skin/Train/squamous cell carcinoma/ISIC_0029541.jpg,0.0016760826110839844,3.8531911373138428,0.23760986328125,510.2264408742901,1.6760826110839844,3.5310745239257812,507.22506263278933
1967,/Users/soneyeoluwasina/Downloads/Skin/Train/squamous cell carcinoma/ISIC_0030986.jpg,0.0013680458068847656,3.8545608520507812,0.2285919189453125,510.3045652926914,1.3680458068847656,3.5512924194335938,507.0209966616045
1968,/Users/soneyeoluwasina/Downloads/Skin/Train/squamous cell carcinoma/ISIC_0027550.jpg,0.0015270709991455078,3.8560879230499268,0.3077821731567383,510.36180690699445,1.5270709991455078,3.5405540466308594,506.8183980837613
1969,/Users/soneyeoluwasina/Downloads/Skin/Train/squamous cell carcinoma/ISIC_0024925.jpg,0.001512765884399414,3.8576018810272217,0.21655750274658203,510.4207382529803,1.512765884399414,3.540658950805664,506.6158204467652
1970,/Users/soneyeoluwasina/Downloads/Skin/Train/squamous cell carcinoma/ISIC_0033295.jpg,0.002233266830444336,3.8598382472991943,0.3274574279785156,510.38408186624093,2.233266830444336,3.541121482849121,506.4132861464898
1971,/Users/soneyeoluwasina/Downloads/Skin/Train/squamous cell carcinoma/ISIC_0027753.jpg,0.0030760765075683594,3.8629150390625,0.2585487365722656,510.2364354558382,3.0760765075683594,3.530917167663574,506.21214859799665
1972,/Users/soneyeoluwasina/Downloads/Skin/Train/squamous cell carcinoma/ISIC_0030549.jpg,0.004120826721191406,3.8670408725738525,0.19504833221435547,509.95064830733537,4.120826721191406,3.5387372970581055,506.0100643129579
1973,/Users/soneyeoluwasina/Downloads/Skin/Train/squamous cell carcinoma/ISIC_0025178.jpg,0.0036678314208984375,3.870712995529175,0.24835205078125,509.7252114220022,3.6678314208984375,3.5326004028320312,505.8088720140571
1974,/Users/soneyeoluwasina/Downloads/Skin/Train/squamous cell carcinoma/ISIC_0031119.jpg,0.0024569034576416016,3.873173952102661,0.2632179260253906,509.65952585949793,2.4569034576416016,3.5165786743164062,505.60985285340644
1975,/Users/soneyeoluwasina/Downloads/Skin/Train/squamous cell carcinoma/ISIC_0025811.jpg,0.0030291080474853516,3.876207113265991,0.23569107055664062,509.5186976053806,3.0291080474853516,3.5099411010742188,505.4117096416747
1976,/Users/soneyeoluwasina/Downloads/Skin/Train/squamous cell carcinoma/ISIC_0029811.jpg,0.004812002182006836,3.8810222148895264,0.23073577880859375,509.14421268167024,4.812002182006836,3.5120630264282227,505.21333683295757
1977,/Users/soneyeoluwasina/Downloads/Skin/Train/squamous cell carcinoma/ISIC_0027343.jpg,0.0639338493347168,3.9449808597564697,0.1890096664428711,501.1431158431637,63.9338493347168,3.5107851028442383,505.01498470923957
1978,/Users/soneyeoluwasina/Downloads/Skin/Train/squamous cell carcinoma/ISIC_0032014.jpg,0.006621837615966797,3.951615810394287,0.2465839385986328,500.55473378689555,6.621837615966797,3.5248613357543945,504.81494386388346
1979,/Users/soneyeoluwasina/Downloads/Skin/Train/squamous cell carcinoma/ISIC_0030175.jpg,0.003487825393676758,3.9551079273223877,0.23609447479248047,500.36561235884784,3.487825393676758,3.543400764465332,504.6126001661945
1980,/Users/soneyeoluwasina/Downloads/Skin/Train/squamous cell carcinoma/ISIC_0031874.jpg,0.008279800415039062,3.9633920192718506,0.2172708511352539,499.57208128096374,8.279800415039062,3.5589981079101562,504.408359055648
1981,/Users/soneyeoluwasina/Downloads/Skin/Train/squamous cell carcinoma/ISIC_0026138.jpg,0.0018210411071777344,3.9652159214019775,0.26959896087646484,499.59448344482075,1.8210411071777344,3.5692787170410156,504.20284953052476
1982,/Users/soneyeoluwasina/Downloads/Skin/Train/squamous cell carcinoma/ISIC_0027795.jpg,0.0022301673889160156,3.9674501419067383,0.2664775848388672,499.5651940436131,2.2301673889160156,3.5599565505981445,503.9987682595339
1983,/Users/soneyeoluwasina/Downloads/Skin/Train/squamous cell carcinoma/ISIC_0025182.jpg,0.002084970474243164,3.9695379734039307,0.22880935668945312,499.5543595466733,2.084970474243164,3.5584640502929688,503.7948921358063
1984,/Users/soneyeoluwasina/Downloads/Skin/Train/squamous cell carcinoma/ISIC_0025196.jpg,0.0015048980712890625,3.971045970916748,0.23635196685791016,499.6164775050382,1.5048980712890625,3.5010623931884766,503.5987050105713
1985,/Users/soneyeoluwasina/Downloads/Skin/Train/squamous cell carcinoma/ISIC_0027178.jpg,0.0015077590942382812,3.9725558757781982,0.2642068862915039,499.6783083916098,1.5077590942382812,3.5161638259887695,503.4007116109465
1986,/Users/soneyeoluwasina/Downloads/Skin/Train/squamous cell carcinoma/ISIC_0025948.jpg,0.0014951229095458984,3.974053144454956,0.234100341796875,499.7416813036558,1.4951229095458984,3.5248661041259766,503.2016991245678
1987,/Users/soneyeoluwasina/Downloads/Skin/Train/squamous cell carcinoma/ISIC_0025790.jpg,0.0017957687377929688,3.975850820541382,0.22112369537353516,499.76724220488614,1.7957687377929688,3.5468292236328125,502.99992528502423
1988,/Users/soneyeoluwasina/Downloads/Skin/Train/squamous cell carcinoma/ISIC_0031929.jpg,0.002229928970336914,3.9780850410461426,0.30183982849121094,499.7379340782526,2.229928970336914,3.5416078567504883,502.798823587186
1989,/Users/soneyeoluwasina/Downloads/Skin/Train/squamous cell carcinoma/ISIC_0030821.jpg,0.0013239383697509766,3.9794111251831055,0.22768020629882812,499.82269673342176,1.3239383697509766,3.539748191833496,502.5980639172412
1990,/Users/soneyeoluwasina/Downloads/Skin/Train/squamous cell carcinoma/ISIC_0026927.jpg,0.0013608932495117188,3.980772018432617,0.23766517639160156,499.90303156912245,1.3608932495117188,3.552985191345215,502.39570921956596
1991,/Users/soneyeoluwasina/Downloads/Skin/Train/squamous cell carcinoma/ISIC_0033084.jpg,0.0024938583374023438,3.9832658767700195,0.3294219970703125,499.84110064339393,2.4938583374023438,3.553605079650879,502.193302084035
1992,/Users/soneyeoluwasina/Downloads/Skin/Train/squamous cell carcinoma/ISIC_0032371.jpg,0.0015530586242675781,3.9848220348358154,0.2747669219970703,499.8968542599106,1.5530586242675781,3.5546445846557617,501.99081711117697
1993,/Users/soneyeoluwasina/Downloads/Skin/Train/squamous cell carcinoma/ISIC_0028659.jpg,0.0015931129455566406,3.986417055130005,0.28698062896728516,499.9476904794158,1.5931129455566406,3.6466026306152344,501.77693589575415
1994,/Users/soneyeoluwasina/Downloads/Skin/Train/squamous cell carcinoma/ISIC_0032173.jpg,0.0019741058349609375,3.9883921146392822,0.24955272674560547,499.9508430179366,1.9741058349609375,3.7477636337280273,501.55056662707955
1995,/Users/soneyeoluwasina/Downloads/Skin/Train/squamous cell carcinoma/ISIC_0024710.jpg,0.0015149116516113281,3.9899070262908936,0.2660503387451172,500.01165111223065,1.5149116516113281,3.76678466796875,501.3218734932673
1996,/Users/soneyeoluwasina/Downloads/Skin/Train/squamous cell carcinoma/ISIC_0033536.jpg,0.0019299983978271484,3.991837978363037,0.3367500305175781,500.02029411487155,1.9299983978271484,3.753643035888672,501.0949613587891
1997,/Users/soneyeoluwasina/Downloads/Skin/Train/squamous cell carcinoma/ISIC_0027231.jpg,0.0018112659454345703,3.9936511516571045,0.2501077651977539,500.043675364929,1.8112659454345703,3.743581771850586,500.86959494650984
1998,/Users/soneyeoluwasina/Downloads/Skin/Train/squamous cell carcinoma/ISIC_0024923.jpg,0.001583099365234375,3.995237112045288,0.20043277740478516,500.09547467813763,1.583099365234375,3.692440986633301,500.65102116459656
1999,/Users/soneyeoluwasina/Downloads/Skin/Train/squamous cell carcinoma/ISIC_0028499.jpg,0.0012998580932617188,3.996537923812866,0.21669483184814453,500.1829178422682,1.2998580932617188,3.659806251525879,500.43686927880094
2000,/Users/soneyeoluwasina/Downloads/Skin/Train/squamous cell carcinoma/ISIC_0031692.jpg,0.0016980171203613281,3.998237133026123,0.24763107299804688,500.22045553017796,1.6980171203613281,3.638606071472168,500.22551507624996
2001,/Users/soneyeoluwasina/Downloads/Skin/Train/squamous cell carcinoma/ISIC_0030375.jpg,0.0018072128295898438,4.000135183334351,0.2544679641723633,500.2330942055932,1.8072128295898438,3.605327606201172,500.0185460485016
2002,/Users/soneyeoluwasina/Downloads/Skin/Train/squamous cell carcinoma/ISIC_0032238.jpg,0.0025179386138916016,4.002654790878296,0.2653532028198242,500.1680396127053,2.5179386138916016,3.5341453552246094,499.8209105832799
2003,/Users/soneyeoluwasina/Downloads/Skin/Train/squamous cell carcinoma/ISIC_0031043.jpg,0.002471923828125,4.0051350593566895,0.24188709259033203,500.10797896082056,2.471923828125,2.282528877258301,499.7848910719665
2004,/Users/soneyeoluwasina/Downloads/Skin/Train/squamous cell carcinoma/ISIC_0027184.jpg,0.0024700164794921875,4.007609128952026,0.25042724609375,500.04876611408406,2.4700164794921875,2.184734344482422,499.76130211896276
2005,/Users/soneyeoluwasina/Downloads/Skin/Train/squamous cell carcinoma/ISIC_0032947.jpg,0.002010822296142578,4.009624004364014,0.32245635986328125,500.04688664517886,2.010822296142578,2.146334648132324,499.7425612252397
2006,/Users/soneyeoluwasina/Downloads/Skin/Train/squamous cell carcinoma/ISIC_0024843.jpg,0.002499818801879883,4.012126922607422,0.2346210479736328,499.98418262808354,2.499818801879883,2.007579803466797,499.7413113400895
2007,/Users/soneyeoluwasina/Downloads/Skin/Train/squamous cell carcinoma/ISIC_0025247.jpg,0.0013911724090576172,4.013521194458008,0.22270679473876953,500.0596490611104,1.3911724090576172,2.0015811920166016,499.7407926705793
2008,/Users/soneyeoluwasina/Downloads/Skin/Train/squamous cell carcinoma/ISIC_0028763.jpg,0.001725912094116211,4.015249013900757,0.24576377868652344,500.0935167528394,1.725912094116211,1.9922351837158203,499.74143952790206
2009,/Users/soneyeoluwasina/Downloads/Skin/Train/squamous cell carcinoma/ISIC_0032277.jpg,0.0025489330291748047,4.017799139022827,0.26350975036621094,500.0249963935755,2.5489330291748047,1.9827556610107422,499.7432570420663
2010,/Users/soneyeoluwasina/Downloads/Skin/Train/squamous cell carcinoma/ISIC_0026362.jpg,0.0022041797637939453,4.02000617980957,0.25177764892578125,499.99923136815045,2.2041797637939453,1.9789838790893555,499.7455095547248
2011,/Users/soneyeoluwasina/Downloads/Skin/Train/squamous cell carcinoma/ISIC_0032897.jpg,0.002315998077392578,4.0223259925842285,0.2913370132446289,499.9594771054323,2.315998077392578,1.978302001953125,499.7478177418982
2012,/Users/soneyeoluwasina/Downloads/Skin/Train/squamous cell carcinoma/ISIC_0031421.jpg,0.0013110637664794922,4.023641109466553,0.2180633544921875,500.0445977317165,1.3110637664794922,1.977219581604004,499.75022941186734
2013,/Users/soneyeoluwasina/Downloads/Skin/Train/squamous cell carcinoma/ISIC_0028158.jpg,0.0019450187683105469,4.02558708190918,0.19959354400634766,500.0512866921543,1.9450187683105469,1.9655227661132812,499.75406503215623
2014,/Users/soneyeoluwasina/Downloads/Skin/Train/squamous cell carcinoma/ISIC_0027294.jpg,0.002290010452270508,4.027883052825928,0.20964527130126953,500.0145172007899,2.290010452270508,1.949911117553711,499.7598358035717
2015,/Users/soneyeoluwasina/Downloads/Skin/Train/squamous cell carcinoma/ISIC_0028372.jpg,0.0015611648559570312,4.029447078704834,0.2533588409423828,500.0686100703603,1.5611648559570312,1.951894760131836,499.76532193177894
2016,/Users/soneyeoluwasina/Downloads/Skin/Train/squamous cell carcinoma/ISIC_0025130.jpg,0.001728057861328125,4.0311760902404785,0.2651710510253906,500.1021922313833,1.728057861328125,1.9495153427124023,499.7710519091766
2017,/Users/soneyeoluwasina/Downloads/Skin/Train/squamous cell carcinoma/ISIC_0026411.jpg,0.0059659481048583984,4.037144899368286,0.3015928268432617,499.61050452155206,5.965948104858398,1.936478614807129,499.77840362863054
2018,/Users/soneyeoluwasina/Downloads/Skin/Train/squamous cell carcinoma/ISIC_0026388.jpg,0.006585121154785156,4.043736934661865,0.22417068481445312,499.0433434732677,6.585121154785156,2.0784950256347656,499.7683586150768
2019,/Users/soneyeoluwasina/Downloads/Skin/Train/squamous cell carcinoma/ISIC_0031743.jpg,0.002463817596435547,4.046205043792725,0.26714134216308594,498.98608156236276,2.463817596435547,2.1059322357177734,499.7549322796455
2020,/Users/soneyeoluwasina/Downloads/Skin/Train/squamous cell carcinoma/ISIC_0026203.jpg,0.0015761852264404297,4.047784090042114,0.2049093246459961,499.0384751423299,1.5761852264404297,2.0996570587158203,499.7422691781807
2021,/Users/soneyeoluwasina/Downloads/Skin/Train/squamous cell carcinoma/ISIC_0030844.jpg,0.0025730133056640625,4.050359010696411,0.25435733795166016,498.9681148418774,2.5730133056640625,2.1039390563964844,499.72904807704253
2022,/Users/soneyeoluwasina/Downloads/Skin/Train/squamous cell carcinoma/ISIC_0026981.jpg,0.0015637874603271484,4.051925897598267,0.24740219116210938,499.0219592116721,1.5637874603271484,2.1085357666015625,499.71526623466576
2023,/Users/soneyeoluwasina/Downloads/Skin/Train/squamous cell carcinoma/ISIC_0027719.jpg,0.0020360946655273438,4.053965091705322,0.21218204498291016,499.0176171322221,2.0360946655273438,2.1173954010009766,499.70038886671966
2024,/Users/soneyeoluwasina/Downloads/Skin/Train/squamous cell carcinoma/ISIC_0029279.jpg,0.0013968944549560547,4.055366039276123,0.2628288269042969,499.0918157319484,1.3968944549560547,2.118039131164551,499.6854126584813
2025,/Users/soneyeoluwasina/Downloads/Skin/Train/squamous cell carcinoma/ISIC_0025331.jpg,0.0013651847839355469,4.056732177734375,0.23113441467285156,499.1702462179627,1.3651847839355469,2.136702537536621,499.66811987045605
2026,/Users/soneyeoluwasina/Downloads/Skin/Train/squamous cell carcinoma/ISIC_0030714.jpg,0.001252889633178711,4.05798602104187,0.21106719970703125,499.2624394205856,1.252889633178711,2.1701812744140625,499.6467394362958
2027,/Users/soneyeoluwasina/Downloads/Skin/Train/squamous cell carcinoma/ISIC_0024946.jpg,0.0013530254364013672,4.059340953826904,0.19159603118896484,499.34214027749147,1.3530254364013672,2.298150062561035,499.6100526413929
2028,/Users/soneyeoluwasina/Downloads/Skin/Train/squamous cell carcinoma/ISIC_0032329.jpg,0.0017321109771728516,4.0610740184783936,0.28512096405029297,499.3752861367084,1.7321109771728516,2.339510917663574,499.5683546657125
2029,/Users/soneyeoluwasina/Downloads/Skin/Train/squamous cell carcinoma/ISIC_0031191.jpg,0.001567840576171875,4.062643051147461,0.2777214050292969,499.42856767269404,1.567840576171875,2.325873374938965,499.52837473243386
2030,/Users/soneyeoluwasina/Downloads/Skin/Train/squamous cell carcinoma/ISIC_0025696.jpg,0.0013420581817626953,4.06398606300354,0.26116466522216797,499.50958702346117,1.3420581817626953,2.3406362533569336,499.48667715070917
2031,/Users/soneyeoluwasina/Downloads/Skin/Train/squamous cell carcinoma/ISIC_0027678.jpg,0.0015211105346679688,4.065508127212524,0.2606954574584961,499.56854996930855,1.5211105346679688,2.330622673034668,499.4462077067478
2032,/Users/soneyeoluwasina/Downloads/Skin/Train/squamous cell carcinoma/ISIC_0027708.jpg,0.0017628669738769531,4.067273855209351,0.2517557144165039,499.5975369097464,1.7628669738769531,2.3195505142211914,499.40713667278004
2033,/Users/soneyeoluwasina/Downloads/Skin/Train/squamous cell carcinoma/ISIC_0029043.jpg,0.0016109943389892578,4.068886995315552,0.21898746490478516,499.64523525488966,1.6109943389892578,2.328920364379883,499.3669040543588
2034,/Users/soneyeoluwasina/Downloads/Skin/Train/squamous cell carcinoma/ISIC_0029533.jpg,0.0013163089752197266,4.070205211639404,0.22073841094970703,499.7291031379575,1.3163089752197266,2.3237037658691406,499.3272997537775
2035,/Users/soneyeoluwasina/Downloads/Skin/Train/squamous cell carcinoma/ISIC_0030076.jpg,0.0014736652374267578,4.0716798305511475,0.2567605972290039,499.79371775028295,1.4736652374267578,2.3125219345092773,499.2891063021299
2036,/Users/soneyeoluwasina/Downloads/Skin/Train/squamous cell carcinoma/ISIC_0029268.jpg,0.0014410018920898438,4.073122024536133,0.26025867462158203,499.86226480211326,1.4410018920898438,2.3037195205688477,499.2520096078963
2037,/Users/soneyeoluwasina/Downloads/Skin/Train/squamous cell carcinoma/ISIC_0027047.jpg,0.001210927963256836,4.074333906173706,0.18324661254882812,499.95902321932914,1.210927963256836,2.2824811935424805,499.2175207424267
2038,/Users/soneyeoluwasina/Downloads/Skin/Train/squamous cell carcinoma/ISIC_0027084.jpg,0.0014493465423583984,4.075784206390381,0.2271108627319336,500.026472649028,1.4493465423583984,2.277255058288574,499.1836321242039
2039,/Users/soneyeoluwasina/Downloads/Skin/Train/squamous cell carcinoma/ISIC_0026549.jpg,0.0014231204986572266,4.077208995819092,0.2200002670288086,500.09700314378284,1.4231204986572266,2.266535758972168,499.1510463927386
2040,/Users/soneyeoluwasina/Downloads/Skin/Train/squamous cell carcinoma/ISIC_0031431.jpg,0.001241922378540039,4.07845401763916,0.13761043548583984,500.1895304390038,1.241922378540039,2.2487783432006836,499.12065068357714
2041,/Users/soneyeoluwasina/Downloads/Skin/Train/squamous cell carcinoma/ISIC_0030707.jpg,0.0018420219421386719,4.080296993255615,0.292938232421875,500.20868661609677,1.8420219421386719,2.2480106353759766,499.09033346876646
2042,/Users/soneyeoluwasina/Downloads/Skin/Train/squamous cell carcinoma/ISIC_0026206.jpg,0.008653879165649414,4.088950872421265,0.22959232330322266,499.39460358222243,8.653879165649414,2.2509288787841797,499.0596618369038
2043,/Users/soneyeoluwasina/Downloads/Skin/Train/squamous cell carcinoma/ISIC_0025069.jpg,0.0029649734497070312,4.091922044754028,0.2646484375,499.27637370784953,2.9649734497070312,2.1700525283813477,499.03901760512025
2044,/Users/soneyeoluwasina/Downloads/Skin/Train/squamous cell carcinoma/ISIC_0029860.jpg,0.0016603469848632812,4.093586206436157,0.2319812774658203,499.31768794469576,1.6603469848632812,2.0667648315429688,499.0311207973272
2045,/Users/soneyeoluwasina/Downloads/Skin/Train/squamous cell carcinoma/ISIC_0031578.jpg,0.0017290115356445312,4.095319032669067,0.25647735595703125,499.35059605532115,1.7290115356445312,2.0552921295166016,499.02464392716183
2046,/Users/soneyeoluwasina/Downloads/Skin/Train/squamous cell carcinoma/ISIC_0026992.jpg,0.0021598339080810547,4.097480773925781,0.2857494354248047,499.331201996034,2.1598339080810547,2.056608200073242,499.0179900011026
2047,/Users/soneyeoluwasina/Downloads/Skin/Train/vascular lesion/ISIC_0029448.jpg,0.0022542476654052734,4.099741220474243,0.2576103210449219,499.2998069676238,2.2542476654052734,2.0367050170898438,499.01376461228506
2048,/Users/soneyeoluwasina/Downloads/Skin/Train/vascular lesion/ISIC_0031950.jpg,0.001615285873413086,4.101359128952026,0.255645751953125,499.346664266219,1.615285873413086,2.0850086212158203,499.0037219133444
2049,/Users/soneyeoluwasina/Downloads/Skin/Train/vascular lesion/ISIC_0034196.jpg,0.0022330284118652344,4.103595018386841,0.25881290435791016,499.3182784410046,2.2330284118652344,2.134065628051758,498.9878138098786
2050,/Users/soneyeoluwasina/Downloads/Skin/Train/vascular lesion/ISIC_0033969.jpg,0.0033719539642333984,4.1069700717926025,0.2532825469970703,499.1514338221656,3.3719539642333984,2.136850357055664,498.9715493021706
2051,/Users/soneyeoluwasina/Downloads/Skin/Train/vascular lesion/ISIC_0029514.jpg,0.008205652236938477,4.115178823471069,0.2520942687988281,498.39875446044977,8.205652236938477,2.141880989074707,498.95465003353974
2052,/Users/soneyeoluwasina/Downloads/Skin/Train/vascular lesion/ISIC_0033565.jpg,0.004585981369018555,4.119794130325317,0.3184080123901367,498.0831408286814,4.585981369018555,2.148308753967285,498.93694157346465
2053,/Users/soneyeoluwasina/Downloads/Skin/Train/vascular lesion/ISIC_0030722.jpg,0.0017900466918945312,4.1215879917144775,0.22618675231933594,498.10898229689457,1.7900466918945312,2.1511459350585938,498.9188583535363
2054,/Users/soneyeoluwasina/Downloads/Skin/Train/vascular lesion/ISIC_0025677.jpg,0.003208160400390625,4.124797105789185,0.29586315155029297,497.96388702784805,3.208160400390625,2.1483469009399414,498.9011002289783
2055,/Users/soneyeoluwasina/Downloads/Skin/Train/vascular lesion/ISIC_0027672.jpg,0.0015101432800292969,4.126312017440796,0.2192373275756836,498.02341444710805,1.5101432800292969,2.1533727645874023,498.88272335699526
2056,/Users/soneyeoluwasina/Downloads/Skin/Train/vascular lesion/ISIC_0025924.jpg,0.0019462108612060547,4.128260135650635,0.20967674255371094,498.0306309296965,1.9462108612060547,2.1602296829223633,498.86349337751534
2057,/Users/soneyeoluwasina/Downloads/Skin/Train/vascular lesion/ISIC_0032057.jpg,0.0018596649169921875,4.130123853683472,0.2647085189819336,498.04801814005026,1.8596649169921875,2.1692848205566406,498.8431604775657
2058,/Users/soneyeoluwasina/Downloads/Skin/Train/vascular lesion/ISIC_0033349.jpg,0.0014650821685791016,4.131590127944946,0.2607688903808594,498.1133017237723,1.4650821685791016,2.170724868774414,498.82265599937944
2059,/Users/soneyeoluwasina/Downloads/Skin/Train/vascular lesion/ISIC_0027937.jpg,0.0019898414611816406,4.133580923080444,0.2650928497314453,498.1153238111965,1.9898414611816406,2.1654462814331055,498.8027669821384
2060,/Users/soneyeoluwasina/Downloads/Skin/Train/vascular lesion/ISIC_0032692.jpg,0.001764059066772461,4.135347127914429,0.27185916900634766,498.1443966564702,1.764059066772461,2.1702003479003906,498.78227562180507
2061,/Users/soneyeoluwasina/Downloads/Skin/Train/vascular lesion/ISIC_0028146.jpg,0.0012540817260742188,4.13660192489624,0.15366744995117188,498.235033831953,1.2540817260742188,2.1772241592407227,498.7609222185572
2062,/Users/soneyeoluwasina/Downloads/Skin/Train/vascular lesion/ISIC_0029099.jpg,0.0010497570037841797,4.13765287399292,0.21030616760253906,498.3501668205742,1.0497570037841797,2.1726417541503906,498.74008702437743
2063,/Users/soneyeoluwasina/Downloads/Skin/Train/vascular lesion/ISIC_0027665.jpg,0.0014090538024902344,4.139062881469727,0.2675352096557617,498.42200011889065,1.4090538024902344,2.1874237060546875,498.7174471038828
2064,/Users/soneyeoluwasina/Downloads/Skin/Train/vascular lesion/ISIC_0032240.jpg,0.001402139663696289,4.140465021133423,0.2437000274658203,498.4947317427149,1.402139663696289,2.1882152557373047,498.69468481889317
2065,/Users/soneyeoluwasina/Downloads/Skin/Train/vascular lesion/ISIC_0027856.jpg,0.0015227794647216797,4.14198899269104,0.2904682159423828,498.5527493298273,1.5227794647216797,2.190670967102051,498.6716024315506
2066,/Users/soneyeoluwasina/Downloads/Skin/Train/vascular lesion/ISIC_0031215.jpg,0.0018739700317382812,4.143862962722778,0.3336524963378906,498.5686106382505,1.8739700317382812,2.202014923095703,498.6471320638243
2067,/Users/soneyeoluwasina/Downloads/Skin/Train/vascular lesion/ISIC_0031201.jpg,0.0019221305847167969,4.145788192749023,0.28592395782470703,498.578292932374,1.9221305847167969,2.1962547302246094,498.623350596897
2068,/Users/soneyeoluwasina/Downloads/Skin/Train/vascular lesion/ISIC_0031759.jpg,0.001420736312866211,4.147209882736206,0.20498180389404297,498.64850308361895,1.420736312866211,2.058391571044922,498.61642982813026
2069,/Users/soneyeoluwasina/Downloads/Skin/Train/vascular lesion/ISIC_0032867.jpg,0.0018901824951171875,4.14910101890564,0.28611183166503906,498.6622380540921,1.8901824951171875,2.0297908782958984,498.6129867860129
2070,/Users/soneyeoluwasina/Downloads/Skin/Train/vascular lesion/ISIC_0032866.jpg,0.001641988754272461,4.1507439613342285,0.2677288055419922,498.7057788393704,1.641988754272461,2.031989097595215,498.609272638769
2071,/Users/soneyeoluwasina/Downloads/Skin/Train/vascular lesion/ISIC_0033991.jpg,0.0015778541564941406,4.152323961257935,0.23047161102294922,498.756845401002,1.5778541564941406,2.032351493835449,498.6055083489458
2072,/Users/soneyeoluwasina/Downloads/Skin/Train/vascular lesion/ISIC_0033749.jpg,0.0039789676666259766,4.156304121017456,0.26676464080810547,498.5198242646349,3.9789676666259766,2.02394962310791,498.602755894199
2073,/Users/soneyeoluwasina/Downloads/Skin/Train/vascular lesion/ISIC_0026393.jpg,0.004488945007324219,4.160794019699097,0.29125499725341797,498.2222119589368,4.488945007324219,2.014927864074707,498.6011023329904
2074,/Users/soneyeoluwasina/Downloads/Skin/Train/vascular lesion/ISIC_0030283.jpg,0.0015361309051513672,4.162330150604248,0.2893342971801758,498.2785903465433,1.5361309051513672,2.017960548400879,498.5990705858105
2075,/Users/soneyeoluwasina/Downloads/Skin/Train/vascular lesion/ISIC_0025249.jpg,0.0016167163848876953,4.163946866989136,0.3025665283203125,498.32528278642275,1.6167163848876953,2.012906074523926,498.59765824713577
2076,/Users/soneyeoluwasina/Downloads/Skin/Train/vascular lesion/ISIC_0031955.jpg,0.0015742778778076172,4.165521144866943,0.3140678405761719,498.3770164168288,1.5742778778076172,1.970367431640625,498.60138017649376
2077,/Users/soneyeoluwasina/Downloads/Skin/Train/vascular lesion/ISIC_0025707.jpg,0.0014948844909667969,4.167017936706543,0.29088306427001953,498.4379792810741,1.4948844909667969,1.8374347686767578,498.62105482539636
2078,/Users/soneyeoluwasina/Downloads/Skin/Train/vascular lesion/ISIC_0031996.jpg,0.0015921592712402344,4.1686110496521,0.2621793746948242,498.48737990881256,1.5921592712402344,1.7756319046020508,498.64824121339603
2079,/Users/soneyeoluwasina/Downloads/Skin/Train/vascular lesion/ISIC_0028431.jpg,0.0018191337585449219,4.1704301834106445,0.3404264450073242,498.50972407353925,1.8191337585449219,1.7686939239501953,498.67623497819665
2080,/Users/soneyeoluwasina/Downloads/Skin/Train/vascular lesion/ISIC_0024747.jpg,0.0016849040985107422,4.172115087509155,0.235809326171875,498.5480880494612,1.6849040985107422,1.7410707473754883,498.70754337974495
2081,/Users/soneyeoluwasina/Downloads/Skin/Train/vascular lesion/ISIC_0033762.jpg,0.001973867416381836,4.174088954925537,0.3247098922729492,498.55190497182963,1.973867416381836,1.7477846145629883,498.7380266868523
2082,/Users/soneyeoluwasina/Downloads/Skin/Train/vascular lesion/ISIC_0033158.jpg,0.001834869384765625,4.175923824310303,0.27646446228027344,498.57231300043264,1.834869384765625,1.7487049102783203,498.76838555607856
2083,/Users/soneyeoluwasina/Downloads/Skin/Train/vascular lesion/ISIC_0031217.jpg,0.0013470649719238281,4.177272081375122,0.2000131607055664,498.65078439283616,1.3470649719238281,1.7454719543457031,498.7991146442727
2084,/Users/soneyeoluwasina/Downloads/Skin/Train/vascular lesion/ISIC_0032745.jpg,0.0015540122985839844,4.1788270473480225,0.30650997161865234,498.70453512129757,1.5540122985839844,1.7468690872192383,498.82964111700517
2085,/Users/soneyeoluwasina/Downloads/Skin/Train/vascular lesion/ISIC_0024669.jpg,0.0018248558044433594,4.180651903152466,0.26561641693115234,498.7260475878853,1.8248558044433594,1.731414794921875,498.8619842628798
2086,/Users/soneyeoluwasina/Downloads/Skin/Train/vascular lesion/ISIC_0031270.jpg,0.0012118816375732422,4.181864976882935,0.20487022399902344,498.8205050931262,1.2118816375732422,1.7232561111450195,498.89527285762824
2087,/Users/soneyeoluwasina/Downloads/Skin/Train/vascular lesion/ISIC_0031648.jpg,0.0019500255584716797,4.183815002441406,0.3910980224609375,498.82702719459644,1.9500255584716797,1.728367805480957,498.9279111440653
2088,/Users/soneyeoluwasina/Downloads/Skin/Train/vascular lesion/ISIC_0026693.jpg,0.0014889240264892578,4.185305118560791,0.2676677703857422,498.88835839954356,1.4889240264892578,1.7316770553588867,498.9601052955196
2089,/Users/soneyeoluwasina/Downloads/Skin/Train/vascular lesion/ISIC_0026876.jpg,0.0015459060668945312,4.186851978302002,0.2012462615966797,498.94288377665646,1.5459060668945312,1.733994483947754,498.9919850212118
2090,/Users/soneyeoluwasina/Downloads/Skin/Train/vascular lesion/ISIC_0025628.jpg,0.0018091201782226562,4.188662052154541,0.2975015640258789,498.96601205269286,1.8091201782226562,1.7400741577148438,499.02310512841467
2091,/Users/soneyeoluwasina/Downloads/Skin/Train/vascular lesion/ISIC_0026490.jpg,0.0015540122985839844,4.190216064453125,0.30224132537841797,499.019613269728,1.5540122985839844,1.7332220077514648,499.0550010448962
2092,/Users/soneyeoluwasina/Downloads/Skin/Train/vascular lesion/ISIC_0024867.jpg,0.001760721206665039,4.19197678565979,0.2963075637817383,499.0485651438866,1.760721206665039,1.7301416397094727,499.08724051448763
2093,/Users/soneyeoluwasina/Downloads/Skin/Train/vascular lesion/ISIC_0033458.jpg,0.0015349388122558594,4.193512916564941,0.29222583770751953,499.1042216019814,1.5349388122558594,1.7336845397949219,499.11904830493245
2094,/Users/soneyeoluwasina/Downloads/Skin/Train/vascular lesion/ISIC_0031065.jpg,0.0017702579498291016,4.1952831745147705,0.2939023971557617,499.1319805825011,1.7702579498291016,1.7325830459594727,499.1509439569034
2095,/Users/soneyeoluwasina/Downloads/Skin/Train/vascular lesion/ISIC_0027983.jpg,0.00174713134765625,4.197031021118164,0.2402353286743164,499.1623815641597,1.74713134765625,1.7232036590576172,499.1839275820836
2096,/Users/soneyeoluwasina/Downloads/Skin/Train/vascular lesion/ISIC_0024904.jpg,0.0017397403717041016,4.198771953582764,0.21305370330810547,499.1935792586943,1.7397403717041016,1.7174196243286133,499.2175660321515
2097,/Users/soneyeoluwasina/Downloads/Skin/Train/vascular lesion/ISIC_0028680.jpg,0.0018031597137451172,4.200577020645142,0.3017749786376953,499.2171289071934,1.8031597137451172,1.7119884490966797,499.2518176206555
2098,/Users/soneyeoluwasina/Downloads/Skin/Train/vascular lesion/ISIC_0026336.jpg,0.0017669200897216797,4.20234489440918,0.28118133544921875,499.2450769072261,1.7669200897216797,1.6669082641601562,499.2914522823348
2099,/Users/soneyeoluwasina/Downloads/Skin/Train/vascular lesion/ISIC_0032545.jpg,0.001980304718017578,4.204326152801514,0.3194265365600586,499.24766150726697,1.9803047180175781,1.6135501861572266,499.3374545495081
2100,/Users/soneyeoluwasina/Downloads/Skin/Train/vascular lesion/ISIC_0026068.jpg,0.0012450218200683594,4.205572128295898,0.25232601165771484,499.3375302900635,1.2450218200683594,1.6146659851074219,499.38328706351535
2101,/Users/soneyeoluwasina/Downloads/Skin/Train/vascular lesion/ISIC_0031276.jpg,0.0015590190887451172,4.207195997238159,0.29414939880371094,499.3824869055815,1.5590190887451172,1.6054534912109375,499.43017094767805
2102,/Users/soneyeoluwasina/Downloads/Skin/Train/vascular lesion/ISIC_0029439.jpg,0.0014958381652832031,4.208693027496338,0.28351306915283203,499.44246022866514,1.4958381652832031,1.6034221649169922,499.477257423847
2103,/Users/soneyeoluwasina/Downloads/Skin/Train/vascular lesion/ISIC_0033844.jpg,0.0014431476593017578,4.210137128829956,0.25768184661865234,499.5086705369255,1.4431476593017578,1.6016817092895508,499.5245111688322
2104,/Users/soneyeoluwasina/Downloads/Skin/Train/vascular lesion/ISIC_0031706.jpg,0.0018270015716552734,4.211965084075928,0.3160820007324219,499.52930710526084,1.8270015716552734,1.6181373596191406,499.5697885695661
2105,/Users/soneyeoluwasina/Downloads/Skin/Train/vascular lesion/ISIC_0032409.jpg,0.0018458366394042969,4.213812828063965,0.30448246002197266,499.54757980248064,1.8458366394042969,1.6408777236938477,499.61236023334646
2106,/Users/soneyeoluwasina/Downloads/Skin/Train/vascular lesion/ISIC_0032839.jpg,0.0019922256469726562,4.215806245803833,0.31486988067626953,499.5485743910051,1.9922256469726562,1.650400161743164,499.6537774260112
2107,/Users/soneyeoluwasina/Downloads/Skin/Train/vascular lesion/ISIC_0025606.jpg,0.0016980171203613281,4.217504978179932,0.3086729049682617,499.58447254975806,1.6980171203613281,1.6460180282592773,499.6956870875345
2108,/Users/soneyeoluwasina/Downloads/Skin/Train/vascular lesion/ISIC_0025612.jpg,0.0015349388122558594,4.219040870666504,0.30472755432128906,499.6396253603934,1.5349388122558594,1.6431808471679688,499.73790157795554
2109,/Users/soneyeoluwasina/Downloads/Skin/Train/vascular lesion/ISIC_0027159.jpg,0.0012171268463134766,4.220257997512817,0.2241687774658203,499.7324811049291,1.2171268463134766,1.6487360000610352,499.7794193651763
2110,/Users/soneyeoluwasina/Downloads/Skin/Train/vascular lesion/ISIC_0029404.jpg,0.0013561248779296875,4.221614122390747,0.23809432983398438,499.8088263938921,1.3561248779296875,1.655898094177246,499.820061831854
2111,/Users/soneyeoluwasina/Downloads/Skin/Train/vascular lesion/ISIC_0026092.jpg,0.0015096664428710938,4.223123788833618,0.28054046630859375,499.8669481538062,1.5096664428710938,1.6561412811279297,499.86064773526647
2112,/Users/soneyeoluwasina/Downloads/Skin/Train/vascular lesion/ISIC_0025599.jpg,0.001215219497680664,4.224339008331299,0.19675445556640625,499.959874393292,1.215219497680664,1.6658449172973633,499.900044801158
2113,/Users/soneyeoluwasina/Downloads/Skin/Train/vascular lesion/ISIC_0031103.jpg,0.0015249252319335938,4.225864887237549,0.2954092025756836,500.0159864035004,1.5249252319335938,1.666245460510254,499.93936703214496
2114,/Users/soneyeoluwasina/Downloads/Skin/Train/vascular lesion/ISIC_0027563.jpg,0.0017061233520507812,4.2275710105896,0.3164386749267578,500.05073710285717,1.7061233520507812,1.6721487045288086,499.9779595416641
2115,/Users/soneyeoluwasina/Downloads/Skin/Train/vascular lesion/ISIC_0027210.jpg,0.0011801719665527344,4.228752136230469,0.19851112365722656,500.14754515390484,1.1801719665527344,1.6886711120605469,500.01457701313774
2116,/Users/soneyeoluwasina/Downloads/Skin/Train/vascular lesion/ISIC_0026456.jpg,0.0017199516296386719,4.230472087860107,0.21548175811767578,500.18058411781954,1.7199516296386719,1.6913938522338867,500.05084850759573
2117,/Users/soneyeoluwasina/Downloads/Skin/Train/vascular lesion/ISIC_0032557.jpg,0.002099275588989258,4.232572078704834,0.3045015335083008,500.16868245461785,2.099275588989258,1.6860532760620117,500.0877090701075
2118,/Users/soneyeoluwasina/Downloads/Skin/Train/vascular lesion/ISIC_0028714.jpg,0.00136566162109375,4.23393988609314,0.2509908676147461,500.2432856821641,1.36566162109375,1.678619384765625,500.12541159475506
2119,/Users/soneyeoluwasina/Downloads/Skin/Train/vascular lesion/ISIC_0031090.jpg,0.001421213150024414,4.2353620529174805,0.25989627838134766,500.3114193131025,1.421213150024414,1.6782760620117188,500.1631194796168
2120,/Users/soneyeoluwasina/Downloads/Skin/Train/vascular lesion/ISIC_0029608.jpg,0.0013527870178222656,4.236714839935303,0.20940303802490234,500.3877013427634,1.3527870178222656,1.6705751419067383,500.2016997692187
2121,/Users/soneyeoluwasina/Downloads/Skin/Train/vascular lesion/ISIC_0025807.jpg,0.001306295394897461,4.2380211353302,0.20847702026367188,500.4694248262037,1.306295394897461,1.6677331924438477,500.24058511270465
2122,/Users/soneyeoluwasina/Downloads/Skin/Train/vascular lesion/ISIC_0026467.jpg,0.0017249584197998047,4.239747047424316,0.27130603790283203,500.5015573486002,1.7249584197998047,1.668539047241211,500.2793509668287
2123,/Users/soneyeoluwasina/Downloads/Skin/Train/vascular lesion/ISIC_0033254.jpg,0.0018210411071777344,4.2415690422058105,0.2859230041503906,500.5223253176005,1.8210411071777344,1.6655969619750977,500.31843492197845
2124,/Users/soneyeoluwasina/Downloads/Skin/Train/vascular lesion/ISIC_0028885.jpg,0.0015919208526611328,4.243160963058472,0.29863548278808594,500.57021604691147,1.5919208526611328,1.6651391983032227,500.3575409518811
2125,/Users/soneyeoluwasina/Downloads/Skin/Train/vascular lesion/ISIC_0033123.jpg,0.0011560916900634766,4.244317054748535,0.2237863540649414,500.6694769945505,1.1560916900634766,1.7021465301513672,500.392298855592
2126,/Users/soneyeoluwasina/Downloads/Skin/Train/vascular lesion/ISIC_0025596.jpg,0.0014727115631103516,4.2457897663116455,0.30155277252197266,500.73134022527796,1.4727115631103516,1.7725467681884766,500.41879145332996
2127,/Users/soneyeoluwasina/Downloads/Skin/Train/vascular lesion/ISIC_0031093.jpg,0.0014078617095947266,4.247198820114136,0.24042892456054688,500.80066653033225,1.4078617095947266,1.8171453475952148,500.4402016242033
2128,/Users/soneyeoluwasina/Downloads/Skin/Train/vascular lesion/ISIC_0024475.jpg,0.0024149417877197266,4.249614953994751,0.3297595977783203,500.7512499455094,2.4149417877197266,1.873307228088379,500.4550294367325
2129,/Users/soneyeoluwasina/Downloads/Skin/Train/vascular lesion/ISIC_0033135.jpg,0.0029561519622802734,4.252571105957031,0.25504112243652344,500.6383072625598,2.9561519622802734,1.927790641784668,500.4634902745245
2130,/Users/soneyeoluwasina/Downloads/Skin/Train/vascular lesion/ISIC_0029742.jpg,0.0021610260009765625,4.254733085632324,0.30060291290283203,500.618947682695,2.1610260009765625,1.9815635681152344,500.465681325273
2131,/Users/soneyeoluwasina/Downloads/Skin/Train/vascular lesion/ISIC_0027790.jpg,0.0017547607421875,4.256488800048828,0.4005422592163086,500.6473880479973,1.7547607421875,1.996445655822754,500.46612433333047
2132,/Users/soneyeoluwasina/Downloads/Skin/Train/vascular lesion/ISIC_0033450.jpg,0.0016930103302001953,4.258183002471924,0.27982521057128906,500.683037521485,1.6930103302001953,2.031736373901367,500.46247880599697
2133,/Users/soneyeoluwasina/Downloads/Skin/Train/vascular lesion/ISIC_0026713.jpg,0.0016248226165771484,4.2598090171813965,0.2935762405395508,500.7266737538741,1.6248226165771484,2.0625972747802734,500.4552431015003
2134,/Users/soneyeoluwasina/Downloads/Skin/Train/vascular lesion/ISIC_0024662.jpg,0.0019121170043945312,4.261721134185791,0.32433223724365234,500.736658455177,1.9121170043945312,2.0691347122192383,500.44720539532784
2135,/Users/soneyeoluwasina/Downloads/Skin/Train/vascular lesion/ISIC_0025578.jpg,0.001837015151977539,4.263559103012085,0.24190330505371094,500.7553427585142,1.837015151977539,2.110157012939453,500.4343809702464
2136,/Users/soneyeoluwasina/Downloads/Skin/Train/vascular lesion/ISIC_0025197.jpg,0.0016970634460449219,4.265257835388184,0.20839214324951172,500.7903583877014,1.6970634460449219,2.1157121658325195,500.420873727829
2137,/Users/soneyeoluwasina/Downloads/Skin/Train/vascular lesion/ISIC_0024706.jpg,0.001970052719116211,4.267230987548828,0.2562217712402344,500.7931387439446,1.970052719116211,2.118959426879883,500.4069633779737
2138,/Users/soneyeoluwasina/Downloads/Skin/Train/vascular lesion/ISIC_0025425.jpg,0.0017840862274169922,4.2690160274505615,0.2684898376464844,500.8179838755032,1.7840862274169922,2.1245384216308594,500.3923638434277
2139,/Users/soneyeoluwasina/Downloads/Skin/Train/vascular lesion/ISIC_0033092.jpg,0.0023720264434814453,4.271389961242676,0.3138570785522461,500.7737573503358,2.3720264434814453,2.137899398803711,500.3762022933577
2140,/Users/soneyeoluwasina/Downloads/Skin/Train/vascular lesion/ISIC_0031901.jpg,0.0019452571868896484,4.273337125778198,0.28780651092529297,500.7795867755915,1.9452571868896484,2.1312761306762695,500.3607884592431
2141,/Users/soneyeoluwasina/Downloads/Skin/Train/vascular lesion/ISIC_0030606.jpg,0.0012869834899902344,4.274625062942505,0.197235107421875,500.86264139531556,1.2869834899902344,2.1587705612182617,500.34216250575645
2142,/Users/soneyeoluwasina/Downloads/Skin/Train/vascular lesion/ISIC_0027385.jpg,0.0013890266418457031,4.276015043258667,0.2489299774169922,500.93369137626416,1.3890266418457031,2.1659135818481445,500.32269844287833
2143,/Users/soneyeoluwasina/Downloads/Skin/Train/vascular lesion/ISIC_0032775.jpg,0.0015177726745605469,4.277533769607544,0.29703330993652344,500.98961584507055,1.5177726745605469,2.151927947998047,500.30485335827274
2144,/Users/soneyeoluwasina/Downloads/Skin/Train/vascular lesion/ISIC_0030770.jpg,0.0013852119445800781,4.2789201736450195,0.24618816375732422,501.06099506259847,1.3852119445800781,2.15423583984375,500.2867141897315
2145,/Users/soneyeoluwasina/Downloads/Skin/Train/vascular lesion/ISIC_0032614.jpg,0.0016050338745117188,4.2805259227752686,0.2624034881591797,501.1066487384556,1.6050338745117188,2.153792381286621,500.2685953814023
2146,/Users/soneyeoluwasina/Downloads/Skin/Train/vascular lesion/ISIC_0030956.jpg,0.0017800331115722656,4.282305955886841,0.25230979919433594,501.13187196489696,1.7800331115722656,2.161736488342285,500.2495289320379
2147,/Users/soneyeoluwasina/Downloads/Skin/Train/vascular lesion/ISIC_0031719.jpg,0.0016560554504394531,4.283964157104492,0.2038097381591797,501.1713266646809,1.6560554504394531,2.1626758575439453,500.2303179174451
2148,/Users/soneyeoluwasina/Downloads/Skin/Train/vascular lesion/ISIC_0030104.jpg,0.0017440319061279297,4.285711050033569,0.2962827682495117,501.2003784023599,1.7440319061279297,2.1669626235961914,500.2106065951485
2149,/Users/soneyeoluwasina/Downloads/Skin/Train/vascular lesion/ISIC_0025680.jpg,0.0038306713104248047,4.2895448207855225,0.2523345947265625,500.9855566928112,3.8306713104248047,2.1624374389648438,500.191412849917
2150,/Users/soneyeoluwasina/Downloads/Skin/Train/vascular lesion/ISIC_0030070.jpg,0.004765033721923828,4.294312953948975,0.1953268051147461,500.662160176961,4.765033721923828,2.163877487182617,500.17203422696963
2151,/Users/soneyeoluwasina/Downloads/Skin/Train/vascular lesion/ISIC_0027256.jpg,0.0037889480590820312,4.298105955123901,0.22841358184814453,500.45299544924626,3.7889480590820312,2.1770763397216797,500.15109411300307
2152,/Users/soneyeoluwasina/Downloads/Skin/Train/vascular lesion/ISIC_0031346.jpg,0.004303932189941406,4.302417993545532,0.2607126235961914,500.1838508551286,4.303932189941406,2.1742677688598633,500.1304480203717
2153,/Users/soneyeoluwasina/Downloads/Skin/Train/vascular lesion/ISIC_0032538.jpg,0.004167318344116211,4.306588172912598,0.27268409729003906,499.93171242652164,4.167318344116211,2.179226875305176,500.10920558664657
2154,/Users/soneyeoluwasina/Downloads/Skin/Train/vascular lesion/ISIC_0032076.jpg,0.004515647888183594,4.3111138343811035,0.2508735656738281,499.6388596426902,4.515647888183594,2.1615076065063477,500.090034187866
2155,/Users/soneyeoluwasina/Downloads/Skin/Train/vascular lesion/ISIC_0025244.jpg,0.0025899410247802734,4.313712120056152,0.29650211334228516,499.5697302053499,2.5899410247802734,2.1388816833496094,500.0735223857803
2156,/Users/soneyeoluwasina/Downloads/Skin/Train/vascular lesion/ISIC_0025250.jpg,0.0037567615509033203,4.317471981048584,0.3042726516723633,499.36629802432964,3.7567615509033203,2.1291732788085938,500.0581402820649
2157,/Users/soneyeoluwasina/Downloads/Skin/Train/vascular lesion/ISIC_0033817.jpg,0.0032410621643066406,4.320717096328735,0.2596311569213867,499.22268732493006,3.2410621643066406,2.1320581436157227,500.04241941860676
2158,/Users/soneyeoluwasina/Downloads/Skin/Train/vascular lesion/ISIC_0025873.jpg,0.0018618106842041016,4.322589874267578,0.18890857696533203,499.2377400517676,1.8618106842041016,2.1277618408203125,500.02717765011255
2159,/Users/soneyeoluwasina/Downloads/Skin/Train/vascular lesion/ISIC_0026349.jpg,0.0032682418823242188,4.325862169265747,0.24641704559326172,499.0912598508563,3.2682418823242188,2.121868133544922,500.0125957183047
2160,/Users/soneyeoluwasina/Downloads/Skin/Train/vascular lesion/ISIC_0033591.jpg,0.0016338825225830078,4.327499866485596,0.2645435333251953,499.13346427302304,1.6338825225830078,2.1152257919311523,499.9987735527242
2161,/Users/soneyeoluwasina/Downloads/Skin/Train/vascular lesion/ISIC_0026163.jpg,0.0016720294952392578,4.329174041748047,0.1981496810913086,499.1714306610378,1.6720294952392578,2.1083641052246094,499.9857334990031
2162,/Users/soneyeoluwasina/Downloads/Skin/Train/vascular lesion/ISIC_0027269.jpg,0.0014941692352294922,4.330670118331909,0.2557363510131836,499.22989766599005,1.4941692352294922,2.0981216430664062,499.9738553940383
2163,/Users/soneyeoluwasina/Downloads/Skin/Train/vascular lesion/ISIC_0034214.jpg,0.002192974090576172,4.332864046096802,0.31323814392089844,499.2079089000052,2.192974090576172,2.085886001586914,499.9633862154494
2164,/Users/soneyeoluwasina/Downloads/Skin/Train/vascular lesion/ISIC_0027903.jpg,0.001374959945678711,4.334240913391113,0.20096874237060547,499.28004539712697,1.374959945678711,2.0757627487182617,499.95406762104335
2165,/Users/soneyeoluwasina/Downloads/Skin/Train/vascular lesion/ISIC_0027888.jpg,0.0025548934936523438,4.3367979526519775,0.29714393615722656,499.2162474795695,2.5548934936523438,2.0499277114868164,499.94773234538116
2166,/Users/soneyeoluwasina/Downloads/Skin/Train/vascular lesion/ISIC_0032932.jpg,0.0020771026611328125,4.338878154754639,0.3019237518310547,499.20738097391586,2.0771026611328125,2.0333051681518555,499.94329912670054
2167,/Users/soneyeoluwasina/Downloads/Skin/Train/vascular lesion/ISIC_0032715.jpg,0.001399993896484375,4.340281009674072,0.22759246826171875,499.2764282243393,1.399993896484375,2.0389890670776367,499.938178413501
2168,/Users/soneyeoluwasina/Downloads/Skin/Train/vascular lesion/ISIC_0029889.jpg,0.0014810562133789062,4.341763019561768,0.21384429931640625,499.33632725510324,1.4810562133789062,2.037062644958496,499.9332465086179
2169,/Users/soneyeoluwasina/Downloads/Skin/Train/vascular lesion/ISIC_0028188.jpg,0.0013990402221679688,4.3431642055511475,0.19766998291015625,499.40547889663634,1.3990402221679688,2.032895088195801,499.9287689841606
2170,/Users/soneyeoluwasina/Downloads/Skin/Train/vascular lesion/ISIC_0027522.jpg,0.0017499923706054688,4.344915151596069,0.30872535705566406,499.43437887454905,1.7499923706054688,2.0313119888305664,499.9244418018406
2171,/Users/soneyeoluwasina/Downloads/Skin/Train/vascular lesion/ISIC_0028163.jpg,0.0013532638549804688,4.346269130706787,0.2570610046386719,499.50887409656417,1.3532638549804688,2.0140933990478516,499.9220629580242
2172,/Users/soneyeoluwasina/Downloads/Skin/Train/vascular lesion/ISIC_0025321.jpg,0.0019392967224121094,4.3482091426849365,0.25029659271240234,499.5159912337683,1.9392967224121094,2.002592086791992,499.92098612413315
2173,/Users/soneyeoluwasina/Downloads/Skin/Train/vascular lesion/ISIC_0032890.jpg,0.0015947818756103516,4.349804878234863,0.2515535354614258,499.5626380560308,1.5947818756103516,1.9917917251586914,499.9211290177801
2174,/Users/soneyeoluwasina/Downloads/Skin/Train/vascular lesion/ISIC_0025452.jpg,0.0016639232635498047,4.351469993591309,0.2558460235595703,499.6012848995375,1.6639232635498047,1.9831514358520508,499.9222505967731
2175,/Users/soneyeoluwasina/Downloads/Skin/Train/vascular lesion/ISIC_0033230.jpg,0.0018160343170166016,4.353286981582642,0.3208303451538086,499.62247129622426,1.8160343170166016,1.9404363632202148,499.9283494713732
2176,/Users/soneyeoluwasina/Downloads/Skin/Train/vascular lesion/ISIC_0030275.jpg,0.0013322830200195312,4.354621171951294,0.22064208984375,499.69903559370704,1.3322830200195312,1.8751335144042969,499.94204004502336
2177,/Users/soneyeoluwasina/Downloads/Skin/Train/vascular lesion/ISIC_0028406.jpg,0.0016558170318603516,4.356277942657471,0.29759693145751953,499.7385448440784,1.6558170318603516,1.8223762512207031,499.96173575691466
2178,/Users/soneyeoluwasina/Downloads/Skin/Train/vascular lesion/ISIC_0033608.jpg,0.0015289783477783203,4.357806921005249,0.2518806457519531,499.79268000647994,1.5289783477783203,1.7592573165893555,499.988745238279
2179,/Users/soneyeoluwasina/Downloads/Skin/Train/vascular lesion/ISIC_0032270.jpg,0.0018248558044433594,4.359632968902588,0.29135704040527344,499.812717158275,1.8248558044433594,1.7029523849487305,500.0222611497844
2180,/Users/soneyeoluwasina/Downloads/Skin/Train/vascular lesion/ISIC_0029877.jpg,0.0016756057739257812,4.361309766769409,0.3288383483886719,499.8498424969273,1.6756057739257812,1.639261245727539,500.0631426168009
2181,/Users/soneyeoluwasina/Downloads/Skin/Train/vascular lesion/ISIC_0032919.jpg,0.0018990039825439453,4.363209962844849,0.27011966705322266,499.861344875086,1.8990039825439453,1.6136407852172852,500.10696652383916
2182,/Users/soneyeoluwasina/Downloads/Skin/Train/vascular lesion/ISIC_0033031.jpg,0.0014781951904296875,4.364690065383911,0.29413318634033203,499.92094909677735,1.4781951904296875,1.5706253051757812,500.15574030267265
2183,/Users/soneyeoluwasina/Downloads/Skin/Train/vascular lesion/ISIC_0031197.jpg,0.0013301372528076172,4.366021156311035,0.20557117462158203,499.99757716347705,1.3301372528076172,1.5291643142700195,500.20926657190745
2184,/Users/soneyeoluwasina/Downloads/Skin/Train/vascular lesion/ISIC_0030882.jpg,0.0015799999237060547,4.367602109909058,0.2549457550048828,500.0455501761527,1.5799999237060547,1.5210485458374023,500.26371370130784
2185,/Users/soneyeoluwasina/Downloads/Skin/Train/vascular lesion/ISIC_0029486.jpg,0.0014939308166503906,4.369096994400024,0.2686309814453125,500.1033400724604,1.4939308166503906,1.477508544921875,500.32314396663526
2186,/Users/soneyeoluwasina/Downloads/Skin/Train/seborrheic keratosis/ISIC_0011128.jpg,0.0011849403381347656,4.370282888412476,0.16419219970703125,500.1964531394612,1.1849403381347656,1.4722728729248047,500.3831423021179
2187,/Users/soneyeoluwasina/Downloads/Skin/Train/seborrheic keratosis/ISIC_0011077.jpg,0.0013582706451416016,4.371642112731934,0.21952533721923828,500.2696798145026,1.3582706451416016,1.4716339111328125,500.4431807057969
2188,/Users/soneyeoluwasina/Downloads/Skin/Train/seborrheic keratosis/ISIC_0010977.jpg,0.001277923583984375,4.372920989990234,0.17301654815673828,500.35205415519897,1.277923583984375,1.457972526550293,500.5047372036754
2189,/Users/soneyeoluwasina/Downloads/Skin/Train/seborrheic keratosis/ISIC_0011112.jpg,0.0010802745819091797,4.37400221824646,0.18754959106445312,500.4569935672258,1.0802745819091797,1.4309930801391602,500.5693470299988
2190,/Users/soneyeoluwasina/Downloads/Skin/Train/seborrheic keratosis/ISIC_0011099.jpg,0.0011141300201416016,4.375118017196655,0.22045516967773438,500.5579258415608,1.1141300201416016,1.424875259399414,500.6346131848903
2191,/Users/soneyeoluwasina/Downloads/Skin/Train/seborrheic keratosis/ISIC_0010812.jpg,0.0015711784362792969,4.376690149307251,0.22389602661132812,500.6066057353397,1.5711784362792969,1.4063215255737305,500.7019802120157
2192,/Users/soneyeoluwasina/Downloads/Skin/Train/seborrheic keratosis/ISIC_0011139.jpg,0.0012927055358886719,4.377983808517456,0.18346786499023438,500.68709613210984,1.2927055358886719,1.392354965209961,500.7709153506359
2193,/Users/soneyeoluwasina/Downloads/Skin/Train/seborrheic keratosis/ISIC_0010810.jpg,0.0013093948364257812,4.379293203353882,0.1517190933227539,500.76573962220453,1.3093948364257812,1.3934707641601562,500.8396789902487
2194,/Users/soneyeoluwasina/Downloads/Skin/Train/seborrheic keratosis/ISIC_0010965.jpg,0.0013060569763183594,4.3805999755859375,0.1720256805419922,500.84463594659456,1.3060569763183594,1.3873481750488281,500.90909786296294
2195,/Users/soneyeoluwasina/Downloads/Skin/Train/seborrheic keratosis/ISIC_0010971.jpg,0.0007441043853759766,4.38134503364563,0.03711414337158203,500.9877065476362,0.7441043853759766,1.387467384338379,500.97846205049166
2196,/Users/soneyeoluwasina/Downloads/Skin/Train/seborrheic keratosis/ISIC_0011138.jpg,0.0012049674987792969,4.382550954818726,0.18707656860351562,501.078030270348,1.2049674987792969,1.3708925247192383,501.0496782414963
2197,/Users/soneyeoluwasina/Downloads/Skin/Train/seborrheic keratosis/ISIC_0011163.jpg,0.001116037368774414,4.383667945861816,0.12912559509277344,501.1784713470299,1.116037368774414,1.3632678985595703,501.12171776248863
2198,/Users/soneyeoluwasina/Downloads/Skin/Train/seborrheic keratosis/ISIC_0010862.jpg,0.0013120174407958984,4.384980916976929,0.1577596664428711,501.25645735200465,1.3120174407958984,1.35284423828125,501.1949104789471
2199,/Users/soneyeoluwasina/Downloads/Skin/Train/seborrheic keratosis/ISIC_0010876.jpg,0.0016949176788330078,4.386677980422974,0.15684890747070312,501.2905004228205,1.6949176788330078,1.3451671600341797,501.2689348783199
2200,/Users/soneyeoluwasina/Downloads/Skin/Train/seborrheic keratosis/ISIC_0010863.jpg,0.0014998912811279297,4.38818097114563,0.17902755737304688,501.34668885947116,1.4998912811279297,1.351327896118164,501.34221849106166
2201,/Users/soneyeoluwasina/Downloads/Skin/Train/seborrheic keratosis/ISIC_0010917.jpg,0.0011510848999023438,4.389378070831299,0.060334205627441406,501.4377810438086,1.1510848999023438,1.3412284851074219,501.4166104678785
2202,/Users/soneyeoluwasina/Downloads/Skin/Train/seborrheic keratosis/ISIC_0011176.jpg,0.0011479854583740234,4.390527009963989,0.14943885803222656,501.53432492334457,1.1479854583740234,1.3466072082519531,501.4903444130288
2203,/Users/soneyeoluwasina/Downloads/Skin/Train/seborrheic keratosis/ISIC_0011174.jpg,0.001352071762084961,4.391880035400391,0.1851358413696289,501.60750800178926,1.352071762084961,1.3431167602539062,501.5644364728118
2204,/Users/soneyeoluwasina/Downloads/Skin/Train/seborrheic keratosis/ISIC_0010860.jpg,0.0013310909271240234,4.3932130336761475,0.18152618408203125,501.68293299351785,1.3310909271240234,1.3395118713378906,501.638894494468
2205,/Users/soneyeoluwasina/Downloads/Skin/Train/seborrheic keratosis/ISIC_0010900.jpg,0.0013089179992675781,4.3945231437683105,0.20981407165527344,501.76092555726285,1.3089179992675781,1.3241958618164062,501.7150560391046
2206,/Users/soneyeoluwasina/Downloads/Skin/Train/seborrheic keratosis/ISIC_0011161.jpg,0.001605987548828125,4.396130084991455,0.16223716735839844,501.8049869660051,1.605987548828125,1.3146686553955078,501.79226256968445
2207,/Users/soneyeoluwasina/Downloads/Skin/Train/seborrheic keratosis/ISIC_0010938.jpg,0.0011680126190185547,4.39729905128479,0.1830615997314453,501.8990007866682,1.1680126190185547,1.3070917129516602,501.8702949053459
2208,/Users/soneyeoluwasina/Downloads/Skin/Train/seborrheic keratosis/ISIC_0011039.jpg,0.0014560222625732422,4.39875602722168,0.22219085693359375,501.96009652179004,1.4560222625732422,1.3005685806274414,501.9490259987493
2209,/Users/soneyeoluwasina/Downloads/Skin/Train/seborrheic keratosis/ISIC_0011158.jpg,0.0010912418365478516,4.399848222732544,0.1836414337158203,502.0627731172262,1.0912418365478516,1.2972450256347656,502.02808835680776
2210,/Users/soneyeoluwasina/Downloads/Skin/Train/seborrheic keratosis/ISIC_0011166.jpg,0.0013720989227294922,4.401221036911011,0.20458507537841797,502.133381047157,1.3720989227294922,1.302323341369629,502.10653106643446
2211,/Users/soneyeoluwasina/Downloads/Skin/Train/seborrheic keratosis/ISIC_0010898.jpg,0.0016400814056396484,4.402862071990967,0.24210166931152344,502.1733508449856,1.6400814056396484,1.2982654571533203,502.18538671062595
2212,/Users/soneyeoluwasina/Downloads/Skin/Train/seborrheic keratosis/ISIC_0011012.jpg,0.0008111000061035156,4.403675079345703,0.060370445251464844,502.30772255991656,0.8111000061035156,1.2914657592773438,502.2649669140085
2213,/Users/soneyeoluwasina/Downloads/Skin/Train/seborrheic keratosis/ISIC_0011013.jpg,0.0008440017700195312,4.404520034790039,0.06877708435058594,502.4384002161753,0.8440017700195312,1.2885856628417969,502.3448287538832
2214,/Users/soneyeoluwasina/Downloads/Skin/Train/seborrheic keratosis/ISIC_0011007.jpg,0.0010690689086914062,4.405590057373047,0.14082813262939453,502.5433531417033,1.0690689086914062,1.2877321243286133,502.4247390016287
2215,/Users/soneyeoluwasina/Downloads/Skin/Train/seborrheic keratosis/ISIC_0010872.jpg,0.001627206802368164,4.4072182178497314,0.1815328598022461,502.584598835837,1.627206802368164,1.289067268371582,502.50444537691305
2216,/Users/soneyeoluwasina/Downloads/Skin/Train/seborrheic keratosis/ISIC_0010866.jpg,0.001378774642944336,4.408597946166992,0.18074798583984375,502.6541379049267,1.378774642944336,1.2898063659667969,502.5840199972157
2217,/Users/soneyeoluwasina/Downloads/Skin/Train/seborrheic keratosis/ISIC_0010912.jpg,0.0014557838439941406,4.410056829452515,0.16976451873779297,502.714610204973,1.4557838439941406,1.281580924987793,502.664486882895
2218,/Users/soneyeoluwasina/Downloads/Skin/Train/seborrheic keratosis/ISIC_0011181.jpg,0.0011749267578125,4.411232948303223,0.1929006576538086,502.80727089081796,1.1749267578125,1.290445327758789,502.7438973152195
2219,/Users/soneyeoluwasina/Downloads/Skin/Train/seborrheic keratosis/ISIC_0010923.jpg,0.0014050006866455078,4.412638902664185,0.15910625457763672,502.8736882730766,1.4050006866455078,1.2910223007202148,502.8231937761278
2220,/Users/soneyeoluwasina/Downloads/Skin/Train/seborrheic keratosis/ISIC_0011169.jpg,0.0009212493896484375,4.413561105728149,0.1330270767211914,502.99518842477755,0.9212493896484375,1.2883281707763672,502.90274776381307
2221,/Users/soneyeoluwasina/Downloads/Skin/Train/seborrheic keratosis/ISIC_0010934.jpg,0.0009720325469970703,4.414534091949463,0.07270336151123047,503.1108501461825,0.9720325469970703,1.2990283966064453,502.98103224358135
2222,/Users/soneyeoluwasina/Downloads/Skin/Train/seborrheic keratosis/ISIC_0010883.jpg,0.0014181137084960938,4.415953159332275,0.1463613510131836,503.1756270566925,1.4181137084960938,1.3074111938476562,503.0583151979231
2223,/Users/soneyeoluwasina/Downloads/Skin/Train/seborrheic keratosis/ISIC_0010909.jpg,0.001210927963256836,4.417165994644165,0.19870471954345703,503.2638580246697,1.210927963256836,1.3143491744995117,503.1347638531913
2224,/Users/soneyeoluwasina/Downloads/Skin/Train/seborrheic keratosis/ISIC_0011140.jpg,0.0019719600677490234,4.4191389083862305,0.16805553436279297,503.26546553662297,1.9719600677490234,1.316366195678711,503.21093529637614
2225,/Users/soneyeoluwasina/Downloads/Skin/Train/seborrheic keratosis/ISIC_0011178.jpg,0.0013110637664794922,4.420453071594238,0.18360137939453125,503.3420701370669,1.3110637664794922,1.3131475448608398,503.28743546270175
2226,/Users/soneyeoluwasina/Downloads/Skin/Train/seborrheic keratosis/ISIC_0011187.jpg,0.0016012191772460938,4.422056198120117,0.1602010726928711,503.38573285122567,1.6012191772460938,1.3075733184814453,503.36452819593956
2227,/Users/soneyeoluwasina/Downloads/Skin/Train/seborrheic keratosis/ISIC_0011193.jpg,0.0014812946319580078,4.4235382080078125,0.18792247772216797,503.44314783322585,1.4812946319580078,1.3066720962524414,503.44177787598113
2228,/Users/soneyeoluwasina/Downloads/Skin/Train/seborrheic keratosis/ISIC_0010925.jpg,0.001348733901977539,4.4248878955841064,0.18247318267822266,503.5155810892907,1.348733901977539,1.3075733184814453,503.5188770821193
2229,/Users/soneyeoluwasina/Downloads/Skin/Train/seborrheic keratosis/ISIC_0011030.jpg,0.0010590553283691406,4.4259490966796875,0.058223724365234375,503.6207943901068,1.0590553283691406,1.3042354583740234,503.5963099219885
2230,/Users/soneyeoluwasina/Downloads/Skin/Train/seborrheic keratosis/ISIC_0011031.jpg,0.0011992454528808594,4.427149057388306,0.16402435302734375,503.7101690259187,1.1992454528808594,1.2989139556884766,503.6743031340783
2231,/Users/soneyeoluwasina/Downloads/Skin/Train/seborrheic keratosis/ISIC_0010878.jpg,0.0015201568603515625,4.428670167922974,0.15667343139648438,503.7629616581559,1.5201568603515625,1.2944936752319336,503.75275246744087
2232,/Users/soneyeoluwasina/Downloads/Skin/Train/seborrheic keratosis/ISIC_0011151.jpg,0.00115203857421875,4.429823875427246,0.18500995635986328,503.857503766948,1.15203857421875,1.2856340408325195,503.8321647006139
2233,/Users/soneyeoluwasina/Downloads/Skin/Train/seborrheic keratosis/ISIC_0010852.jpg,0.0011639595031738281,4.430989027023315,0.15810489654541016,503.950695066402,1.1639595031738281,1.2865972518920898,503.91141763857405
2234,/Users/soneyeoluwasina/Downloads/Skin/Train/seborrheic keratosis/ISIC_0011032.jpg,0.0018339157104492188,4.432823896408081,0.25573062896728516,503.9676856574905,1.8339157104492188,1.2806367874145508,503.99130330899135
2235,/Users/soneyeoluwasina/Downloads/Skin/Train/seborrheic keratosis/ISIC_0010890.jpg,0.001291036605834961,4.434118032455444,0.17257118225097656,504.046122282032,1.291036605834961,1.2851476669311523,504.07062589544313
2236,/Users/soneyeoluwasina/Downloads/Skin/Train/seborrheic keratosis/ISIC_0011185.jpg,0.0008449554443359375,4.434963941574097,0.0641641616821289,504.1754633085876,0.8449554443359375,1.2740278244018555,504.1511657878078
2237,/Users/soneyeoluwasina/Downloads/Skin/Train/seborrheic keratosis/ISIC_0011135.jpg,0.0012142658233642578,4.436179161071777,0.17819786071777344,504.26277180823837,1.2142658233642578,1.2643623352050781,504.232759635057
2238,/Users/soneyeoluwasina/Downloads/Skin/Train/seborrheic keratosis/ISIC_0011121.jpg,0.0012352466583251953,4.437416076660156,0.17931365966796875,504.34756654247354,1.2352466583251953,1.2801599502563477,504.31251218266596
2239,/Users/soneyeoluwasina/Downloads/Skin/Train/seborrheic keratosis/ISIC_0010834.jpg,0.0011470317840576172,4.438565015792847,0.15810775756835938,504.44231233144495,1.1470317840576172,1.3007783889770508,504.3898754971129
2240,/Users/soneyeoluwasina/Downloads/Skin/Train/seborrheic keratosis/ISIC_0011040.jpg,0.0011510848999023438,4.439717054367065,0.1730480194091797,504.5366568566921,1.1510848999023438,1.3083362579345703,504.46633153748354
2241,/Users/soneyeoluwasina/Downloads/Skin/Train/seborrheic keratosis/ISIC_0010982.jpg,0.0011599063873291016,4.440877914428711,0.16138744354248047,504.62995001930597,1.1599063873291016,1.3027763366699219,504.54337721009887
2242,/Users/soneyeoluwasina/Downloads/Skin/Train/seborrheic keratosis/ISIC_0011136.jpg,0.0017359256744384766,4.442615985870361,0.16576862335205078,504.6576177483334,1.7359256744384766,1.3138008117675781,504.6191308626385
2243,/Users/soneyeoluwasina/Downloads/Skin/Train/seborrheic keratosis/ISIC_0011056.jpg,0.0013382434844970703,4.443955183029175,0.2005300521850586,504.7305626676196,1.3382434844970703,1.3224220275878906,504.6938708550245
2244,/Users/soneyeoluwasina/Downloads/Skin/Train/seborrheic keratosis/ISIC_0011042.jpg,0.0011713504791259766,4.4451282024383545,0.14554500579833984,504.8223353308605,1.1713504791259766,1.3417243957519531,504.76638110355714
2245,/Users/soneyeoluwasina/Downloads/Skin/Train/seborrheic keratosis/ISIC_0011095.jpg,0.0012791156768798828,4.446408033370972,0.2082662582397461,504.9019305360489,1.2791156768798828,1.3500452041625977,504.8379079980804
2246,/Users/soneyeoluwasina/Downloads/Skin/Train/seborrheic keratosis/ISIC_0011094.jpg,0.0016241073608398438,4.448034048080444,0.2579069137573242,504.94217798743347,1.6241073608398438,1.3596200942993164,504.9083034111551
2247,/Users/soneyeoluwasina/Downloads/Skin/Train/seborrheic keratosis/ISIC_0011043.jpg,0.0014629364013671875,4.4494969844818115,0.16486072540283203,505.000904110442,1.4629364013671875,1.3727188110351562,504.977168208623
2248,/Users/soneyeoluwasina/Downloads/Skin/Train/seborrheic keratosis/ISIC_0011057.jpg,0.0014128684997558594,4.450911998748779,0.16712570190429688,505.0650295112435,1.4128684997558594,1.3788366317749023,505.04530030596857
2249,/Users/soneyeoluwasina/Downloads/Skin/Train/seborrheic keratosis/ISIC_0010942.jpg,0.0015339851379394531,4.452446937561035,0.20050525665283203,505.1155087391022,1.5339851379394531,1.3940763473510742,505.11166811308226
2250,/Users/soneyeoluwasina/Downloads/Skin/Train/seborrheic keratosis/ISIC_0010995.jpg,0.0012211799621582031,4.453670024871826,0.16634654998779297,505.2013255213611,1.2211799621582031,1.3746023178100586,505.1802017216573
2251,/Users/soneyeoluwasina/Downloads/Skin/Train/seborrheic keratosis/ISIC_0011137.jpg,0.0011060237884521484,4.454777002334595,0.17267227172851562,505.30026504588864,1.1060237884521484,1.3830804824829102,505.2477396702771
2252,/Users/soneyeoluwasina/Downloads/Skin/Train/seborrheic keratosis/ISIC_0011052.jpg,0.0011930465698242188,4.455971002578735,0.1593761444091797,505.3892852302528,1.1930465698242188,1.3825750350952148,505.31529923725725
2253,/Users/soneyeoluwasina/Downloads/Skin/Train/seborrheic keratosis/ISIC_0010990.jpg,0.0011851787567138672,4.457157135009766,0.16561126708984375,505.47914999525,1.1851787567138672,1.3720512390136719,505.3840077643687
2254,/Users/soneyeoluwasina/Downloads/Skin/Train/seborrheic keratosis/ISIC_0011132.jpg,0.0010650157928466797,4.458223104476929,0.14773273468017578,505.58259359800604,1.0650157928466797,1.3716411590576172,505.45272032051633
2255,/Users/soneyeoluwasina/Downloads/Skin/Train/seborrheic keratosis/ISIC_0011126.jpg,0.0010879039764404297,4.4593119621276855,0.07351970672607422,505.6833922253927,1.0879039764404297,1.384902000427246,505.51989356525314
2256,/Users/soneyeoluwasina/Downloads/Skin/Train/seborrheic keratosis/ISIC_0011130.jpg,0.0011630058288574219,4.4604761600494385,0.14269256591796875,505.7755986246534,1.1630058288574219,1.389479637145996,505.58650513802087
2257,/Users/soneyeoluwasina/Downloads/Skin/Train/seborrheic keratosis/ISIC_0011118.jpg,0.0012161731719970703,4.461694240570068,0.16047954559326172,505.8616476846751,1.2161731719970703,1.4080190658569336,505.6509883067206
2258,/Users/soneyeoluwasina/Downloads/Skin/Train/seborrheic keratosis/ISIC_0010979.jpg,0.001157999038696289,4.462852954864502,0.1365365982055664,505.954380042655,1.157999038696289,1.4157772064208984,505.71455286165417
2259,/Users/soneyeoluwasina/Downloads/Skin/Train/seborrheic keratosis/ISIC_0011045.jpg,0.0013167858123779297,4.464171886444092,0.1523122787475586,506.028902439819,1.3167858123779297,1.418752670288086,505.77773646242923
2260,/Users/soneyeoluwasina/Downloads/Skin/Train/seborrheic keratosis/ISIC_0010978.jpg,0.0008161067962646484,4.4649879932403564,0.07087993621826172,506.1603756653912,0.8161067962646484,1.414794921875,505.84133462357227
2261,/Users/soneyeoluwasina/Downloads/Skin/Train/seborrheic keratosis/ISIC_0010993.jpg,0.0011568069458007812,4.466145992279053,0.19785690307617188,506.25304320744397,1.1568069458007812,1.4144134521484375,505.90493496040807
2262,/Users/soneyeoluwasina/Downloads/Skin/Train/seborrheic keratosis/ISIC_0011125.jpg,0.0016009807586669922,4.467747926712036,0.20454883575439453,506.29534994036266,1.6009807586669922,1.4356756210327148,505.96608913691824
2263,/Users/soneyeoluwasina/Downloads/Skin/Train/dermatofibroma/ISIC_0030870.jpg,0.0018749237060546875,4.469624042510986,0.3328428268432617,506.3065659385238,1.8749237060546875,1.4484310150146484,506.02576589829073
2264,/Users/soneyeoluwasina/Downloads/Skin/Train/dermatofibroma/ISIC_0028346.jpg,0.0014469623565673828,4.4710729122161865,0.21068572998046875,506.3661551602383,1.4469623565673828,1.454930305480957,506.0846695784687
2265,/Users/soneyeoluwasina/Downloads/Skin/Train/dermatofibroma/ISIC_0031429.jpg,0.0013492107391357422,4.472423076629639,0.24158477783203125,506.4368824666014,1.3492107391357422,1.466970443725586,506.1421742627808
2266,/Users/soneyeoluwasina/Downloads/Skin/Train/dermatofibroma/ISIC_0031372.jpg,0.0019299983978271484,4.474354028701782,0.31621360778808594,506.44182053190633,1.9299983978271484,1.4811515808105469,506.1980394458676
2267,/Users/soneyeoluwasina/Downloads/Skin/Train/dermatofibroma/ISIC_0033808.jpg,0.0018868446350097656,4.4762420654296875,0.2893352508544922,506.4516098242743,1.8868446350097656,1.4937925338745117,506.2524391725594
2268,/Users/soneyeoluwasina/Downloads/Skin/Train/dermatofibroma/ISIC_0030442.jpg,0.002140045166015625,4.4783830642700195,0.28288841247558594,506.43278331745074,2.140045166015625,1.497349739074707,506.3064114363965
2269,/Users/soneyeoluwasina/Downloads/Skin/Train/dermatofibroma/ISIC_0029891.jpg,0.0018210411071777344,4.480205059051514,0.2345285415649414,506.45003299923974,1.8210411071777344,1.4998245239257812,506.36006295313143
2270,/Users/soneyeoluwasina/Downloads/Skin/Train/dermatofibroma/ISIC_0031827.jpg,0.001399993896484375,4.481605052947998,0.2333211898803711,506.51495907851023,1.399993896484375,1.509394645690918,506.41259730783463
2271,/Users/soneyeoluwasina/Downloads/Skin/Train/dermatofibroma/ISIC_0031358.jpg,0.0016269683837890625,4.4832329750061035,0.2503032684326172,506.55409001958196,1.6269683837890625,1.5134716033935547,506.4646315728857
2272,/Users/soneyeoluwasina/Downloads/Skin/Train/dermatofibroma/ISIC_0027488.jpg,0.0017240047454833984,4.484957933425903,0.3044710159301758,506.58223192396775,1.7240047454833984,1.504354476928711,506.51765879737707
2273,/Users/soneyeoluwasina/Downloads/Skin/Train/dermatofibroma/ISIC_0027107.jpg,0.0019729137420654297,4.486931800842285,0.2807197570800781,506.582248380355,1.9729137420654297,1.5119743347167969,506.5697907664806
2274,/Users/soneyeoluwasina/Downloads/Skin/Train/dermatofibroma/ISIC_0030321.jpg,0.0009982585906982422,4.487932205200195,0.13113880157470703,506.692145965374,0.9982585906982422,1.5218400955200195,506.62078078476776
2275,/Users/soneyeoluwasina/Downloads/Skin/Train/dermatofibroma/ISIC_0025314.jpg,0.0017349720001220703,4.489668130874634,0.3273887634277344,506.7189675680564,1.7349720001220703,1.5208005905151367,506.67185093831756
2276,/Users/soneyeoluwasina/Downloads/Skin/Train/dermatofibroma/ISIC_0029248.jpg,0.0015759468078613281,4.4912450313568115,0.28005313873291016,506.7637112002364,1.5759468078613281,1.5244626998901367,506.72247066392936
2277,/Users/soneyeoluwasina/Downloads/Skin/Train/dermatofibroma/ISIC_0027648.jpg,0.0009551048278808594,4.492200136184692,0.15535926818847656,506.8785741887933,0.9551048278808594,1.5406417846679688,506.77101910279146
2278,/Users/soneyeoluwasina/Downloads/Skin/Train/dermatofibroma/ISIC_0028790.jpg,0.0013282299041748047,4.4935290813446045,0.2903928756713867,506.9512088966722,1.3282299041748047,1.5531635284423828,506.81811924931293
2279,/Users/soneyeoluwasina/Downloads/Skin/Train/dermatofibroma/ISIC_0031799.jpg,0.001722097396850586,4.495251178741455,0.31931591033935547,506.97945662695014,1.722097396850586,1.575322151184082,506.86269175497137
2280,/Users/soneyeoluwasina/Downloads/Skin/Train/dermatofibroma/ISIC_0032247.jpg,0.0014281272888183594,4.496680021286011,0.2302093505859375,507.0407476643046,1.4281272888183594,1.5876579284667969,506.9058325360922
2281,/Users/soneyeoluwasina/Downloads/Skin/Train/dermatofibroma/ISIC_0033005.jpg,0.0024471282958984375,4.499128103256226,0.3290824890136719,506.9871200931433,2.4471282958984375,1.594700813293457,506.9481370278501
2282,/Users/soneyeoluwasina/Downloads/Skin/Train/dermatofibroma/ISIC_0032642.jpg,0.0015399456024169922,4.500669002532959,0.27303123474121094,507.03573151362593,1.5399456024169922,1.606125831604004,506.98912090723024
2283,/Users/soneyeoluwasina/Downloads/Skin/Train/dermatofibroma/ISIC_0025302.jpg,0.0013127326965332031,4.501982927322388,0.20698928833007812,507.1098751051559,1.3127326965332031,1.6152429580688477,507.029046590803
2284,/Users/soneyeoluwasina/Downloads/Skin/Train/dermatofibroma/ISIC_0032468.jpg,0.0016360282897949219,4.503619909286499,0.2796926498413086,507.1475937146415,1.6360282897949219,1.6246604919433594,507.06787532118307
2285,/Users/soneyeoluwasina/Downloads/Skin/Train/dermatofibroma/ISIC_0025504.jpg,0.001271963119506836,4.504894018173218,0.17116451263427734,507.22613912382155,1.271963119506836,1.6294670104980469,507.10613166084545
2286,/Users/soneyeoluwasina/Downloads/Skin/Train/dermatofibroma/ISIC_0028735.jpg,0.0019080638885498047,4.506803035736084,0.2855215072631836,507.23317213409877,1.9080638885498047,1.6356849670410156,507.1436370051439
2287,/Users/soneyeoluwasina/Downloads/Skin/Train/dermatofibroma/ISIC_0026254.jpg,0.0018520355224609375,4.508655071258545,0.34056854248046875,507.24660987685786,1.8520355224609375,1.6371488571166992,507.18093639556986
2288,/Users/soneyeoluwasina/Downloads/Skin/Train/dermatofibroma/ISIC_0027598.jpg,0.001560211181640625,4.510216236114502,0.30404090881347656,507.292750551376,1.560211181640625,1.6399621963500977,507.21789265899133
2289,/Users/soneyeoluwasina/Downloads/Skin/Train/dermatofibroma/ISIC_0031271.jpg,0.0017490386962890625,4.511966943740845,0.33374691009521484,507.31754654705065,1.7490386962890625,1.6421842575073242,507.2545815799507
2290,/Users/soneyeoluwasina/Downloads/Skin/Train/dermatofibroma/ISIC_0034135.jpg,0.0018601417541503906,4.5138280391693115,0.2663993835449219,507.3299160110302,1.8601417541503906,1.6478776931762695,507.29059922851286
2291,/Users/soneyeoluwasina/Downloads/Skin/Train/dermatofibroma/ISIC_0027613.jpg,0.0017919540405273438,4.515620946884155,0.2809181213378906,507.34993635389696,1.7919540405273438,1.6457939147949219,507.3268125433439
2292,/Users/soneyeoluwasina/Downloads/Skin/Train/dermatofibroma/ISIC_0030555.jpg,0.0019137859344482422,4.517535924911499,0.24580955505371094,507.3562309401893,1.9137859344482422,1.6422319412231445,507.36340603328733
2293,/Users/soneyeoluwasina/Downloads/Skin/Train/dermatofibroma/ISIC_0030757.jpg,0.0014619827270507812,4.519000053405762,0.2447042465209961,507.4131385043627,1.4619827270507812,1.6456127166748047,507.3996038862404
2294,/Users/soneyeoluwasina/Downloads/Skin/Train/dermatofibroma/ISIC_0027216.jpg,0.0016498565673828125,4.520650863647461,0.2842702865600586,507.4490530660223,1.6498565673828125,1.6296720504760742,507.437566110673
2295,/Users/soneyeoluwasina/Downloads/Skin/Train/dermatofibroma/ISIC_0025373.jpg,0.0014829635620117188,4.522135019302368,0.23326873779296875,507.50364378860377,1.4829635620117188,1.6268301010131836,507.47582316889645
2296,/Users/soneyeoluwasina/Downloads/Skin/Train/dermatofibroma/ISIC_0029039.jpg,0.0011682510375976562,4.523304224014282,0.14974594116210938,507.5935392120003,1.1682510375976562,1.6305923461914062,507.513626121588
2297,/Users/soneyeoluwasina/Downloads/Skin/Train/dermatofibroma/ISIC_0029824.jpg,0.0018439292907714844,4.525149822235107,0.29619789123535156,507.6075025656151,1.8439292907714844,1.6283130645751953,507.5516533382431
2298,/Users/soneyeoluwasina/Downloads/Skin/Train/dermatofibroma/ISIC_0025954.jpg,0.0019061565399169922,4.52705717086792,0.22187519073486328,507.6145304256079,1.9061565399169922,1.6297292709350586,507.5894984446236
2299,/Users/soneyeoluwasina/Downloads/Skin/Train/dermatofibroma/ISIC_0030021.jpg,0.0014820098876953125,4.528541088104248,0.2509126663208008,507.66901641659047,1.4820098876953125,1.6317939758300781,507.6270968707937
2300,/Users/soneyeoluwasina/Downloads/Skin/Train/dermatofibroma/ISIC_0030579.jpg,0.0014042854309082031,4.5299460887908936,0.24312877655029297,507.7323118019496,1.4042854309082031,1.6509056091308594,507.6625196241046
2301,/Users/soneyeoluwasina/Downloads/Skin/Train/dermatofibroma/ISIC_0033847.jpg,0.00191497802734375,4.531956911087036,0.2747058868408203,507.7276869889925,1.91497802734375,1.6524219512939453,507.6977500678487
2302,/Users/soneyeoluwasina/Downloads/Skin/Train/dermatofibroma/ISIC_0030427.jpg,0.0018191337585449219,4.533778190612793,0.2997579574584961,507.7442925563277,1.8191337585449219,1.6558265686035156,507.7325731414941
2303,/Users/soneyeoluwasina/Downloads/Skin/Train/dermatofibroma/ISIC_0025980.jpg,0.002293109893798828,4.536073923110962,0.3383064270019531,507.7077752781728,2.293109893798828,1.6693496704101562,507.7658404507619
2304,/Users/soneyeoluwasina/Downloads/Skin/Train/dermatofibroma/ISIC_0028651.jpg,0.0016818046569824219,4.537758827209473,0.31928253173828125,507.7396326540477,1.6818046569824219,1.6859054565429688,507.797232216286
2305,/Users/soneyeoluwasina/Downloads/Skin/Train/dermatofibroma/ISIC_0033891.jpg,0.0014400482177734375,4.539201021194458,0.26801586151123047,507.7986168132858,1.4400482177734375,1.6990423202514648,507.82714055449867
2306,/Users/soneyeoluwasina/Downloads/Skin/Train/dermatofibroma/ISIC_0029177.jpg,0.0017342567443847656,4.540936231613159,0.3166484832763672,507.8247925936625,1.7342567443847656,1.7013025283813477,507.8567654102928
2307,/Users/soneyeoluwasina/Downloads/Skin/Train/dermatofibroma/ISIC_0033675.jpg,0.0016720294952392578,4.542608976364136,0.2751350402832031,507.8579318633105,1.6720294952392578,1.6869783401489258,507.88798126914793
2308,/Users/soneyeoluwasina/Downloads/Skin/Train/dermatofibroma/ISIC_0025771.jpg,0.001628875732421875,4.544239044189453,0.25449657440185547,507.8958165616645,1.628875732421875,1.6965198516845703,507.91810994050735
2309,/Users/soneyeoluwasina/Downloads/Skin/Train/dermatofibroma/ISIC_0031735.jpg,0.0015571117401123047,4.545797109603882,0.26157093048095703,507.94171942293417,1.5571117401123047,1.6979026794433594,507.9480475915822
2310,/Users/soneyeoluwasina/Downloads/Skin/Train/dermatofibroma/ISIC_0029783.jpg,0.001127004623413086,4.546925067901611,0.2070455551147461,508.0356428803117,1.127004623413086,1.7073774337768555,507.97690990678296
2311,/Users/soneyeoluwasina/Downloads/Skin/Train/dermatofibroma/ISIC_0029967.jpg,0.001230001449584961,4.548156023025513,0.2121877670288086,508.11801272874595,1.230001449584961,1.7115211486816406,508.00527790774754
2312,/Users/soneyeoluwasina/Downloads/Skin/Train/dermatofibroma/ISIC_0029973.jpg,0.001741647720336914,4.549898862838745,0.3075428009033203,508.1431631114348,1.741647720336914,1.707444190979004,508.0340835859481
2313,/Users/soneyeoluwasina/Downloads/Skin/Train/dermatofibroma/ISIC_0026473.jpg,0.0019860267639160156,4.551886081695557,0.2696952819824219,508.14101198649024,1.9860267639160156,1.703042984008789,508.06335787778755
2314,/Users/soneyeoluwasina/Downloads/Skin/Train/dermatofibroma/ISIC_0027745.jpg,0.0017316341400146484,4.5536208152771,0.3181419372558594,508.1670375883476,1.7316341400146484,1.7010974884033203,508.09282047646775
2315,/Users/soneyeoluwasina/Downloads/Skin/Train/dermatofibroma/ISIC_0031457.jpg,0.0012450218200683594,4.5548670291900635,0.23390769958496094,508.24754820815224,1.2450218200683594,1.707296371459961,508.1215782352434
2316,/Users/soneyeoluwasina/Downloads/Skin/Train/dermatofibroma/ISIC_0031443.jpg,0.0017518997192382812,4.556619882583618,0.3413257598876953,508.27149502907855,1.7518997192382812,1.6956281661987305,508.15161009546006
2317,/Users/soneyeoluwasina/Downloads/Skin/Train/dermatofibroma/ISIC_0025594.jpg,0.0020558834075927734,4.5586769580841064,0.34769248962402344,508.261502471931,2.0558834075927734,1.7058134078979492,508.18049590621507
2318,/Users/soneyeoluwasina/Downloads/Skin/Train/dermatofibroma/ISIC_0028926.jpg,0.0013430118560791016,4.560021877288818,0.22659587860107422,508.33089453908,1.3430118560791016,1.7079401016235352,508.20912912760724
2319,/Users/soneyeoluwasina/Downloads/Skin/Train/dermatofibroma/ISIC_0033860.jpg,0.0016789436340332031,4.561702013015747,0.29455089569091797,508.3628859104074,1.6789436340332031,1.7028379440307617,508.23829806669545
2320,/Users/soneyeoluwasina/Downloads/Skin/Train/dermatofibroma/ISIC_0027626.jpg,0.0015881061553955078,4.563290119171143,0.3118867874145508,508.40510671309136,1.5881061553955078,1.7013978958129883,508.2676018329892
2321,/Users/soneyeoluwasina/Downloads/Skin/Train/dermatofibroma/ISIC_0027008.jpg,0.0015130043029785156,4.564805030822754,0.2975797653198242,508.45545085233715,1.5130043029785156,1.7025184631347656,508.2967527031989
2322,/Users/soneyeoluwasina/Downloads/Skin/Train/dermatofibroma/ISIC_0032613.jpg,0.0017948150634765625,4.566600799560547,0.3166227340698242,508.474487242995,1.7948150634765625,1.7046785354614258,508.3256243163585
2323,/Users/soneyeoluwasina/Downloads/Skin/Train/dermatofibroma/ISIC_0030011.jpg,0.0020761489868164062,4.568678140640259,0.3104228973388672,508.4621696888572,2.0761489868164062,1.6978168487548828,508.3552405403701
2324,/Users/soneyeoluwasina/Downloads/Skin/Train/dermatofibroma/ISIC_0025622.jpg,0.0019538402557373047,4.570634841918945,0.31757450103759766,508.46328363092044,1.9538402557373047,1.6899967193603516,508.38570572688985
2325,/Users/soneyeoluwasina/Downloads/Skin/Train/dermatofibroma/ISIC_0026471.jpg,0.0018107891082763672,4.572446823120117,0.36162757873535156,508.48048975526,1.8107891082763672,1.7003345489501953,508.41500229073745
2326,/Users/soneyeoluwasina/Downloads/Skin/Train/dermatofibroma/ISIC_0027141.jpg,0.0017461776733398438,4.5741941928863525,0.30389881134033203,508.504864882502,1.7461776733398438,1.70684814453125,508.44354743903233
2327,/Users/soneyeoluwasina/Downloads/Skin/Train/dermatofibroma/ISIC_0032941.jpg,0.0016312599182128906,4.575827121734619,0.2689027786254883,508.5419396521854,1.6312599182128906,1.704726219177246,508.47252460786495
2328,/Users/soneyeoluwasina/Downloads/Skin/Train/dermatofibroma/ISIC_0030830.jpg,0.0021560192108154297,4.577983856201172,0.352935791015625,508.52079717288103,2.1560192108154297,1.703181266784668,508.50165242860487
2329,/Users/soneyeoluwasina/Downloads/Skin/Train/dermatofibroma/ISIC_0031257.jpg,0.0023789405822753906,4.580363988876343,0.3501882553100586,508.4748735375835,2.3789405822753906,1.6940546035766602,508.5317880552386
2330,/Users/soneyeoluwasina/Downloads/Skin/Train/dermatofibroma/ISIC_0033695.jpg,0.0015411376953125,4.581906080245972,0.32414722442626953,508.5219904540073,1.5411376953125,1.6963815689086914,508.56164939502224
2331,/Users/soneyeoluwasina/Downloads/Skin/Train/dermatofibroma/ISIC_0026313.jpg,0.0017309188842773438,4.583638906478882,0.2892637252807617,508.5479130359021,1.7309188842773438,1.6954994201660156,508.59158165279933
2332,/Users/soneyeoluwasina/Downloads/Skin/Train/dermatofibroma/ISIC_0029578.jpg,0.0020170211791992188,4.585657119750977,0.26690101623535156,508.54216508159664,2.0170211791992188,1.6922378540039062,508.62185430867925
2333,/Users/soneyeoluwasina/Downloads/Skin/Train/dermatofibroma/ISIC_0030015.jpg,0.0013818740844726562,4.587040901184082,0.22806358337402344,508.6067576589012,1.3818740844726562,1.6948413848876953,508.6518173049386
2334,/Users/soneyeoluwasina/Downloads/Skin/Train/dermatofibroma/ISIC_0025223.jpg,0.0021097660064697266,4.589151859283447,0.31546497344970703,508.59070947467666,2.1097660064697266,,
2335,/Users/soneyeoluwasina/Downloads/Skin/Train/dermatofibroma/ISIC_0029962.jpg,0.0014791488647460938,4.590632200241089,0.2195730209350586,508.6445391720494,1.4791488647460938,,
2336,/Users/soneyeoluwasina/Downloads/Skin/Train/dermatofibroma/ISIC_0028880.jpg,0.0017042160034179688,4.592337131500244,0.3050680160522461,508.6734560441266,1.7042160034179688,,
2337,/Users/soneyeoluwasina/Downloads/Skin/Train/dermatofibroma/ISIC_0031309.jpg,0.0016319751739501953,4.593970060348511,0.2882366180419922,508.710324468834,1.6319751739501953,,
2338,/Users/soneyeoluwasina/Downloads/Skin/Train/dermatofibroma/ISIC_0033790.jpg,0.0014629364013671875,4.595433950424194,0.27381038665771484,508.7658804853858,1.4629364013671875,,
2339,/Users/soneyeoluwasina/Downloads/Skin/Train/dermatofibroma/ISIC_0032114.jpg,0.0020589828491210938,4.597493886947632,0.28215599060058594,508.7554344858322,2.0589828491210938,,
2340,/Users/soneyeoluwasina/Downloads/Skin/Train/dermatofibroma/ISIC_0033626.jpg,0.0012767314910888672,4.598771810531616,0.25925159454345703,508.8315090218614,1.2767314910888672,,
2341,/Users/soneyeoluwasina/Downloads/Skin/Train/dermatofibroma/ISIC_0029130.jpg,0.0023012161254882812,4.60107421875,0.3087902069091797,508.7942268916481,2.3012161254882812,,
2342,/Users/soneyeoluwasina/Downloads/Skin/Train/dermatofibroma/ISIC_0025911.jpg,0.002020120620727539,4.603096961975098,0.33364009857177734,508.7878920097947,2.020120620727539,,
2343,/Users/soneyeoluwasina/Downloads/Skin/Train/dermatofibroma/ISIC_0027876.jpg,0.0012068748474121094,4.604305028915405,0.19770050048828125,508.8715854587765,1.2068748474121094,,
2344,/Users/soneyeoluwasina/Downloads/Skin/Train/dermatofibroma/ISIC_0029052.jpg,0.0015778541564941406,4.605884075164795,0.3065767288208008,508.91424138071335,1.5778541564941406,,
2345,/Users/soneyeoluwasina/Downloads/Skin/Train/dermatofibroma/ISIC_0025668.jpg,0.001538991928100586,4.607424020767212,0.2865762710571289,508.9611872990841,1.538991928100586,,
2346,/Users/soneyeoluwasina/Downloads/Skin/Train/dermatofibroma/ISIC_0031344.jpg,0.001276254653930664,4.608701229095459,0.21223068237304688,509.0371198699823,1.276254653930664,,
2347,/Users/soneyeoluwasina/Downloads/Skin/Train/dermatofibroma/ISIC_0026629.jpg,0.001500844955444336,4.610202074050903,0.3123512268066406,509.08831376619736,1.500844955444336,,
2348,/Users/soneyeoluwasina/Downloads/Skin/Train/dermatofibroma/ISIC_0029297.jpg,0.0015151500701904297,4.61171817779541,0.32025718688964844,509.1377897515932,1.5151500701904297,,
2349,/Users/soneyeoluwasina/Downloads/Skin/Train/dermatofibroma/ISIC_0026417.jpg,0.0019989013671875,4.613718032836914,0.2838716506958008,509.1338446089717,1.9989013671875,,
2350,/Users/soneyeoluwasina/Downloads/Skin/Train/dermatofibroma/ISIC_0025903.jpg,0.0017299652099609375,4.615448951721191,0.3328132629394531,509.15956921669317,1.7299652099609375,,
2351,/Users/soneyeoluwasina/Downloads/Skin/Train/dermatofibroma/ISIC_0030665.jpg,0.0018088817596435547,4.6172590255737305,0.3239936828613281,509.1765454306237,1.8088817596435547,,
2352,/Users/soneyeoluwasina/Downloads/Skin/Train/dermatofibroma/ISIC_0032138.jpg,0.0017418861389160156,4.619004011154175,0.22647380828857422,509.2006835933215,1.7418861389160156,,
2353,/Users/soneyeoluwasina/Downloads/Skin/Train/dermatofibroma/ISIC_0033554.jpg,0.0018367767333984375,4.620841979980469,0.25888919830322266,509.2145566098639,1.8367767333984375,,
2354,/Users/soneyeoluwasina/Downloads/Skin/Train/dermatofibroma/ISIC_0027044.jpg,0.0017981529235839844,4.622641086578369,0.32236194610595703,509.23269964322634,1.7981529235839844,,
2355,/Users/soneyeoluwasina/Downloads/Skin/Train/dermatofibroma/ISIC_0033780.jpg,0.0013959407806396484,4.624037027359009,0.2737541198730469,509.2952297021385,1.3959407806396484,,
2356,/Users/soneyeoluwasina/Downloads/Skin/Train/dermatofibroma/ISIC_0033810.jpg,0.0015711784362792969,4.625608205795288,0.2628021240234375,509.3384253876576,1.5711784362792969,,
2357,/Users/soneyeoluwasina/Downloads/Skin/Train/dermatofibroma/ISIC_0026789.jpg,0.001802206039428711,4.627411127090454,0.2479238510131836,509.35608167627737,1.802206039428711,,
